resp_id,county_fips,age,sex,educ,income,urban,weight,solar_support,wind_support
1,37003,74,1,1,99,3,1.069,3,3
2,37013,30,2,2,8,1,1.252,2,2
3,26107,26,2,1,9,2,0.929,4,4
4,13051,61,2,3,5,3,0.931,3,2
5,56029,79,2,2,1,3,1.321,3,2
6,48047,68,1,6,5,3,1.309,2,2
7,27051,19,2,5,3,2,0.691,5,5
8,38031,31,1,2,4,1,0.706,1,1
9,48171,85,2,3,8,2,1.497,2,2
10,06045,20,1,1,1,3,0.631,3,3
11,06091,63,2,4,3,2,1.506,3,2
12,18079,80,2,3,9,2,0.930,3,3
13,17007,32,1,4,7,2,1.074,5,4
14,12099,43,2,4,99,1,0.872,2,2
15,37137,78,2,6,7,3,0.500,3,2
16,18149,25,2,3,9,3,0.846,3,3
17,13115,83,1,3,99,1,0.952,2,2
18,26087,29,2,5,6,1,0.730,4,4
19,25007,57,1,6,3,2,0.914,3,2
20,26017,73,2,6,4,1,0.913,5,4
21,06093,55,1,1,9,3,1.541,4,4
22,27029,21,1,4,2,2,1.320,3,3
23,48381,24,1,2,7,3,0.927,2,2
24,18027,23,2,6,5,3,1.182,4,4
25,18081,19,2,4,1,2,0.773,1,1
26,42121,52,2,5,9,3,1.034,3,4
27,31001,58,2,4,9,3,1.342,3,3
28,55133,70,1,2,7,1,0.461,3,3
29,17147,26,2,3,9,1,0.456,3,2
30,13143,42,2,1,1,3,1.179,3,3
31,44007,51,1,4,3,1,1.643,3,2
32,55131,48,1,6,3,2,0.948,3,3
33,55075,51,2,3,9,2,0.534,3,2
34,29161,87,2,5,8,1,0.497,2,2
35,55027,50,1,3,3,2,0.994,3,3
36,12123,72,1,3,8,2,0.849,2,3
37,21149,62,1,4,9,3,0.572,4,4
38,55123,47,2,5,4,3,0.611,5,5
39,13131,56,2,5,9,2,1.830,4,3
40,46099,39,2,5,5,3,0.767,2,3
41,39111,23,1,4,4,1,0.496,4,5
42,05039,32,1,3,7,2,0.574,3,2
43,37097,73,2,6,9,3,0.597,2,2
44,05037,59,1,2,9,2,0.747,3,3
45,17047,64,2,3,6,3,1.968,3,2
46,04015,63,1,1,1,2,1.821,2,2
47,39057,71,1,3,3,2,0.835,3,2
48,39033,41,1,1,3,3,0.808,3,2
49,26041,42,2,6,5,3,0.663,3,2
50,16053,43,1,2,2,2,1.773,3,2
51,19185,74,1,4,8,3,1.301,2,2
52,31023,82,1,3,5,2,1.497,1,2
53,19089,79,1,5,6,1,1.774,3,3
54,06085,19,2,2,4,2,0.471,2,2
55,37017,71,2,6,3,2,1.256,2,2
56,18135,25,2,1,1,3,1.072,3,2
57,17047,63,1,1,9,2,0.799,2,2
58,26109,44,2,2,8,1,1.318,4,5
59,29133,21,1,2,5,2,1.018,4,4
60,18099,57,2,3,7,3,0.837,3,3
61,45091,27,2,3,8,2,0.612,3,3
62,47125,57,1,4,4,1,1.470,2,2
63,51820,86,2,3,3,3,0.723,2,3
64,13023,39,1,5,8,1,0.886,2,3
65,51045,35,2,2,3,1,1.873,4,3
66,05097,52,1,6,1,2,1.225,3,3
67,39009,27,1,1,2,1,1.791,2,2
68,26053,21,1,5,7,1,1.937,4,5
69,24027,43,1,4,3,2,0.619,4,4
70,02060,30,2,6,2,3,0.800,2,2
71,21163,18,2,5,4,1,1.187,3,3
72,48105,27,1,4,1,3,0.990,3,2
73,13269,19,2,4,3,1,0.949,3,3
74,18051,58,2,1,5,3,1.844,2,1
75,01045,72,1,2,8,2,1.743,2,3
76,13143,62,2,1,9,3,1.941,2,3
77,48177,76,1,5,4,2,1.873,2,2
78,48229,73,1,4,2,2,1.014,3,3
79,17163,60,2,3,6,2,1.014,2,1
80,54005,26,1,5,9,3,0.595,3,2
81,36095,86,2,5,9,2,1.817,3,4
82,46081,18,2,5,5,2,1.272,4,3
83,46129,26,1,1,8,3,1.804,2,2
84,17011,81,2,3,3,3,0.897,2,2
85,04015,60,1,3,5,1,0.508,2,1
86,20199,56,1,3,5,2,1.467,2,2
87,48013,86,2,4,7,3,0.778,3,3
88,48117,62,1,1,3,1,1.172,1,1
89,13101,86,1,6,99,2,1.242,1,2
90,26109,81,1,3,7,1,0.489,4,4
91,31035,31,1,2,7,3,0.738,2,2
92,16067,27,2,6,4,1,0.606,2,2
93,36095,72,1,5,6,2,1.798,3,2
94,05093,39,2,5,3,1,0.976,4,4
95,13045,60,2,3,5,1,1.551,2,2
96,26067,50,1,2,5,2,0.859,2,2
97,06069,66,1,3,3,2,1.780,2,2
98,01133,69,1,6,4,2,1.201,1,2
99,45061,36,1,2,2,1,1.074,3,3
100,04015,79,1,1,2,3,1.803,3,3
101,24043,58,1,3,2,1,1.875,2,1
102,55119,87,2,3,8,3,0.668,4,4
103,48335,42,1,3,4,1,0.480,3,3
104,04015,81,2,4,4,2,0.776,1,1
105,19087,72,1,4,9,2,0.966,3,2
106,26121,47,2,5,2,2,1.002,3,3
107,51690,57,1,6,7,2,1.924,3,3
108,01013,33,1,6,7,3,1.559,3,3
109,30011,42,1,3,5,1,1.945,5,5
110,48101,42,2,3,1,2,1.755,2,1
111,18079,53,2,6,7,1,1.494,3,3
112,28017,81,1,5,2,3,1.878,2,2
113,19187,32,2,5,4,2,1.761,4,3
114,46019,83,1,1,6,1,0.516,2,2
115,22031,80,1,4,5,1,1.396,4,4
116,16063,47,1,1,9,1,0.710,2,2
117,13023,20,2,3,4,2,1.583,3,3
118,18105,43,2,6,8,1,0.565,2,2
119,55107,37,1,3,5,2,1.981,3,3
120,21021,72,1,4,1,3,0.493,2,1
121,05013,27,2,4,9,1,0.401,3,3
122,29011,31,2,6,5,1,1.588,4,4
123,28011,59,1,2,3,2,1.806,1,1
124,24043,56,2,2,3,1,1.104,2,2
125,27073,87,2,1,3,3,1.683,2,2
126,51143,35,2,4,1,1,1.409,3,3
127,18033,59,2,3,3,2,1.185,1,1
128,31125,86,1,2,8,3,0.469,2,2
129,20059,67,2,1,2,2,1.003,3,2
130,48507,77,2,3,1,1,1.756,2,2
131,26129,84,1,1,1,2,0.884,2,2
132,17175,29,1,3,5,3,1.661,3,2
133,28017,73,2,5,4,1,1.021,3,3
134,50025,76,1,4,5,2,1.091,4,4
135,53033,71,2,5,5,2,1.016,2,2
136,23001,20,1,3,6,1,1.165,4,4
137,06083,45,2,6,1,1,0.994,2,2
138,13199,40,2,4,9,3,0.697,4,4
139,55019,28,2,1,5,2,1.912,3,3
140,22105,50,2,4,2,1,0.734,3,2
141,48261,52,2,6,8,1,0.978,2,2
142,38041,79,1,4,1,3,0.701,2,2
143,37039,77,1,5,6,3,0.793,2,1
144,26145,85,2,3,8,2,1.759,3,3
145,05023,23,2,5,6,3,1.465,3,3
146,48305,24,1,1,2,2,0.444,2,3
147,45061,66,2,4,6,1,1.211,2,1
148,12101,74,2,3,6,3,0.823,1,1
149,15007,36,1,2,2,2,1.141,2,2
150,47071,86,1,4,4,2,1.846,2,3
151,29087,26,1,4,9,3,0.864,3,3
152,49023,26,1,1,4,1,1.076,2,1
153,05037,57,2,4,99,3,1.287,2,1
154,22105,56,2,4,7,1,0.666,2,2
155,40019,60,1,6,5,1,0.508,4,4
156,02261,45,2,4,1,2,1.603,2,1
157,26051,20,1,5,6,3,1.139,4,3
158,39031,30,1,3,2,3,0.418,2,3
159,51025,44,2,3,2,1,1.723,1,1
160,21045,77,1,3,5,1,0.786,3,3
161,26037,38,2,4,9,1,1.048,2,1
162,13067,56,1,4,3,1,0.752,3,2
163,42077,44,1,6,9,2,1.754,3,3
164,13185,51,2,2,5,2,1.994,4,4
165,21147,56,2,1,3,3,1.358,1,1
166,48299,38,1,4,99,1,1.404,4,3
167,46079,80,1,1,4,2,1.691,2,2
168,36099,78,1,2,4,2,0.458,4,4
169,27067,23,1,6,9,2,1.411,5,4
170,51735,60,1,4,5,2,1.902,2,2
171,39089,59,2,3,3,3,0.853,1,1
172,39089,45,1,1,5,3,0.450,1,2
173,31133,54,2,3,5,3,1.451,2,2
174,55043,32,2,5,6,3,1.792,4,4
175,16059,72,1,4,6,2,1.119,4,3
176,17179,51,1,3,8,2,1.745,3,2
177,42109,43,1,6,7,1,1.068,5,5
178,42075,80,2,6,4,2,1.777,2,2
179,12099,83,1,2,2,1,1.730,1,1
180,27045,54,1,2,2,1,1.949,4,5
181,54021,77,2,6,99,3,1.724,3,2
182,46081,61,1,4,4,1,1.432,4,4
183,16063,51,1,5,7,1,1.457,4,4
184,37047,45,1,5,5,1,0.945,2,1
185,46125,63,2,6,9,3,1.983,2,2
186,39165,50,1,4,4,3,1.700,3,2
187,40117,26,1,4,6,3,1.946,2,3
188,45077,26,2,5,1,2,0.578,5,5
189,16063,69,2,2,5,3,1.575,5,4
190,30051,50,2,6,4,2,1.145,5,5
191,48013,45,1,1,99,1,1.667,2,1
192,04012,62,2,3,3,1,0.696,3,3
193,28121,59,1,2,6,1,0.540,1,1
194,42007,51,2,3,3,3,0.948,4,5
195,31179,56,1,1,5,1,1.263,2,1
196,01109,59,2,1,7,1,0.859,1,2
197,22031,73,2,2,1,3,1.799,2,1
198,33011,44,1,3,7,2,0.976,4,4
199,05121,83,2,1,8,2,0.899,1,2
200,18093,49,2,1,9,1,1.472,2,2
201,48003,66,2,5,9,3,1.500,3,2
202,16075,61,1,2,7,1,0.506,3,3
203,48303,78,2,5,7,2,0.414,5,5
204,05037,67,1,4,3,1,0.760,4,4
205,28103,34,2,2,4,1,0.698,2,2
206,48467,62,2,3,9,3,1.821,3,3
207,17097,62,2,6,2,1,1.562,3,4
208,29119,39,2,6,6,1,1.169,2,2
209,13261,66,1,5,6,2,0.724,3,2
210,18087,26,1,1,2,3,0.670,3,2
211,04015,59,1,1,2,1,0.580,3,2
212,19095,30,2,6,3,1,0.549,4,3
213,26115,78,1,2,3,2,1.757,2,3
214,19043,58,2,3,3,2,1.457,3,4
215,22105,69,2,5,1,3,0.612,3,1
216,31083,32,1,5,8,1,0.969,5,5
217,24001,41,2,1,8,3,1.036,2,2
218,13153,41,1,1,5,1,0.959,1,1
219,49037,29,2,3,6,1,1.019,3,3
220,19113,49,2,6,6,1,1.282,5,5
221,42075,73,2,1,3,2,1.102,3,3
222,01041,73,2,4,6,2,0.755,2,2
223,40027,41,1,6,6,1,1.695,2,2
224,31015,40,2,4,7,3,0.773,4,3
225,51057,80,2,5,3,2,0.888,4,4
226,47133,64,2,5,4,2,1.158,5,4
227,13223,32,1,6,8,3,1.657,3,1
228,12081,28,1,3,7,2,0.626,1,1
229,06003,84,1,1,8,1,1.853,2,2
230,36025,52,1,1,6,3,0.411,5,5
231,18181,68,2,5,9,3,1.013,3,2
232,53075,69,2,1,5,1,1.413,4,4
233,51107,62,1,6,6,1,1.382,3,3
234,05085,47,2,5,2,2,1.070,2,1
235,08087,30,2,2,1,1,1.968,2,2
236,01053,75,2,5,7,2,1.006,3,3
237,16063,19,1,1,9,1,0.668,2,2
238,18075,48,2,4,9,2,0.793,1,1
239,26009,63,1,4,3,2,1.207,3,3
240,04015,19,2,5,99,3,1.231,2,2
241,04015,64,2,2,7,3,1.671,1,1
242,48287,64,2,6,4,2,1.342,4,3
243,04015,83,2,4,7,1,1.439,2,2
244,40055,55,2,1,5,2,1.813,1,1
245,49037,60,1,4,6,1,0.521,4,4
246,46099,22,2,5,2,3,1.389,4,4
247,18039,84,2,1,9,1,1.434,2,2
248,49055,78,1,1,9,3,1.754,2,2
249,20027,39,1,2,5,3,1.915,2,1
250,46059,31,2,4,6,3,0.426,4,3
251,48459,82,1,1,8,1,1.738,2,2
252,18091,27,1,4,1,2,1.646,3,2
253,30033,39,2,4,99,3,1.920,3,4
254,48271,71,1,2,7,2,0.690,1,1
255,24001,72,2,4,8,1,1.796,3,2
256,18077,25,2,6,9,3,0.524,3,2
257,54025,80,1,4,8,3,1.842,2,2
258,27027,42,1,1,1,2,0.696,2,2
259,48441,81,1,2,5,2,0.975,2,1
260,13233,76,1,4,2,2,0.989,2,2
261,46081,26,1,6,4,1,0.865,5,5
262,48265,35,2,3,8,3,0.862,3,2
263,28131,83,2,4,4,2,0.846,1,1
264,54093,46,2,5,4,1,1.254,5,4
265,54015,53,1,5,6,2,0.881,4,4
266,55141,49,2,5,4,3,1.100,2,2
267,48381,55,1,3,6,2,1.418,2,1
268,01079,35,2,5,7,3,0.846,4,4
269,27131,41,1,1,7,3,1.952,1,1
270,06005,45,2,2,6,2,1.945,3,2
271,46081,79,2,5,9,3,1.003,5,5
272,31071,31,1,6,99,1,1.128,3,3
273,38017,46,2,3,7,3,1.653,4,3
274,29119,72,1,4,6,1,1.087,3,2
275,04015,73,2,3,3,2,1.834,3,3
276,31041,82,1,5,6,2,1.621,3,3
277,37053,75,1,5,1,2,1.667,2,1
278,29095,39,2,2,6,1,1.101,1,1
279,31003,65,2,2,4,2,1.900,2,2
280,28143,82,1,3,8,2,1.959,4,3
281,53053,77,1,3,3,2,1.293,2,1
282,13121,18,1,3,2,2,0.932,4,3
283,41023,49,2,4,5,3,1.500,4,4
284,47069,52,1,1,5,2,1.998,2,2
285,16021,48,2,4,9,1,1.059,4,4
286,04015,86,2,3,6,1,0.870,3,2
287,48465,50,2,6,2,3,1.124,2,2
288,36039,84,1,2,3,1,1.762,3,3
289,21075,23,2,2,8,3,0.409,2,1
290,13161,39,2,3,2,2,1.747,2,2
291,55105,64,2,1,6,1,0.744,3,3
292,13199,19,1,1,1,2,1.361,3,3
293,02275,82,1,3,7,2,1.371,1,1
294,31153,71,2,5,5,1,0.556,3,3
295,21219,54,1,1,1,3,1.175,2,1
296,48041,84,2,2,7,3,1.426,2,3
297,17053,43,2,4,5,1,1.446,4,3
298,46099,78,1,3,8,2,0.773,2,2
299,30033,21,2,4,1,1,1.136,3,2
300,41021,29,1,1,8,1,0.647,4,4
301,04015,72,1,2,6,3,1.566,3,2
302,51083,78,2,1,9,1,1.504,3,3
303,20147,61,2,1,5,1,1.605,2,2
304,28103,42,1,1,6,2,0.933,4,3
305,31001,60,1,5,7,1,0.596,5,4
306,04015,29,2,4,9,3,1.616,1,2
307,25005,38,2,3,7,2,0.743,3,2
308,48017,51,1,5,8,2,1.441,2,3
309,16063,65,2,1,2,2,0.478,2,2
310,40067,18,1,4,7,2,0.680,3,2
311,38075,76,1,5,3,2,0.713,3,2
312,27033,74,1,4,7,2,1.776,3,3
313,36059,27,2,3,7,3,0.886,3,3
314,18053,73,2,6,3,2,1.991,2,1
315,04015,20,1,6,4,2,1.279,4,4
316,02261,87,2,5,3,3,1.769,3,2
317,51730,76,2,1,9,2,1.649,3,3
318,19089,40,1,5,6,1,1.788,4,3
319,18053,57,2,1,4,2,1.615,3,3
320,23031,44,1,6,3,3,1.930,4,3
321,04015,27,2,6,1,2,1.498,3,4
322,31183,40,1,4,3,3,1.088,2,1
323,48117,29,2,1,5,3,0.760,3,3
324,17013,47,1,5,4,1,1.811,4,3
325,18079,66,2,3,9,2,0.941,3,3
326,56009,42,2,6,3,1,1.205,5,5
327,48433,20,2,2,3,1,1.528,2,2
328,02090,67,1,5,6,3,1.540,1,1
329,49043,60,1,1,9,2,1.430,2,2
330,48255,27,1,6,6,2,0.648,2,3
331,48287,54,1,6,99,1,1.654,3,3
332,29185,52,1,2,3,2,1.872,2,2
333,19047,24,1,1,3,3,0.917,3,3
334,46099,74,2,1,4,2,1.274,4,3
335,45065,66,2,4,6,1,1.140,3,3
336,27101,23,1,3,7,3,0.559,3,3
337,06057,75,2,5,2,3,1.366,2,3
338,08021,77,2,3,99,2,0.854,2,2
339,04015,41,2,5,5,1,0.617,5,5
340,40009,36,1,5,9,2,0.434,4,4
341,20039,38,2,6,2,1,0.613,3,4
342,19153,43,2,3,99,2,0.986,3,3
343,25025,25,2,5,8,3,0.801,5,4
344,08089,52,1,5,9,2,0.619,4,4
345,26141,20,1,4,4,1,1.751,2,3
346,31133,53,1,2,2,1,0.885,3,3
347,20085,45,2,3,9,1,0.413,3,3
348,37185,79,2,3,9,2,1.455,3,3
349,22019,76,1,2,6,2,1.663,1,1
350,20189,37,2,3,8,3,1.055,3,2
351,46003,38,2,3,1,3,0.728,4,3
352,47033,61,2,4,8,2,0.619,3,2
353,30033,53,2,5,1,2,1.372,2,2
354,37197,39,2,5,2,2,0.857,3,2
355,27119,50,1,1,1,1,1.193,4,4
356,27127,43,1,6,2,2,0.575,4,4
357,17093,47,1,5,3,2,1.964,3,3
358,35039,48,2,4,8,1,1.619,3,2
359,48381,19,1,5,9,1,1.020,3,2
360,22045,24,1,6,8,3,0.553,2,1
361,48275,77,1,5,4,1,1.603,2,1
362,46053,67,2,4,99,3,0.712,3,2
363,26133,20,2,1,4,3,1.304,3,2
364,04015,19,2,6,7,3,0.912,2,2
365,27125,27,2,3,7,1,0.468,2,2
366,20093,48,1,6,7,1,1.677,4,4
367,13229,52,1,5,1,3,1.249,2,2
368,06085,52,2,3,5,3,0.715,2,2
369,17147,46,1,5,3,3,1.991,2,2
370,48433,86,1,6,8,1,1.578,2,1
371,32009,57,1,4,2,2,1.606,3,3
372,05067,37,2,2,1,2,1.451,1,1
373,08021,45,2,3,9,1,1.309,2,2
374,29085,69,1,2,7,3,1.977,3,3
375,08087,32,1,1,3,3,1.309,2,2
376,40127,77,1,3,3,3,1.805,1,1
377,26127,47,1,5,3,2,1.881,5,3
378,01063,64,2,5,9,3,1.313,4,4
379,51181,45,1,2,8,2,1.659,2,1
380,26049,39,1,6,8,3,0.765,4,4
381,38017,54,1,6,99,2,0.435,3,3
382,08027,48,1,2,7,3,1.609,3,3
383,27059,41,1,6,99,2,0.989,3,3
384,36031,51,1,6,6,1,1.419,4,4
385,51187,31,1,5,5,1,0.549,2,3
386,41051,53,1,6,5,2,1.769,4,3
387,26067,77,1,1,6,2,1.040,2,2
388,31077,71,1,2,7,2,0.786,3,2
389,40071,40,1,6,5,3,0.458,1,1
390,36045,80,2,6,6,3,1.969,3,3
391,45085,36,1,6,8,1,1.272,4,3
392,02290,85,1,4,9,3,0.586,1,1
393,42065,35,1,1,5,2,1.421,3,3
394,47151,67,1,4,5,1,0.827,3,4
395,37197,40,1,1,9,2,1.150,3,3
396,02188,23,2,2,2,2,1.542,1,1
397,22035,84,2,6,5,2,0.715,3,3
398,31183,55,1,6,6,3,1.346,3,4
399,24043,61,1,6,4,1,0.707,3,3
400,37087,45,1,3,6,3,1.045,2,2
401,30033,83,1,1,7,3,0.629,3,3
402,19177,35,1,3,5,2,1.257,2,2
403,06017,28,2,5,1,2,1.224,3,3
404,47151,49,2,1,4,1,0.798,3,2
405,38019,44,2,1,3,1,1.130,2,1
406,51171,56,2,2,3,1,0.666,3,3
407,48075,27,1,6,2,1,1.698,3,2
408,18093,73,2,5,5,1,1.860,4,3
409,31143,47,2,1,4,2,1.007,3,3
410,37081,34,1,3,7,1,0.748,3,1
411,48161,84,1,3,2,2,1.507,1,1
412,46099,18,2,2,6,3,0.811,3,4
413,37161,72,2,6,2,2,0.691,3,3
414,48441,34,1,3,8,3,1.581,3,2
415,19051,68,2,1,7,2,1.314,3,2
416,20003,52,2,3,2,1,1.941,2,2
417,27125,74,1,4,99,3,0.752,4,4
418,48339,62,1,1,6,1,0.800,4,4
419,06107,29,1,5,1,3,0.437,4,4
420,06071,54,2,2,2,3,1.224,3,3
421,48031,35,1,1,8,3,0.824,1,1
422,51181,53,1,4,8,1,1.771,4,3
423,40083,50,2,1,6,1,0.791,3,3
424,29007,86,2,3,2,3,1.695,1,1
425,13111,24,1,5,1,2,1.385,3,3
426,02275,40,2,6,4,2,1.712,2,1
427,20029,82,1,4,2,3,1.256,3,3
428,51640,45,1,1,2,3,1.483,2,1
429,38041,64,2,2,6,2,0.864,2,1
430,38045,67,1,5,9,3,0.669,3,3
431,50025,53,1,3,4,2,1.125,3,3
432,12035,87,1,1,6,1,1.859,2,2
433,32027,46,2,1,7,3,0.473,3,3
434,04015,35,2,6,2,2,1.771,4,4
435,27119,87,2,2,7,2,1.455,2,1
436,01123,29,2,1,2,3,1.184,2,1
437,05107,64,1,5,5,3,0.934,3,3
438,39131,68,1,6,6,1,1.819,2,2
439,06059,45,1,6,1,3,1.332,2,2
440,35025,43,1,3,1,3,1.362,1,1
441,30073,71,1,4,9,3,1.226,2,1
442,42063,35,1,1,2,1,1.400,4,3
443,30109,86,2,1,9,2,1.230,1,1
444,38039,68,2,5,1,2,1.747,3,3
445,04015,22,1,1,4,2,1.866,4,4
446,54041,76,2,5,2,3,0.618,2,1
447,39083,35,2,1,2,2,0.477,2,1
448,49043,62,1,1,3,2,0.409,2,3
449,51690,75,1,1,99,2,0.734,4,5
450,55031,75,2,6,1,3,1.846,4,4
451,04015,64,2,4,6,2,1.934,1,1
452,08075,29,2,1,2,2,1.353,4,3
453,13271,44,2,3,2,1,0.624,2,2
454,20165,48,1,4,5,3,1.199,3,3
455,39083,25,1,3,1,3,1.180,4,3
456,45005,42,2,4,9,3,1.972,3,2
457,29011,38,1,4,7,3,1.210,3,2
458,56023,60,2,2,8,1,1.060,4,3
459,54049,32,1,6,7,1,0.907,4,3
460,31185,85,2,2,3,3,0.879,2,2
461,16063,47,1,3,4,2,1.706,4,4
462,02150,21,1,5,2,3,0.881,2,2
463,39139,67,2,3,7,2,1.209,2,1
464,05081,52,2,2,9,3,1.269,2,2
465,26073,28,2,5,9,3,1.090,3,3
466,18093,54,1,2,7,3,0.700,2,1
467,19069,35,2,4,7,2,0.421,3,2
468,24043,27,2,3,8,2,0.453,4,4
469,48209,40,1,1,6,2,1.260,1,1
470,37195,78,2,5,2,1,1.431,2,2
471,29119,59,2,1,5,3,1.971,3,3
472,56009,36,1,5,1,2,0.633,3,3
473,48449,60,1,2,2,1,1.320,5,4
474,37095,58,2,3,4,3,1.401,5,5
475,36073,61,1,5,3,3,0.890,3,3
476,39103,30,1,1,8,2,0.891,3,3
477,37101,40,1,6,9,2,1.870,2,2
478,54095,43,1,4,7,3,1.277,3,2
479,01117,43,2,1,5,1,1.874,2,3
480,26081,76,2,1,4,2,0.533,2,2
481,19113,77,2,3,8,2,1.111,3,2
482,26145,40,2,1,9,3,1.906,2,2
483,48297,57,1,5,3,2,1.293,1,1
484,19169,38,2,5,5,3,0.627,3,2
485,20033,38,1,4,3,2,1.447,3,3
486,27031,47,1,6,5,1,1.681,5,4
487,46053,62,2,5,1,1,0.975,4,4
488,48045,86,2,3,7,3,1.310,2,1
489,39085,27,2,6,3,3,0.565,2,1
490,13231,52,2,6,9,3,1.415,2,2
491,29053,71,1,6,1,3,1.988,3,3
492,21137,59,1,3,3,3,1.242,3,3
493,42075,61,1,2,1,3,0.767,1,1
494,40031,46,1,2,2,3,0.944,2,2
495,19185,35,1,3,6,2,1.050,2,1
496,12049,29,2,2,99,3,0.619,4,4
497,18111,36,2,5,9,1,0.767,3,3
498,49041,49,2,2,3,1,1.328,4,4
499,36095,39,2,4,3,2,0.732,3,2
500,19109,58,1,4,8,3,0.750,4,4
501,04015,82,2,4,2,3,1.443,2,1
502,48195,28,1,3,7,3,1.653,2,1
503,31137,62,2,5,7,1,1.711,3,3
504,22105,57,1,4,5,3,1.087,1,1
505,51181,51,2,5,3,2,0.797,4,4
506,31023,74,1,4,5,3,1.359,3,2
507,47067,51,1,3,3,2,0.851,3,3
508,04023,36,1,5,6,1,1.382,2,1
509,13265,45,2,4,2,2,0.999,4,4
510,12115,74,1,4,9,3,1.750,3,2
511,48131,75,1,6,5,2,0.855,3,3
512,19185,25,2,2,7,2,1.219,4,3
513,36097,41,1,5,9,3,0.739,4,4
514,22065,45,1,3,4,3,0.827,2,2
515,16063,65,1,5,7,3,0.441,2,2
516,31029,34,2,4,1,3,0.965,2,3
517,06069,73,2,1,2,3,1.668,2,2
518,27119,68,1,3,2,2,1.056,2,2
519,46035,19,2,5,4,1,1.695,4,4
520,35005,44,2,6,6,3,1.534,1,2
521,40011,61,2,2,4,1,1.698,1,1
522,39103,50,1,4,1,1,0.664,2,2
523,13143,75,2,3,4,2,1.063,2,2
524,04015,35,1,6,5,2,1.742,2,2
525,48213,34,2,4,1,2,0.977,2,2
526,47151,59,1,2,1,1,1.466,2,1
527,48101,81,1,5,3,3,1.114,2,1
528,37179,39,2,2,5,2,1.310,4,4
529,27091,45,1,1,8,3,0.612,1,1
530,19157,42,1,6,3,3,1.526,2,2
531,05107,49,1,3,7,1,1.015,2,1
532,17089,69,2,3,7,2,1.916,3,3
533,44003,75,2,5,6,1,1.183,3,4
534,40047,74,1,2,5,1,0.735,3,2
535,27125,24,2,4,1,1,0.626,3,3
536,19127,52,2,4,5,1,0.909,3,2
537,17163,82,2,6,4,1,1.679,3,3
538,17087,65,2,1,6,3,0.479,1,1
539,40011,21,1,6,8,1,0.940,3,2
540,53067,66,2,4,7,2,1.991,3,3
541,27125,78,1,6,5,2,1.799,3,3
542,49021,71,1,2,1,1,1.776,2,2
543,08109,85,2,6,3,2,1.937,2,1
544,06069,70,2,5,6,1,1.018,3,3
545,40089,52,2,6,4,3,1.153,2,2
546,13143,48,1,2,4,1,1.859,2,2
547,18079,27,1,2,8,2,1.622,3,3
548,13241,26,1,5,6,1,0.732,3,2
549,45051,39,1,5,4,1,1.913,3,3
550,04015,77,1,4,1,1,1.875,2,2
551,01035,44,1,3,7,1,0.648,2,3
552,53003,74,1,4,2,3,0.769,3,2
553,18093,58,2,5,8,1,1.389,3,2
554,17057,30,1,2,9,3,0.799,3,3
555,33019,66,2,2,6,2,0.595,1,1
556,31029,21,1,6,99,2,1.576,4,4
557,27111,25,1,6,7,3,1.788,3,3
558,13261,53,1,6,5,3,0.761,3,3
559,42075,31,2,1,4,1,0.880,4,4
560,26143,85,1,2,6,3,0.633,2,1
561,31125,63,2,5,5,2,0.589,5,5
562,19113,63,2,3,6,1,1.884,3,3
563,48219,26,2,2,9,1,1.283,3,3
564,20091,37,1,6,9,1,1.393,3,3
565,19149,71,1,1,6,2,1.650,2,3
566,04015,79,1,5,2,2,1.685,1,1
567,31171,85,1,6,9,3,1.264,4,3
568,12127,41,1,3,6,1,0.445,4,3
569,22105,21,1,2,9,1,1.194,2,2
570,51007,38,1,1,9,2,1.784,2,2
571,19063,40,1,5,6,3,0.778,3,3
572,55131,76,1,5,99,1,0.964,3,2
573,39083,28,1,5,6,1,1.404,5,4
574,26133,50,1,3,8,2,1.588,4,4
575,21003,35,2,6,4,3,0.480,3,3
576,29137,49,1,6,3,1,1.946,4,3
577,51047,65,1,6,6,2,1.444,4,4
578,13097,59,1,6,2,2,1.305,5,4
579,31147,74,2,4,3,2,1.823,3,2
580,27015,75,1,6,5,2,1.937,4,4
581,48497,69,1,2,1,2,1.066,1,2
582,01091,54,1,5,9,3,1.022,4,4
583,46069,71,1,1,7,1,1.340,3,2
584,51820,66,1,6,8,1,1.328,3,3
585,28131,51,1,2,9,2,1.406,2,1
586,26145,56,1,3,8,1,0.520,2,1
587,46081,48,1,5,5,2,1.651,5,4
588,13073,71,1,6,5,1,0.448,1,2
589,13143,22,1,4,3,2,1.303,3,3
590,28065,53,1,1,8,1,1.449,4,2
591,28029,79,1,4,99,2,1.718,4,3
592,24041,85,2,6,4,1,1.523,3,2
593,20021,18,1,4,6,3,0.654,2,1
594,42085,73,2,3,7,2,1.126,4,4
595,24043,36,1,5,8,1,1.703,5,5
596,18079,83,1,1,8,3,1.456,3,3
597,48391,24,1,5,8,3,1.084,2,2
598,26011,72,1,1,3,1,1.853,1,1
599,19013,32,1,6,8,2,1.333,5,5
600,05037,57,1,4,7,1,1.161,3,2
601,19179,76,2,2,7,3,1.884,2,1
602,35028,72,2,6,5,2,1.788,4,4
603,29053,70,1,2,3,2,1.477,2,3
604,16071,54,2,3,3,2,1.298,3,3
605,05133,55,2,2,3,3,0.530,2,2
606,36091,58,1,2,2,3,1.081,1,1
607,46027,65,1,4,1,2,0.717,4,4
608,26109,20,2,6,99,3,1.689,3,3
609,46081,18,2,5,1,2,0.916,4,4
610,55141,63,2,6,2,1,0.538,2,2
611,04015,50,1,1,2,2,1.683,3,2
612,20007,45,1,2,6,3,1.593,3,4
613,40097,50,2,2,9,2,1.716,2,1
614,27125,32,1,3,2,2,1.107,3,3
615,20007,82,1,4,6,1,1.245,2,2
616,28017,34,1,5,9,1,1.800,2,2
617,45065,32,1,3,8,1,1.676,2,1
618,04015,60,2,2,4,3,1.047,3,1
619,37085,28,2,3,3,3,1.245,2,2
620,17017,77,1,2,8,3,0.442,4,4
621,04015,87,1,3,3,2,1.860,2,2
622,04015,41,2,3,8,3,0.889,1,1
623,27163,18,1,5,2,2,0.584,3,4
624,48479,74,1,1,4,3,1.256,2,2
625,48253,31,1,4,4,3,0.610,3,2
626,24011,27,1,2,5,1,1.393,4,3
627,31071,71,1,4,5,1,1.354,3,1
628,26067,69,1,4,1,2,0.705,3,3
629,26049,66,1,4,8,3,0.862,3,2
630,51155,39,2,5,3,3,0.978,2,2
631,40009,56,2,2,7,1,1.146,3,2
632,04015,87,2,6,3,2,1.647,2,1
633,48471,39,2,3,6,1,1.213,1,1
634,46017,83,2,4,3,1,1.869,4,4
635,22105,19,1,5,1,2,0.819,4,5
636,01105,75,2,4,9,3,1.956,1,2
637,18149,47,1,4,2,1,1.873,2,2
638,17161,51,1,1,2,2,1.388,4,3
639,16063,36,2,4,5,2,1.831,5,5
640,28119,20,1,2,4,3,0.514,2,1
641,47009,37,1,5,99,3,1.433,3,3
642,13167,68,1,6,2,1,1.965,2,1
643,51109,57,1,4,1,2,1.114,1,2
644,40013,68,2,2,1,1,1.207,1,1
645,17165,45,2,6,6,1,1.883,3,3
646,04015,65,1,5,7,1,1.053,3,3
647,36095,25,1,1,8,3,1.193,4,3
648,29159,31,1,5,8,3,0.634,3,2
649,04015,30,2,5,1,1,0.609,2,1
650,51590,70,2,2,1,3,1.693,3,4
651,36013,63,2,1,5,2,1.781,3,2
652,46047,75,1,5,5,3,1.982,5,3
653,02275,74,2,2,6,2,1.431,2,1
654,55023,22,1,4,1,2,1.661,4,3
655,39041,61,1,2,9,3,0.912,3,2
656,17107,73,1,4,6,2,1.538,3,3
657,19181,62,1,6,8,3,0.837,3,2
658,46013,46,2,6,6,1,1.611,3,3
659,06093,31,1,1,9,3,0.722,3,3
660,55113,28,1,6,2,3,0.658,3,2
661,06089,79,1,4,6,1,1.076,2,1
662,34041,85,1,1,2,2,0.827,2,2
663,55113,58,1,6,8,3,0.484,4,4
664,28019,63,1,2,7,2,0.627,2,2
665,31077,47,2,4,5,3,0.553,4,3
666,13273,58,2,2,8,2,1.475,3,2
667,40111,27,1,5,6,2,0.725,5,5
668,05129,38,2,6,2,3,1.825,2,1
669,48015,37,1,6,6,1,0.501,4,4
670,30005,56,1,2,6,1,0.655,5,4
671,31137,64,1,1,1,2,0.490,4,4
672,48233,75,1,5,8,1,1.999,3,2
673,28075,55,1,2,1,2,1.081,2,2
674,18097,43,2,4,1,3,1.899,3,3
675,36081,75,1,3,1,3,0.508,3,2
676,48101,70,2,1,3,1,0.612,1,1
677,37195,53,1,6,7,1,1.552,2,2
678,48147,46,2,3,5,2,1.201,2,2
679,39011,64,1,5,2,2,1.867,3,3
680,27105,21,2,3,5,2,0.511,2,2
681,16063,50,2,6,4,2,1.817,5,5
682,46041,77,1,6,99,2,0.987,2,2
683,24021,52,1,6,5,1,0.951,3,2
684,26109,70,2,2,3,2,1.042,4,4
685,35053,41,1,1,99,3,1.329,3,2
686,48463,46,2,6,1,2,0.676,1,1
687,48417,50,1,4,8,2,1.380,2,2
688,16063,82,1,2,2,3,0.604,1,1
689,17135,34,2,6,2,1,1.558,4,3
690,48281,44,2,1,7,1,0.618,2,2
691,48471,49,2,2,6,1,1.079,2,1
692,29177,29,2,4,8,3,1.284,1,2
693,46049,29,2,1,2,1,1.243,4,5
694,51107,83,2,3,3,3,0.635,4,5
695,55053,41,1,4,7,1,1.130,2,2
696,06011,29,1,5,9,1,0.795,5,4
697,48053,68,1,6,3,2,0.937,2,2
698,16063,66,2,6,1,1,1.004,3,3
699,32015,41,2,3,4,3,1.824,3,2
700,48247,42,2,1,6,1,0.538,2,2
701,41025,78,1,5,9,2,1.381,2,2
702,31079,68,2,6,7,1,1.919,3,4
703,51750,43,2,1,6,2,0.703,3,4
704,41023,62,1,6,8,1,1.262,3,3
705,23031,41,2,4,1,3,0.669,4,2
706,31171,24,1,3,3,2,0.673,5,4
707,13129,59,1,5,8,3,1.192,2,1
708,37081,71,2,6,4,3,1.187,4,3
709,22001,85,1,4,4,1,1.201,3,3
710,02275,72,2,1,3,1,0.879,2,2
711,19147,37,1,5,6,3,0.914,4,4
712,26151,87,1,4,7,3,1.146,4,4
713,29097,19,2,2,5,1,1.801,5,4
714,46069,75,2,5,8,1,1.415,2,2
715,35059,52,2,3,3,3,1.212,1,1
716,01077,50,2,4,6,2,0.839,3,2
717,19089,66,1,1,6,1,1.029,1,1
718,28137,81,2,4,1,2,0.528,2,1
719,36073,80,2,6,5,3,1.660,5,5
720,48267,34,2,1,6,3,1.426,2,2
721,28111,50,2,6,1,3,1.145,3,3
722,48025,75,1,5,3,1,1.083,3,2
723,53041,39,2,3,7,3,1.965,3,3
724,05143,26,2,6,8,1,1.204,2,3
725,48243,52,2,1,1,2,1.904,2,2
726,21163,83,1,5,5,2,1.337,2,2
727,20037,37,2,2,9,3,1.977,4,4
728,33019,49,1,3,1,1,1.366,3,3
729,39067,44,2,1,8,2,1.468,2,1
730,19031,19,2,6,6,3,1.087,4,3
731,47179,80,1,4,6,1,1.441,4,3
732,04015,21,2,2,8,2,0.806,2,1
733,20047,23,2,4,7,1,1.874,5,5
734,29139,56,2,6,9,2,1.208,3,3
735,37057,56,2,2,2,2,0.706,3,2
736,45053,61,2,1,1,3,1.733,2,3
737,48065,75,2,2,8,3,0.836,3,3
738,22105,29,2,6,5,3,1.387,3,3
739,28065,60,1,4,4,1,1.267,3,3
740,22105,49,1,1,4,1,0.522,3,3
741,26077,18,2,2,5,2,0.779,4,4
742,27093,64,2,3,8,3,0.402,1,1
743,46003,53,1,6,4,3,1.513,2,3
744,01057,28,1,6,1,3,1.180,4,3
745,16063,37,2,5,6,3,0.715,3,3
746,31039,26,1,2,99,3,1.838,2,2
747,19059,63,1,2,9,3,1.995,4,5
748,48023,70,1,4,1,3,0.702,3,3
749,22055,49,1,1,2,2,0.545,1,1
750,48189,72,2,6,3,3,1.626,3,3
751,09007,47,1,5,2,2,0.489,3,3
752,29223,44,2,1,9,2,0.561,2,2
753,27093,52,1,4,7,3,1.518,2,2
754,48471,69,1,2,2,2,0.905,1,1
755,13059,87,1,1,6,1,1.182,1,1
756,06083,27,2,2,7,1,1.485,4,3
757,37003,81,1,2,2,2,1.499,4,2
758,21183,22,1,6,9,1,0.512,2,1
759,22105,22,2,1,5,1,1.348,2,1
760,04015,36,1,2,3,1,1.346,2,2
761,48311,62,2,2,7,1,1.904,2,3
762,19149,47,1,3,9,2,1.799,2,2
763,06083,52,1,5,8,1,0.557,3,2
764,17053,33,2,6,9,1,0.983,3,3
765,19139,60,2,4,6,2,0.526,2,1
766,29065,65,1,2,4,3,0.532,2,2
767,35013,28,1,3,5,1,1.838,3,3
768,24017,25,1,3,1,1,1.097,3,2
769,31125,71,2,4,2,1,0.525,2,2
770,22073,62,1,3,5,1,1.165,2,1
771,37075,41,2,3,4,3,0.477,3,2
772,21149,53,1,4,7,3,0.930,1,1
773,05053,31,2,3,9,1,1.817,2,2
774,19031,34,2,5,7,2,1.342,3,3
775,27087,67,2,6,7,3,0.478,2,2
776,05043,41,1,5,6,1,0.656,3,2
777,18093,26,1,6,5,3,0.520,3,2
778,22073,43,2,6,5,2,0.469,2,1
779,37181,19,2,2,5,2,1.390,1,1
780,37087,54,2,2,7,1,1.801,2,2
781,04011,38,1,1,2,2,1.830,2,2
782,08041,83,1,4,2,1,0.639,3,3
783,20137,65,2,2,4,2,1.132,2,1
784,37095,86,1,2,1,3,0.900,1,1
785,04015,33,1,4,1,2,0.923,2,2
786,48189,19,2,4,9,1,1.963,3,3
787,04015,82,2,5,4,1,1.096,1,1
788,46027,21,2,6,4,2,0.583,4,3
789,47055,83,2,2,8,2,0.789,1,1
790,39041,56,2,3,1,3,0.854,2,2
791,08039,79,1,1,1,3,1.569,4,3
792,23027,37,1,5,1,1,1.699,5,5
793,39039,51,1,1,4,2,1.625,3,3
794,19013,54,1,6,9,2,0.449,4,4
795,51159,50,2,1,3,3,0.690,1,1
796,04015,60,1,4,99,3,1.314,2,2
797,04015,75,2,4,7,1,1.522,2,1
798,40111,59,1,4,4,1,1.343,1,2
799,22109,35,1,5,5,1,1.219,2,1
800,13117,68,1,3,3,3,1.295,2,1
801,19081,62,2,5,5,3,0.617,2,2
802,16059,59,2,3,4,1,0.862,3,3
803,27029,55,2,3,9,1,1.194,2,1
804,48459,65,2,3,8,1,1.596,3,3
805,18147,35,1,5,2,1,1.972,3,3
806,51620,42,1,4,5,1,1.132,3,3
807,53045,20,1,3,8,1,1.865,4,5
808,27043,50,1,6,7,2,1.687,3,2
809,04015,52,2,2,2,3,0.842,4,3
810,42057,41,2,2,1,2,1.295,3,3
811,13097,62,2,3,9,3,0.412,4,3
812,46017,48,2,3,9,1,1.508,5,4
813,02275,45,1,4,1,1,1.111,2,2
814,04015,50,2,2,99,2,1.428,2,2
815,05129,43,2,1,1,1,1.646,1,1
816,19031,81,1,2,2,1,1.391,3,4
817,55075,44,2,5,5,2,1.589,3,3
818,36095,51,2,4,5,3,0.580,4,3
819,37143,30,2,3,2,3,1.795,3,2
820,01131,87,1,6,9,2,1.570,2,2
821,04015,21,2,3,6,1,0.937,4,4
822,36095,82,2,6,6,3,1.464,2,2
823,46007,55,1,5,2,3,1.327,2,2
824,39005,30,1,4,7,2,0.703,4,2
825,20023,71,1,2,3,2,1.253,1,1
826,40051,75,1,4,3,2,1.752,3,2
827,08057,69,1,3,1,2,1.971,3,4
828,48433,27,2,6,9,2,1.805,2,1
829,49015,72,2,3,8,1,1.755,2,1
830,19179,31,2,1,4,2,1.176,1,1
831,04015,73,2,5,5,2,0.540,3,1
832,35043,85,1,2,7,3,1.854,3,2
833,48233,69,2,5,2,2,1.855,2,3
834,42131,32,2,5,2,2,1.705,3,3
835,46069,26,2,2,3,3,1.768,4,3
836,48211,65,1,3,1,1,1.772,2,3
837,38065,46,2,2,5,3,1.233,4,4
838,28107,18,2,5,99,1,0.599,5,5
839,35037,44,2,6,1,3,0.703,1,1
840,27139,59,1,2,2,3,0.929,1,1
841,18031,56,2,4,6,1,1.378,2,2
842,20137,54,2,6,1,1,1.293,4,5
843,37141,87,1,5,6,1,1.746,2,2
844,26157,81,1,2,5,2,1.000,3,3
845,38021,28,2,4,4,1,1.377,4,5
846,27171,58,1,2,4,3,1.252,1,1
847,26119,79,1,2,3,3,1.112,3,3
848,48407,69,1,4,7,2,1.824,1,1
849,04015,76,1,2,1,3,1.963,3,3
850,37137,38,1,2,5,3,1.475,3,3
851,20161,42,2,2,3,1,1.178,2,1
852,18049,67,2,1,8,2,1.053,2,3
853,36095,24,1,1,2,2,0.823,3,3
854,06089,84,1,5,3,2,1.370,2,2
855,47005,68,1,2,9,1,1.748,2,1
856,27111,68,2,1,4,3,0.821,2,1
857,54031,42,1,5,8,1,0.743,2,1
858,55059,58,1,1,3,3,0.714,3,3
859,05097,45,1,2,3,1,1.635,3,1
860,48117,23,1,6,8,2,1.777,3,3
861,37147,85,2,6,2,2,1.855,2,1
862,48445,53,1,2,7,3,1.725,1,1
863,46003,26,2,3,8,1,0.841,3,2
864,49019,22,1,5,7,1,0.933,2,2
865,29169,23,1,5,5,2,1.188,3,2
866,19103,87,1,3,5,1,0.667,3,2
867,40079,81,1,3,4,3,1.774,3,3
868,55113,61,2,3,2,2,1.246,5,4
869,26039,34,1,1,1,1,0.448,3,3
870,34027,24,1,1,5,3,0.988,4,3
871,13025,71,2,3,9,2,0.661,1,1
872,48007,50,2,5,2,3,1.149,3,3
873,05115,20,2,3,9,2,0.606,3,3
874,04015,86,2,5,3,3,0.938,2,2
875,19127,80,2,4,4,1,0.974,3,2
876,38017,34,1,6,8,1,0.440,5,5
877,20101,56,2,5,8,3,1.878,2,2
878,18093,19,1,1,9,1,1.836,3,3
879,51133,21,2,5,2,3,1.097,3,3
880,21073,61,2,4,7,3,0.514,2,2
881,26001,43,1,1,8,3,0.675,4,3
882,48169,38,2,1,9,3,0.532,2,2
883,29186,50,1,5,9,3,1.702,3,2
884,24043,40,2,2,4,1,1.780,3,2
885,17037,49,1,3,6,2,1.164,2,1
886,05137,73,1,6,4,1,1.295,3,3
887,04015,63,1,5,7,3,0.499,4,4
888,29027,58,2,1,9,2,0.775,1,2
889,01095,74,1,4,9,1,0.543,1,1
890,40121,82,1,2,8,2,0.965,1,1
891,26137,42,1,5,6,2,0.647,3,3
892,26141,46,2,5,4,2,1.779,3,3
893,17049,53,2,1,3,3,1.408,3,2
894,20073,74,2,3,7,2,1.670,2,2
895,38065,22,1,2,7,2,0.792,4,3
896,48417,77,2,1,2,3,1.771,2,2
897,04011,30,2,4,5,3,1.638,3,2
898,39131,28,2,5,7,3,0.825,3,2
899,06063,52,2,6,3,3,0.886,4,2
900,06103,51,1,4,6,3,0.589,4,4
901,39031,19,1,2,9,2,1.802,3,4
902,27047,53,2,6,7,2,0.546,3,4
903,38039,27,1,5,9,1,0.445,5,5
904,04015,61,1,3,2,1,0.969,3,1
905,21039,39,1,2,99,1,0.440,2,2
906,20171,26,2,1,99,2,1.922,3,2
907,19159,60,2,5,5,3,1.789,3,2
908,20001,68,2,4,5,2,0.953,3,3
909,13021,47,2,6,9,1,1.435,4,4
910,19079,55,1,4,2,1,0.628,4,3
911,04019,52,1,1,8,2,1.067,1,1
912,54063,30,2,1,3,2,1.011,3,3
913,48191,19,1,6,7,1,1.707,2,3
914,04015,71,1,1,8,1,1.303,2,2
915,19043,63,1,1,9,3,1.523,2,3
916,46015,81,2,5,6,1,1.349,4,4
917,29071,68,2,6,6,2,1.795,2,1
918,28017,51,2,4,6,1,0.530,1,1
919,56027,68,2,3,1,3,0.836,4,4
920,27001,27,1,4,8,1,1.287,3,4
921,19061,21,1,6,8,2,0.669,3,3
922,36089,52,2,6,3,1,0.478,3,2
923,06015,39,1,6,4,2,0.569,4,4
924,19181,64,1,6,3,1,1.696,2,1
925,48505,36,2,5,2,1,1.469,1,1
926,48501,46,1,4,1,2,0.731,1,1
927,48077,34,2,1,8,3,1.486,2,2
928,36117,86,2,3,1,3,0.768,2,2
929,04015,87,2,3,5,2,1.188,1,1
930,20149,61,1,4,6,2,1.105,4,3
931,01055,59,1,6,1,1,1.683,1,1
932,22041,41,2,1,5,1,1.473,2,1
933,12069,69,2,5,6,3,0.686,1,1
934,01049,34,1,3,6,3,1.448,3,2
935,13059,26,1,1,1,2,0.447,4,2
936,46083,26,1,5,7,2,1.169,4,4
937,21055,61,1,1,3,3,1.745,3,2
938,48335,24,1,4,4,3,1.681,3,2
939,31039,42,2,1,2,3,1.837,3,2
940,26121,55,2,3,8,2,1.654,4,4
941,31043,77,2,2,8,3,1.229,3,2
942,20013,67,2,1,2,1,0.431,3,3
943,16017,26,2,2,6,2,1.206,4,4
944,42027,83,1,5,6,1,1.095,2,2
945,40095,48,2,4,2,1,1.732,3,3
946,17101,21,2,3,4,2,1.347,3,2
947,48189,26,2,4,7,2,1.323,1,1
948,31087,37,2,6,1,2,0.513,2,2
949,13111,25,1,2,7,3,0.743,3,4
950,55075,48,2,5,5,3,1.435,3,3
951,04015,27,1,5,3,3,1.104,3,3
952,36025,50,1,6,1,3,0.851,3,3
953,40021,43,1,2,2,2,1.126,4,3
954,55137,50,1,3,2,1,1.598,4,4
955,38021,55,1,4,3,3,0.816,1,1
956,39031,28,1,2,7,1,1.237,4,4
957,48195,42,1,1,3,3,1.070,2,2
958,16075,48,2,5,2,3,0.775,5,3
959,24019,19,2,2,9,3,0.440,4,3
960,45013,43,1,4,7,1,1.424,2,1
961,04015,38,2,5,2,2,1.102,3,3
962,31093,79,2,1,6,2,0.547,2,2
963,17177,85,1,3,3,3,1.058,3,3
964,28105,71,2,1,8,1,0.611,3,4
965,17053,82,1,2,1,1,1.873,3,3
966,29009,44,1,1,2,1,1.475,3,2
967,51530,24,1,4,5,3,1.876,3,4
968,47185,31,1,4,8,3,1.626,4,4
969,29213,52,1,1,1,1,1.214,1,1
970,19037,36,1,6,5,3,0.699,3,3
971,20059,52,2,5,9,1,0.537,3,3
972,46063,64,2,1,8,3,1.778,3,4
973,46081,81,1,4,5,3,0.847,2,1
974,04015,48,1,1,2,1,1.176,1,1
975,31167,36,2,1,5,1,1.022,2,2
976,40003,47,2,4,3,1,1.482,3,3
977,31029,80,1,4,3,1,1.649,2,2
978,13143,62,2,4,6,1,1.696,3,3
979,17065,26,2,4,1,3,1.366,4,3
980,29047,25,1,4,6,1,0.651,5,5
981,55083,21,1,3,5,1,0.730,3,2
982,45063,40,2,6,6,1,0.974,3,3
983,21067,84,1,1,3,1,1.291,2,1
984,28017,39,1,1,8,1,1.052,2,2
985,13245,43,1,2,2,3,0.468,2,2
986,39149,84,1,3,1,3,0.816,4,4
987,40127,42,2,6,3,1,1.757,3,3
988,08011,70,2,4,9,3,1.233,2,2
989,55001,73,1,1,99,2,0.427,2,2
990,29185,65,2,1,1,3,1.515,1,1
991,28017,71,1,2,7,2,1.752,1,1
992,17165,62,1,5,5,1,1.755,1,1
993,27013,57,2,6,4,1,0.553,3,3
994,20073,63,2,1,9,1,1.091,1,1
995,13199,30,2,6,4,3,1.615,4,3
996,40031,38,1,4,9,1,1.567,3,2
997,48345,54,2,5,4,3,0.414,1,1
998,49049,39,2,1,9,3,0.696,2,1
999,34035,84,2,3,8,2,1.595,3,3
1000,26087,56,1,6,7,3,1.934,2,3
1001,55021,71,1,4,2,1,1.855,4,3
1002,48271,82,1,4,1,1,1.691,1,1
1003,29151,19,2,4,6,3,1.405,3,2
1004,22109,56,2,3,7,2,0.441,4,4
1005,17065,20,2,4,2,3,1.131,4,3
1006,24025,77,2,2,6,1,1.972,2,3
1007,36095,63,1,2,9,1,1.185,4,3
1008,04023,30,1,2,6,3,1.374,1,2
1009,30063,75,2,3,7,3,0.801,3,4
1010,08001,38,1,3,9,1,0.500,2,2
1011,24011,70,1,5,5,3,1.133,3,4
1012,17047,30,1,5,4,1,1.810,3,4
1013,48169,78,2,4,1,3,1.758,3,3
1014,24023,56,2,6,7,2,1.224,4,4
1015,12039,35,1,1,3,3,1.418,1,1
1016,08057,76,2,6,1,3,1.019,4,4
1017,56045,65,1,4,1,1,0.760,2,2
1018,21211,23,2,5,8,1,0.864,3,3
1019,12029,32,2,1,5,2,0.856,2,2
1020,31139,18,1,3,4,1,0.581,3,3
1021,44003,80,2,3,9,3,1.577,4,3
1022,17063,66,2,5,1,3,0.661,4,4
1023,38017,50,1,2,8,1,0.947,4,4
1024,51595,25,2,1,9,3,1.099,3,2
1025,37123,86,2,5,4,2,0.798,3,2
1026,27097,47,1,3,2,3,1.298,4,5
1027,27051,43,2,1,1,2,0.418,4,4
1028,06061,76,2,3,9,1,0.598,2,2
1029,18099,58,1,5,7,1,0.942,4,3
1030,37189,54,2,2,8,3,1.420,3,3
1031,42055,87,2,2,2,3,0.982,3,2
1032,40035,33,1,4,8,1,0.977,2,3
1033,12065,20,2,2,3,3,0.888,2,2
1034,05095,28,1,3,3,1,1.234,2,2
1035,55095,52,1,5,3,2,0.929,5,5
1036,24043,82,2,5,9,3,0.715,3,2
1037,12049,77,1,3,5,3,0.720,3,3
1038,44003,74,1,3,2,1,1.882,4,5
1039,18093,24,2,5,3,3,0.795,3,3
1040,51003,77,2,3,5,3,1.717,3,2
1041,18137,81,2,1,8,3,1.991,2,2
1042,27119,56,1,1,2,1,1.075,3,2
1043,28115,83,1,5,3,1,0.850,1,1
1044,13131,70,1,5,4,3,0.721,1,2
1045,36095,63,2,2,4,2,0.694,3,3
1046,38017,25,1,1,4,1,0.668,2,2
1047,20123,26,2,6,3,3,1.014,4,3
1048,35055,52,1,1,7,3,1.525,3,3
1049,47113,73,2,5,6,1,1.823,2,2
1050,18175,55,1,4,3,2,1.826,5,4
1051,05073,42,2,1,3,3,0.779,3,3
1052,37149,47,2,4,3,1,1.371,3,3
1053,27091,87,2,6,1,1,1.544,3,3
1054,54089,34,2,4,6,1,1.562,3,3
1055,12111,48,1,1,2,3,1.756,2,2
1056,54043,63,1,2,6,2,1.560,3,4
1057,06063,22,1,6,4,1,1.355,3,2
1058,16063,52,2,2,9,3,0.442,5,5
1059,06029,59,1,4,6,1,0.809,2,1
1060,45047,48,2,4,6,1,1.972,3,3
1061,17093,63,2,5,3,2,0.901,2,3
1062,48119,76,1,2,3,3,1.901,2,1
1063,48079,25,1,6,9,1,1.143,2,2
1064,36007,74,1,4,3,2,1.574,4,5
1065,17165,71,2,3,99,1,1.933,4,4
1066,32029,37,1,1,2,2,0.598,3,3
1067,50011,22,1,5,8,1,1.145,5,5
1068,37155,85,2,1,1,2,0.751,2,1
1069,20187,29,1,2,9,2,1.239,3,3
1070,49021,51,2,3,2,2,1.771,1,2
1071,55135,47,1,5,3,3,0.657,4,4
1072,54047,31,1,4,7,2,1.319,2,3
1073,20089,24,1,6,6,1,0.862,2,2
1074,26153,19,2,3,9,1,1.387,3,2
1075,51540,71,1,2,3,3,1.096,3,3
1076,41025,25,1,1,6,1,0.820,3,2
1077,35051,45,2,3,5,3,0.562,2,1
1078,02188,77,1,5,4,3,1.738,2,1
1079,36095,76,1,3,4,3,1.225,3,3
1080,28051,41,1,3,2,2,0.771,2,1
1081,29095,45,1,4,5,1,1.172,2,2
1082,04015,82,1,6,1,3,1.268,1,1
1083,27019,82,2,2,3,3,1.301,3,3
1084,02275,30,2,1,8,2,1.834,2,3
1085,18129,72,2,3,7,3,1.432,2,2
1086,39085,38,2,4,2,1,0.488,3,3
1087,40027,36,1,2,1,2,1.119,3,3
1088,49037,52,1,3,9,1,1.647,2,1
1089,20089,22,2,1,1,3,0.807,3,2
1090,28157,69,2,2,1,3,1.546,2,1
1091,27019,39,1,4,3,1,0.794,3,2
1092,36057,41,1,3,4,3,1.137,2,1
1093,48421,25,1,5,6,1,1.963,4,4
1094,26025,35,2,1,1,3,0.945,3,3
1095,13239,84,1,3,2,2,0.506,1,1
1096,27119,68,2,4,7,1,1.626,3,3
1097,13199,22,2,1,99,3,1.022,2,3
1098,13213,59,2,4,5,1,0.426,2,1
1099,53033,22,1,3,1,1,0.850,3,2
1100,39083,82,1,5,8,3,0.895,3,3
1101,46125,39,2,2,8,1,0.839,3,3
1102,30063,75,2,2,7,3,1.123,4,3
1103,39041,79,2,5,4,3,1.264,1,1
1104,31143,48,2,1,8,1,1.773,1,2
1105,19001,67,2,2,7,2,1.692,3,3
1106,21219,21,1,1,7,2,0.522,2,3
1107,31125,56,2,4,9,3,0.785,2,2
1108,16067,69,2,4,1,2,1.167,3,2
1109,18079,84,1,3,5,3,0.456,2,2
1110,18123,73,2,1,8,2,1.826,3,4
1111,16081,67,1,1,4,3,1.972,4,3
1112,08103,80,1,6,7,1,0.613,4,3
1113,01047,65,1,4,9,1,0.925,2,2
1114,46017,44,1,3,8,1,1.786,4,3
1115,48293,55,1,4,4,3,1.491,3,3
1116,40025,76,1,3,3,2,1.166,1,1
1117,21195,52,1,2,5,3,1.339,1,1
1118,42097,20,1,3,1,1,0.778,3,2
1119,21135,26,2,6,5,3,0.859,2,2
1120,38017,66,2,2,6,3,1.923,4,5
1121,48195,46,2,4,6,1,1.391,3,2
1122,48301,56,2,2,7,1,0.572,3,2
1123,19177,50,2,2,7,1,1.924,2,3
1124,13015,57,1,2,3,1,1.684,2,1
1125,29157,73,1,5,4,3,1.066,3,2
1126,37069,77,1,6,1,2,0.807,3,2
1127,49043,18,2,4,5,1,1.430,3,3
1128,48311,57,1,6,99,1,1.360,2,1
1129,27143,46,2,1,7,3,1.279,4,4
1130,48445,51,2,6,1,1,1.119,2,2
1131,48115,20,2,5,6,1,1.588,2,2
1132,46025,42,1,2,7,3,1.945,4,3
1133,22015,74,1,1,2,1,0.996,3,2
1134,28013,52,1,5,8,2,0.555,3,3
1135,13265,60,1,6,4,2,1.745,2,1
1136,12035,68,2,1,99,1,1.137,3,2
1137,24001,25,2,3,6,2,1.854,2,2
1138,22077,42,2,6,7,2,1.364,3,3
1139,04015,38,2,3,4,3,1.489,3,3
1140,27083,25,1,2,6,1,0.559,3,3
1141,39089,36,2,1,5,2,0.533,1,1
1142,30079,75,1,2,4,2,1.851,5,4
1143,48125,76,2,6,2,1,1.470,1,1
1144,19013,86,2,2,3,2,1.352,1,2
1145,56035,26,2,6,5,3,0.597,3,3
1146,51143,85,1,2,5,2,1.194,3,3
1147,35017,43,2,6,6,3,0.602,3,2
1148,04015,51,2,1,7,2,1.303,3,4
1149,26133,82,1,1,1,3,0.871,2,2
1150,20067,67,2,2,1,3,1.688,2,1
1151,01053,23,2,4,2,2,1.708,2,2
1152,29163,18,1,1,9,1,1.641,3,3
1153,12101,54,1,3,8,1,1.214,1,1
1154,13023,47,2,3,8,1,0.770,3,3
1155,49005,75,2,3,7,3,1.716,3,2
1156,38017,40,2,2,6,1,1.374,2,2
1157,06005,35,1,3,3,3,0.944,3,2
1158,48283,37,1,3,7,1,0.777,3,2
1159,53065,85,2,3,7,3,0.564,3,3
1160,29015,19,2,6,8,1,1.669,4,3
1161,55053,31,2,1,5,1,1.229,3,3
1162,49005,37,2,1,2,1,0.809,2,2
1163,19153,55,1,3,4,1,1.101,3,3
1164,42057,73,2,1,3,2,1.898,3,3
1165,47145,55,2,1,2,1,0.902,2,2
1166,09013,70,2,2,2,3,1.583,3,3
1167,48265,24,2,1,1,2,1.977,1,1
1168,22105,71,2,3,6,1,0.601,3,2
1169,22105,69,1,1,6,2,0.537,1,1
1170,04015,21,1,2,3,2,1.500,3,3
1171,01033,57,2,6,8,1,1.008,5,4
1172,18113,60,1,6,2,3,1.910,2,3
1173,19179,85,1,1,99,3,1.655,2,2
1174,16029,67,2,2,2,2,1.847,3,3
1175,48155,24,2,6,2,2,1.508,4,2
1176,04015,46,2,3,1,1,0.633,2,1
1177,19055,21,1,1,6,2,1.565,3,3
1178,18113,58,2,5,3,3,1.104,3,4
1179,20151,19,1,1,7,3,0.947,1,1
1180,38099,76,2,6,4,3,0.632,3,2
1181,04011,21,1,2,3,2,1.095,3,3
1182,48133,33,1,6,7,2,1.645,4,4
1183,39141,57,1,1,3,1,0.443,2,2
1184,42115,22,1,3,9,3,0.540,4,5
1185,30077,81,2,2,9,3,0.772,3,2
1186,48235,44,2,3,1,2,0.433,2,3
1187,51650,45,1,5,3,3,1.364,2,3
1188,02164,40,2,3,7,3,1.826,2,1
1189,48125,75,1,1,9,1,0.475,4,3
1190,29093,53,1,2,3,2,0.599,2,1
1191,21119,32,1,6,4,1,1.911,4,4
1192,48497,40,1,3,9,2,1.920,3,3
1193,56037,26,2,4,9,3,1.794,2,2
1194,51760,61,1,2,5,2,1.057,3,3
1195,31045,87,1,1,4,3,1.520,4,4
1196,13199,47,2,2,2,2,0.925,2,1
1197,29137,31,2,5,4,3,1.399,3,2
1198,48325,26,2,6,2,3,1.054,2,3
1199,27119,65,1,3,99,1,0.908,2,2
1200,13233,85,2,3,1,3,1.539,3,2
1201,46071,18,1,6,7,1,1.708,5,5
1202,38035,19,2,3,3,1,1.305,3,3
1203,27133,78,2,5,5,3,0.849,4,3
1204,04015,68,1,3,2,3,0.848,2,2
1205,29113,43,1,6,2,3,1.748,3,3
1206,26123,20,1,6,3,1,1.641,5,5
1207,21139,55,2,2,99,2,0.448,4,3
1208,26075,29,1,1,3,3,1.610,3,3
1209,31171,40,1,6,7,3,1.831,2,2
1210,46043,46,1,5,8,3,0.909,3,3
1211,45027,56,1,3,4,2,1.327,2,1
1212,41023,72,2,6,6,3,1.556,4,4
1213,46091,85,1,3,9,3,1.938,3,3
1214,21009,66,1,5,4,3,1.454,4,4
1215,27101,87,1,2,8,1,0.822,5,4
1216,55123,30,1,2,99,2,1.454,3,3
1217,12043,78,1,5,2,1,0.670,2,2
1218,48101,34,1,5,4,2,0.959,3,3
1219,55063,36,2,5,9,1,1.084,4,4
1220,54029,20,2,2,1,3,0.661,3,3
1221,27041,24,1,2,8,3,1.209,3,3
1222,48189,34,2,6,1,3,0.750,1,1
1223,05023,54,2,6,6,3,1.071,2,2
1224,20207,67,1,5,6,3,1.414,3,3
1225,26105,78,2,3,3,1,0.631,3,3
1226,27113,74,1,3,5,1,0.606,5,4
1227,13185,22,2,5,4,2,0.523,2,2
1228,42021,55,2,2,3,3,0.896,3,3
1229,12093,32,2,5,8,3,1.531,2,2
1230,25007,50,2,1,2,1,0.618,3,3
1231,26101,86,1,4,99,2,0.453,4,3
1232,04015,87,2,6,4,3,0.826,2,1
1233,48257,59,1,1,9,1,0.732,2,2
1234,04015,23,2,6,7,3,1.295,3,3
1235,26051,21,2,6,6,2,1.043,4,5
1236,13171,32,2,6,6,2,0.757,3,3
1237,26035,58,1,1,7,2,1.413,2,3
1238,46125,31,1,5,5,3,0.828,1,1
1239,42087,53,1,5,9,3,1.522,2,2
1240,47115,74,2,6,4,1,0.487,3,3
1241,51071,19,2,4,1,2,0.761,4,4
1242,12095,57,1,3,2,3,0.820,1,1
1243,29209,76,2,1,5,1,0.944,2,1
1244,47057,53,2,2,9,3,1.816,1,1
1245,30011,35,2,6,99,1,1.621,4,3
1246,05109,26,2,5,3,1,1.799,3,2
1247,19123,85,2,1,6,3,1.160,3,3
1248,22105,79,1,4,5,2,1.691,1,1
1249,37157,34,1,4,8,1,1.155,3,3
1250,27135,30,1,3,9,3,1.469,4,3
1251,41049,47,1,3,4,2,0.759,2,2
1252,06019,35,2,5,7,1,0.896,1,1
1253,17183,85,1,6,6,1,1.133,3,1
1254,48113,32,2,4,7,1,0.517,2,3
1255,37077,32,2,2,5,2,1.011,4,4
1256,27119,68,1,4,3,2,1.946,3,3
1257,18003,82,1,2,2,3,1.490,2,2
1258,26111,84,2,6,6,1,1.050,3,3
1259,28143,73,2,2,1,3,0.956,1,1
1260,51650,82,2,4,4,2,1.825,2,2
1261,47011,84,1,6,3,2,0.542,3,2
1262,04015,26,1,4,9,2,0.838,4,4
1263,51640,59,2,3,2,2,1.603,3,3
1264,05019,83,1,4,6,2,1.997,2,1
1265,40111,48,2,5,2,3,1.902,2,1
1266,46003,43,1,2,6,3,1.647,2,3
1267,53023,74,2,4,4,1,0.587,3,3
1268,28033,27,2,3,8,3,1.772,2,2
1269,22105,32,1,6,7,3,1.897,4,4
1270,18091,65,2,3,8,1,1.534,3,3
1271,19147,39,2,4,1,1,1.301,3,1
1272,19009,84,1,3,8,2,1.283,3,4
1273,13025,56,1,3,2,3,1.600,3,3
1274,13121,45,1,2,3,1,0.697,3,3
1275,48147,82,2,6,3,1,0.763,2,2
1276,36073,40,1,4,8,2,1.086,4,4
1277,20115,55,2,2,2,3,1.214,4,4
1278,19175,70,1,3,2,1,1.495,2,3
1279,21199,67,1,4,6,2,0.606,3,3
1280,48011,57,1,3,4,2,1.482,2,2
1281,13109,28,2,6,9,2,0.936,5,3
1282,24015,32,2,6,4,1,1.399,3,2
1283,04019,83,1,1,1,2,0.889,2,1
1284,06005,61,1,1,1,1,1.309,3,3
1285,20029,39,2,6,3,3,1.050,3,3
1286,13059,23,1,5,5,2,1.742,5,4
1287,29185,64,2,6,5,3,0.978,4,3
1288,31041,68,2,4,9,1,1.639,5,4
1289,01075,29,1,3,2,3,1.312,3,3
1290,19185,52,1,2,8,2,1.523,4,4
1291,17163,61,2,4,3,3,1.649,3,3
1292,51191,72,2,6,99,3,1.460,3,4
1293,39063,64,2,3,5,3,0.879,3,2
1294,48329,48,2,2,2,2,1.375,2,3
1295,13235,59,1,1,4,3,1.660,2,2
1296,02275,33,2,6,6,1,1.923,1,1
1297,16063,28,1,5,9,3,0.608,4,3
1298,19051,50,2,5,4,3,0.656,3,4
1299,38017,33,2,4,4,2,0.734,3,3
1300,53017,33,2,1,3,2,0.418,3,2
1301,18079,69,1,1,5,1,0.437,2,2
1302,48259,54,2,2,8,3,0.801,1,1
1303,32011,84,2,6,7,2,1.385,3,2
1304,13135,76,1,5,1,2,1.202,2,2
1305,39077,23,2,1,6,1,0.997,4,4
1306,19179,46,2,1,4,2,1.749,2,2
1307,46079,26,2,1,3,1,0.945,3,3
1308,48407,74,2,6,1,3,0.919,3,2
1309,04023,30,1,5,3,2,0.499,3,3
1310,51075,51,1,4,8,2,0.527,3,4
1311,28013,50,1,1,6,2,1.176,3,3
1312,38017,53,1,5,1,1,0.409,4,4
1313,21191,29,1,3,8,2,0.571,3,2
1314,12091,39,2,6,3,3,1.286,1,1
1315,42079,55,1,2,9,3,1.394,3,4
1316,24009,69,1,4,2,3,1.353,2,1
1317,46099,77,2,5,5,1,1.088,4,3
1318,36073,59,1,1,3,2,1.110,2,1
1319,29161,32,1,5,8,2,0.893,3,3
1320,19127,58,1,6,9,2,1.503,3,4
1321,48049,86,2,4,1,1,1.518,3,3
1322,22105,67,1,4,9,1,0.426,3,3
1323,13087,84,1,5,4,3,1.842,3,3
1324,42083,22,2,1,7,1,1.735,4,4
1325,49043,46,1,5,5,3,1.741,4,3
1326,51119,37,2,2,4,1,1.391,1,2
1327,08021,84,1,3,2,3,1.895,3,2
1328,18051,45,1,4,6,1,0.450,4,5
1329,20189,24,1,6,1,3,1.811,4,3
1330,22105,47,1,3,4,1,1.126,1,1
1331,31029,82,1,2,5,2,0.909,3,3
1332,51107,48,2,2,3,1,1.817,2,1
1333,17011,75,1,1,5,2,0.526,2,2
1334,24019,72,1,6,6,1,0.944,4,3
1335,51670,74,1,2,8,2,0.604,2,1
1336,36095,18,1,3,3,2,1.008,4,4
1337,38047,55,1,3,6,1,1.671,3,4
1338,28153,31,1,5,9,3,0.551,2,1
1339,20073,52,1,2,3,3,1.885,2,2
1340,46091,47,1,1,4,2,1.254,2,2
1341,01083,71,1,5,6,3,1.295,1,1
1342,46079,70,1,1,3,2,1.815,3,2
1343,38077,25,2,6,2,2,1.133,2,2
1344,17155,86,1,5,4,3,0.841,3,3
1345,19069,65,1,4,7,1,1.478,5,5
1346,36019,87,1,5,8,2,1.126,4,4
1347,35041,47,2,6,3,1,1.947,1,1
1348,29049,74,2,5,6,2,1.511,4,3
1349,48489,82,2,4,8,3,0.879,2,1
1350,13199,52,2,5,99,3,1.697,5,5
1351,22077,87,2,6,9,3,0.805,3,3
1352,15007,22,2,5,3,1,1.837,2,1
1353,48451,19,2,4,8,2,1.130,2,2
1354,38071,85,1,1,9,1,0.524,2,1
1355,13233,77,1,6,4,1,0.948,2,1
1356,31089,87,2,5,3,3,1.570,3,3
1357,22105,49,2,1,3,3,0.611,3,2
1358,48319,67,1,2,1,1,1.704,3,3
1359,31077,40,1,6,9,2,1.721,3,3
1360,19169,18,2,5,8,1,1.212,4,4
1361,45047,38,2,5,7,1,1.437,3,3
1362,27121,47,1,2,8,3,0.755,2,2
1363,17109,37,2,1,3,2,1.489,2,2
1364,26107,51,2,1,5,2,1.489,3,3
1365,19167,21,2,3,3,2,1.836,3,3
1366,48059,47,2,4,6,3,1.498,1,1
1367,19151,49,2,5,5,2,0.859,2,2
1368,19165,22,2,6,8,1,0.821,5,3
1369,18153,32,2,6,1,2,0.503,4,4
1370,06005,55,2,1,5,1,1.069,2,3
1371,48155,59,2,1,9,3,0.468,2,1
1372,06069,62,1,1,7,3,0.876,1,1
1373,49005,56,2,4,5,1,0.813,3,2
1374,39153,67,1,5,9,1,1.892,4,4
1375,38017,66,1,1,3,1,1.731,2,1
1376,48195,31,2,3,7,2,1.745,4,3
1377,12019,67,1,6,3,1,1.266,3,3
1378,31035,21,2,6,6,2,0.434,3,2
1379,18109,41,1,5,1,3,1.201,3,2
1380,04015,31,2,6,8,3,0.750,3,2
1381,01055,53,2,6,4,2,0.500,4,3
1382,23003,58,2,4,8,3,1.682,4,3
1383,29197,56,1,6,7,2,1.249,1,1
1384,29059,28,1,4,2,1,0.886,4,5
1385,37141,32,2,6,2,3,1.742,1,1
1386,41007,38,1,3,3,1,0.708,2,2
1387,01063,44,1,5,1,2,0.541,3,2
1388,39033,23,2,5,1,1,1.803,2,1
1389,55087,29,1,3,8,2,1.184,4,5
1390,46057,44,2,2,4,2,0.968,3,3
1391,29021,82,1,2,4,3,1.827,2,1
1392,37185,40,2,2,8,1,1.697,3,1
1393,12039,39,2,2,3,3,0.407,3,2
1394,40091,41,1,4,6,2,1.888,2,2
1395,41021,26,2,5,8,2,0.873,3,4
1396,34029,27,2,3,1,1,1.374,4,4
1397,02122,81,1,6,6,2,1.521,2,1
1398,29039,23,1,1,8,2,1.851,3,2
1399,19125,79,2,3,7,1,1.783,2,2
1400,55085,19,2,5,3,3,1.538,3,3
1401,19135,35,1,3,6,3,0.637,2,2
1402,37037,65,1,4,3,1,1.610,3,2
1403,30029,73,1,3,1,3,0.724,3,2
1404,29139,20,1,5,6,2,0.455,4,4
1405,46011,41,2,5,9,1,1.195,3,3
1406,29123,42,2,6,8,1,1.785,2,2
1407,26087,45,2,6,4,1,1.207,4,3
1408,48283,37,1,4,8,3,1.627,2,1
1409,04015,75,2,1,5,2,0.830,2,1
1410,49027,43,2,5,2,2,1.858,2,2
1411,41023,70,1,3,1,3,1.506,4,3
1412,19017,51,2,6,5,3,0.971,2,2
1413,16063,67,2,6,6,2,0.476,4,4
1414,51045,32,2,5,7,2,1.557,4,3
1415,29173,80,2,1,7,1,1.707,4,3
1416,42117,29,1,5,3,3,0.891,3,2
1417,48069,23,1,6,8,3,0.482,3,2
1418,48233,48,1,2,7,2,1.462,3,2
1419,27071,24,2,5,3,3,1.833,4,4
1420,41061,47,2,1,4,1,1.094,4,5
1421,19051,19,2,3,6,3,0.470,3,2
1422,29123,49,1,2,3,1,0.450,3,2
1423,19015,18,2,3,7,1,1.389,4,3
1424,48293,49,2,1,3,1,0.493,1,1
1425,18095,69,2,4,6,2,1.682,2,2
1426,19099,34,2,2,9,3,0.575,3,2
1427,08089,35,1,6,2,3,1.382,3,3
1428,23003,59,2,5,99,1,1.671,2,2
1429,42045,24,1,1,7,1,1.418,4,4
1430,28119,31,1,3,8,3,1.647,4,3
1431,18079,48,2,2,7,3,0.924,4,4
1432,38057,60,1,5,8,3,1.132,5,5
1433,27125,38,1,6,3,3,1.518,3,3
1434,20017,86,1,6,1,1,1.465,3,4
1435,55023,55,2,6,2,1,1.958,4,4
1436,31179,66,1,2,6,2,1.920,3,4
1437,17121,48,2,4,2,1,1.382,3,2
1438,48159,66,1,6,7,1,1.592,1,1
1439,06073,30,2,4,5,2,1.292,2,2
1440,54093,21,1,3,7,2,1.811,3,4
1441,04015,74,1,3,2,2,1.897,2,1
1442,20003,37,1,1,5,2,0.461,4,4
1443,48219,29,2,1,4,1,1.162,1,1
1444,37151,85,2,3,7,2,1.913,3,3
1445,21073,76,1,2,5,3,1.837,3,3
1446,12045,63,2,2,6,1,0.523,2,1
1447,01031,78,2,4,2,1,1.332,3,2
1448,12027,51,1,4,2,1,1.340,3,3
1449,18027,59,1,4,9,2,0.426,3,3
1450,30033,57,1,5,5,2,1.132,4,3
1451,19033,40,1,6,7,3,0.818,5,5
1452,40117,38,1,1,4,3,1.704,2,2
1453,17093,39,2,4,3,3,0.573,5,4
1454,45057,64,1,6,6,1,0.455,3,3
1455,46127,84,2,5,4,3,1.766,2,1
1456,21089,42,1,1,8,1,0.453,4,3
1457,53065,23,2,1,9,3,1.124,3,3
1458,17201,27,1,4,6,1,0.624,4,4
1459,30019,44,1,6,2,2,1.203,4,3
1460,22105,79,2,1,1,1,1.497,3,2
1461,28099,27,2,1,9,3,1.847,1,1
1462,13077,26,2,2,3,1,1.970,2,2
1463,23003,86,1,4,7,2,0.493,2,2
1464,28013,78,1,5,9,3,1.952,3,2
1465,38017,59,1,3,4,1,1.471,4,4
1466,13297,58,1,6,2,2,1.855,3,2
1467,37175,71,2,6,8,1,1.884,4,4
1468,02220,54,1,5,1,2,0.845,2,2
1469,27105,19,1,4,4,3,1.210,5,5
1470,04015,60,1,1,6,1,1.698,1,1
1471,22085,59,2,6,7,3,1.405,2,1
1472,21219,54,1,6,9,3,1.065,4,4
1473,08119,20,1,6,7,2,1.473,3,3
1474,22081,45,1,4,5,1,0.787,2,2
1475,17077,66,2,1,4,2,1.121,4,4
1476,18085,48,1,2,9,2,1.130,3,2
1477,49043,83,2,6,9,2,1.672,2,2
1478,41051,28,1,4,3,1,0.727,3,3
1479,27061,19,2,3,6,2,0.607,3,3
1480,21073,28,1,1,8,3,1.896,1,1
1481,13183,19,1,2,9,3,1.904,2,2
1482,39003,73,1,4,2,2,0.570,2,2
1483,13285,57,1,2,6,1,1.675,2,2
1484,13057,39,2,2,3,3,0.402,1,1
1485,47109,45,2,1,8,1,1.819,3,2
1486,42007,35,1,1,3,2,0.955,3,4
1487,08021,84,1,1,5,2,0.547,3,3
1488,26043,61,2,1,7,3,1.242,3,2
1489,46099,21,2,4,3,1,1.439,4,3
1490,17123,55,2,3,5,2,0.644,4,4
1491,04005,52,2,1,2,2,1.771,3,3
1492,22019,60,1,5,5,2,1.613,2,2
1493,19179,84,1,4,5,3,1.868,2,1
1494,37071,27,2,6,3,1,1.947,3,2
1495,40075,59,2,3,8,3,1.784,1,1
1496,04025,72,2,5,7,3,0.898,4,3
1497,31049,25,2,3,7,1,1.044,4,4
1498,18027,42,1,3,7,3,0.699,3,2
1499,06079,42,1,6,4,2,0.451,3,3
1500,08029,54,2,1,3,2,1.096,2,2
1501,37057,46,2,4,1,3,0.611,2,2
1502,48405,27,2,2,1,1,0.813,1,1
1503,46081,81,1,6,6,2,1.767,3,3
1504,20007,56,1,1,3,3,1.836,3,3
1505,47089,40,2,4,3,3,0.504,3,3
1506,04025,59,1,5,2,3,0.862,2,1
1507,39033,63,2,3,2,3,1.708,4,3
1508,13235,78,2,5,6,2,0.842,3,3
1509,31003,79,2,1,7,1,0.877,4,4
1510,26105,62,1,2,8,3,1.954,3,4
1511,29065,75,2,2,7,2,0.523,1,1
1512,30035,41,1,4,6,3,1.073,3,4
1513,40009,78,2,5,4,1,0.770,4,3
1514,19075,85,2,5,9,1,1.964,2,3
1515,48181,24,1,6,6,3,0.840,2,2
1516,20059,64,2,3,4,2,0.595,3,4
1517,51017,74,1,4,7,2,0.657,2,2
1518,06047,72,1,3,2,2,1.073,2,3
1519,51137,42,2,4,2,1,0.653,3,3
1520,39127,27,1,4,2,3,0.893,4,3
1521,48381,56,2,4,8,2,1.398,4,4
1522,42015,62,2,3,5,2,0.778,4,3
1523,26085,46,1,5,3,3,1.658,5,5
1524,44005,87,1,1,1,1,0.615,3,2
1525,51021,63,1,3,1,1,0.536,3,2
1526,12101,61,1,3,4,1,1.885,2,3
1527,18093,25,1,2,3,2,1.761,2,1
1528,01113,31,1,1,1,1,0.912,3,2
1529,48195,61,1,6,4,2,1.354,1,2
1530,37199,49,2,6,6,3,1.825,4,4
1531,51185,59,2,6,6,3,0.531,4,5
1532,19133,78,1,3,3,2,0.520,2,2
1533,06007,33,1,6,6,3,1.442,3,3
1534,18075,79,1,5,7,3,0.890,2,3
1535,39095,72,1,5,4,1,1.965,3,3
1536,04015,74,1,2,9,3,1.156,3,3
1537,19129,60,2,1,99,3,1.129,3,3
1538,41019,44,2,1,9,1,1.331,3,3
1539,13143,34,1,1,1,3,1.447,1,1
1540,21091,28,2,6,9,2,1.209,3,2
1541,13023,62,1,6,3,1,1.926,1,1
1542,55129,70,2,2,5,2,1.410,4,4
1543,28131,65,2,2,6,3,0.546,2,1
1544,04015,52,2,5,1,1,0.845,3,3
1545,22055,80,1,1,1,2,0.495,2,1
1546,49051,81,2,4,2,2,0.932,3,2
1547,54025,56,2,6,9,3,0.930,3,3
1548,13023,20,2,3,7,2,1.109,1,1
1549,51057,34,1,3,2,3,1.171,2,1
1550,17107,48,2,3,9,3,1.505,2,2
1551,27011,43,1,4,4,1,1.255,4,4
1552,46029,21,2,4,99,1,0.822,2,1
1553,13011,68,2,2,2,2,0.486,3,3
1554,18079,28,1,1,4,3,0.415,2,2
1555,18011,61,2,2,7,3,1.615,2,1
1556,16015,45,1,2,4,2,1.257,2,2
1557,04015,43,1,2,5,3,0.554,3,2
1558,20091,66,2,5,5,1,1.803,2,2
1559,26159,87,1,4,4,2,0.630,4,4
1560,21219,21,2,4,6,1,1.109,5,4
1561,50011,24,2,2,8,2,0.539,3,2
1562,28119,30,1,2,6,3,0.467,3,2
1563,37117,37,1,2,7,3,0.998,1,2
1564,38043,66,1,2,1,2,1.610,1,1
1565,47151,63,2,5,9,3,0.488,4,4
1566,04015,20,1,3,5,2,0.744,3,3
1567,22105,18,2,3,9,1,1.835,3,3
1568,06039,56,2,1,8,1,1.853,1,1
1569,20161,79,2,3,4,1,1.844,4,5
1570,31133,67,1,3,5,2,1.003,2,2
1571,36095,20,1,5,4,3,1.608,3,3
1572,30007,74,1,6,2,3,1.735,3,4
1573,47153,71,1,2,5,2,1.829,2,2
1574,06069,49,1,6,9,1,1.510,5,3
1575,36083,56,1,4,5,3,0.992,4,4
1576,16063,18,2,1,5,3,1.993,1,2
1577,21219,60,1,1,4,2,0.788,1,1
1578,05053,21,2,2,8,3,1.801,2,2
1579,30033,23,1,1,2,1,0.986,4,3
1580,54011,45,2,2,99,1,1.686,3,2
1581,13143,22,1,2,7,1,0.713,3,3
1582,46125,23,2,2,5,2,1.029,2,2
1583,24037,69,1,6,9,1,0.642,3,3
1584,33015,36,2,6,7,2,0.910,2,1
1585,42045,62,2,3,9,3,1.508,2,2
1586,35053,34,1,6,7,2,1.092,3,2
1587,20073,77,2,3,3,1,1.291,2,2
1588,23003,69,1,4,9,2,1.750,5,4
1589,55073,23,2,1,1,2,1.450,3,3
1590,26099,60,2,6,8,3,1.627,2,2
1591,48059,74,2,6,3,2,0.522,3,2
1592,45005,41,2,6,2,2,1.979,3,3
1593,48069,55,2,2,2,2,0.495,2,2
1594,40091,57,2,5,2,1,1.370,2,2
1595,08101,32,1,1,9,3,1.788,3,3
1596,29091,28,2,1,1,3,1.369,3,2
1597,08085,18,1,6,2,3,1.006,4,3
1598,16063,80,2,1,5,1,1.867,3,3
1599,48047,72,2,4,1,2,0.747,1,1
1600,17053,26,1,1,9,1,1.290,1,1
1601,28079,73,2,2,2,2,1.560,2,1
1602,27119,32,1,1,1,1,0.554,2,2
1603,51640,67,2,6,99,1,1.040,2,1
1604,21189,41,2,2,6,1,0.601,4,3
1605,20051,42,2,1,7,1,0.431,2,2
1606,55113,57,2,4,1,3,1.523,2,2
1607,28043,81,1,5,6,3,1.726,3,2
1608,22105,77,1,1,2,3,0.491,1,1
1609,05037,37,1,4,7,1,1.503,3,2
1610,48329,39,2,2,2,3,0.627,2,2
1611,05067,55,2,1,6,3,1.012,3,3
1612,46007,19,1,1,5,1,0.809,3,2
1613,55069,79,2,6,4,1,1.702,4,5
1614,22105,59,2,2,9,3,1.507,2,2
1615,05043,53,1,1,4,1,0.565,4,4
1616,39117,22,2,4,99,1,1.493,3,3
1617,27157,25,1,5,5,2,0.463,3,2
1618,47005,34,2,2,1,1,0.814,2,2
1619,26003,40,1,6,8,2,0.507,4,5
1620,01029,63,1,4,3,2,0.841,1,1
1621,04015,45,1,4,3,2,1.614,3,3
1622,37113,30,1,1,9,3,1.283,2,2
1623,05141,62,1,6,9,1,0.818,4,3
1624,48497,75,2,1,6,2,1.105,3,2
1625,49007,31,1,3,7,2,1.742,2,2
1626,35061,47,2,2,7,1,0.872,3,3
1627,20131,47,1,5,2,2,0.501,5,4
1628,33015,80,1,4,1,2,1.701,2,1
1629,20079,22,2,2,3,1,1.544,3,2
1630,53001,42,1,3,4,2,1.406,4,3
1631,51111,84,2,3,8,2,1.336,3,2
1632,42105,81,2,6,5,2,0.417,4,4
1633,08053,78,2,5,6,3,0.503,3,3
1634,05043,55,1,6,6,2,1.355,2,2
1635,21209,42,1,4,3,2,1.313,3,3
1636,04015,65,1,3,8,2,0.562,3,3
1637,48341,69,1,2,4,3,0.932,1,1
1638,46085,33,2,1,1,1,1.039,2,2
1639,06065,20,2,1,3,2,1.791,3,3
1640,31155,41,2,4,3,3,1.087,2,1
1641,51036,41,1,2,5,1,1.653,2,3
1642,42047,67,1,3,2,1,0.684,3,3
1643,36033,67,1,3,4,3,1.517,3,2
1644,48375,83,1,5,1,2,0.562,2,2
1645,04015,86,2,6,7,3,0.993,2,2
1646,02070,79,1,5,1,1,1.241,1,1
1647,20137,86,1,5,1,1,1.420,2,2
1648,04015,49,1,1,3,1,1.352,1,1
1649,30109,69,1,1,2,2,1.289,3,2
1650,47185,38,1,3,5,2,1.664,4,4
1651,38017,60,1,1,3,2,1.016,2,1
1652,30109,76,2,2,9,2,0.950,3,3
1653,28131,43,1,1,9,2,0.410,1,1
1654,08119,20,2,1,4,1,1.772,4,4
1655,27089,55,1,6,2,1,1.244,4,4
1656,22105,42,1,5,8,3,1.880,3,3
1657,40085,18,2,5,3,3,0.721,2,2
1658,29221,38,2,1,9,2,1.577,1,1
1659,53047,83,1,4,6,2,1.797,4,3
1660,51101,66,2,5,7,3,1.196,4,3
1661,46102,86,1,2,8,3,0.739,3,2
1662,13143,39,1,6,3,1,1.659,3,3
1663,26129,24,2,4,4,3,0.850,3,2
1664,16063,65,2,3,5,2,0.916,3,3
1665,31125,43,2,1,7,2,0.547,3,3
1666,51610,31,2,3,9,3,1.349,5,5
1667,19187,86,2,2,3,1,0.794,4,3
1668,30011,79,1,2,7,2,1.803,2,1
1669,21011,61,1,1,8,1,0.607,2,2
1670,46125,72,2,3,3,2,1.559,2,2
1671,46029,83,2,1,6,2,1.460,3,3
1672,04015,52,1,3,6,3,1.821,2,2
1673,46099,62,2,2,9,2,1.153,3,3
1674,13235,35,1,5,3,3,0.826,3,2
1675,48071,71,2,5,7,3,1.551,3,3
1676,09003,62,1,3,2,3,1.360,4,4
1677,22031,60,2,4,4,1,1.266,1,1
1678,37163,55,2,4,4,1,1.593,2,2
1679,48299,20,1,3,1,2,1.433,3,2
1680,48291,20,1,1,3,3,1.912,2,2
1681,28011,85,1,2,2,2,1.547,1,2
1682,40003,55,1,1,1,3,0.723,3,3
1683,13087,78,1,3,3,1,0.554,3,3
1684,51700,59,2,6,5,3,0.623,3,3
1685,19013,57,1,3,6,2,0.588,3,2
1686,44003,51,1,1,1,1,0.966,5,5
1687,30051,54,2,1,5,3,0.749,2,2
1688,04015,66,1,5,6,3,0.823,1,1
1689,48075,30,2,3,9,1,1.428,2,2
1690,19019,68,2,6,5,1,1.637,2,3
1691,17049,20,1,5,1,3,1.417,2,2
1692,30007,67,1,1,4,2,0.640,2,2
1693,50011,44,1,6,6,3,0.516,3,3
1694,26007,56,1,1,3,1,1.689,4,5
1695,30051,61,2,6,4,1,1.606,3,3
1696,30071,85,2,4,1,1,1.736,4,4
1697,48417,27,1,6,9,2,0.563,4,4
1698,55135,65,1,6,7,1,1.583,5,5
1699,29183,45,2,6,5,1,1.104,3,3
1700,20071,85,1,1,8,3,1.707,1,1
1701,04023,84,1,1,3,3,1.605,2,1
1702,27043,60,2,3,4,3,1.321,1,1
1703,21061,84,1,6,7,2,1.465,4,4
1704,02068,71,2,3,7,1,1.458,2,2
1705,20065,60,1,1,6,1,1.076,2,1
1706,48293,72,2,1,6,2,1.199,1,2
1707,38091,74,1,3,4,2,0.478,4,4
1708,41033,82,2,5,4,3,1.151,3,3
1709,40047,18,2,3,2,1,1.644,2,1
1710,18101,73,1,2,8,1,0.740,2,1
1711,48357,64,2,6,6,3,0.499,2,2
1712,38045,27,2,6,7,2,0.452,2,3
1713,39011,52,2,1,2,1,1.987,3,2
1714,13293,24,1,5,7,2,1.424,3,3
1715,16063,65,2,4,4,3,1.542,2,2
1716,24043,57,2,3,1,2,0.813,3,2
1717,17053,22,2,2,2,3,0.928,3,3
1718,47007,64,1,4,1,1,1.221,2,2
1719,31029,84,1,3,2,3,0.804,2,2
1720,56039,71,2,2,3,1,1.612,3,3
1721,05145,39,2,1,2,1,0.993,3,1
1722,26087,84,1,4,6,3,0.756,3,3
1723,38015,78,2,4,7,3,0.951,4,3
1724,42123,45,2,3,9,1,0.559,4,4
1725,12091,49,1,5,7,1,0.714,2,1
1726,40069,62,2,1,3,2,0.684,3,3
1727,27025,63,1,2,4,3,1.097,2,2
1728,18081,77,2,2,2,3,0.457,3,3
1729,04015,20,1,6,3,2,1.442,3,3
1730,48155,27,1,6,9,1,1.077,3,2
1731,06095,56,1,2,5,2,1.739,4,4
1732,39057,52,1,5,1,2,1.787,3,3
1733,25019,21,2,6,2,2,1.486,3,3
1734,37179,70,2,6,1,1,1.489,3,3
1735,29127,46,2,3,8,1,0.935,3,3
1736,27013,59,2,6,99,2,0.746,4,4
1737,46069,78,2,6,2,2,1.388,3,2
1738,17107,44,2,1,4,1,0.684,3,3
1739,17165,38,1,4,8,1,1.567,3,1
1740,55071,60,1,6,4,3,1.461,3,4
1741,04015,65,1,2,8,2,1.096,1,1
1742,51610,39,2,4,4,1,0.605,4,3
1743,48365,44,2,3,3,3,1.885,1,1
1744,48417,77,2,3,4,1,1.611,2,2
1745,46117,86,2,3,8,1,1.520,4,3
1746,47151,50,1,1,9,2,1.812,3,2
1747,51660,45,1,2,7,1,1.838,3,3
1748,20101,51,2,2,5,2,0.645,2,2
1749,56045,66,1,4,7,2,1.338,3,2
1750,08119,73,1,2,7,3,1.686,2,2
1751,27051,18,1,3,4,1,1.342,4,4
1752,39067,18,1,3,5,3,1.472,5,5
1753,02220,20,1,6,2,3,0.870,2,2
1754,29185,27,1,6,2,2,1.020,3,2
1755,29073,36,1,3,6,1,0.470,3,2
1756,46107,70,1,5,3,2,0.660,3,2
1757,48099,21,1,4,5,3,0.906,2,1
1758,05007,83,1,4,2,2,1.582,3,2
1759,08081,38,2,3,5,1,1.011,2,2
1760,31003,52,1,3,6,1,1.302,2,1
1761,48385,77,1,4,5,3,1.981,1,1
1762,04007,58,1,3,5,2,1.784,2,1
1763,18145,82,1,2,3,2,1.159,3,4
1764,41033,67,2,5,2,2,1.632,4,5
1765,01025,46,2,5,6,1,1.925,3,3
1766,29105,45,2,1,1,1,1.449,2,2
1767,24043,49,2,6,8,2,1.680,4,4
1768,21121,62,2,4,6,2,0.829,3,2
1769,24041,76,2,5,9,2,1.442,3,2
1770,50017,18,1,5,1,3,1.249,4,5
1771,51079,52,1,2,1,2,1.115,2,2
1772,05025,61,2,5,6,3,1.419,4,3
1773,19115,71,1,3,5,2,1.290,1,1
1774,37097,66,2,1,1,3,0.931,2,2
1775,13145,82,1,5,8,1,1.510,2,2
1776,48101,75,1,4,8,1,1.859,3,2
1777,04015,77,1,1,6,1,1.719,2,1
1778,48047,45,1,2,5,1,1.038,2,1
1779,06043,61,2,5,5,3,0.572,2,2
1780,19185,46,2,2,1,2,1.092,2,2
1781,22105,39,1,5,5,1,0.697,3,3
1782,27079,58,2,1,7,2,1.920,1,1
1783,12031,70,1,5,5,2,1.194,3,4
1784,16063,76,1,4,6,1,1.947,3,2
1785,08057,30,2,6,1,1,1.370,4,4
1786,18083,20,1,4,8,1,0.826,3,3
1787,18039,62,1,4,2,1,1.708,2,2
1788,13143,85,1,3,7,1,0.570,2,2
1789,30037,60,1,2,3,2,1.980,2,2
1790,19073,36,1,1,7,1,0.906,3,3
1791,35049,38,2,3,2,1,1.300,3,3
1792,18149,24,2,5,6,1,1.686,3,2
1793,21117,36,2,4,3,3,0.482,1,1
1794,18081,54,2,6,3,3,1.040,3,3
1795,26087,19,1,6,1,1,1.358,5,5
1796,25025,76,2,4,7,3,0.890,2,2
1797,36089,68,2,5,7,1,0.481,4,4
1798,48399,68,1,5,7,3,1.052,2,1
1799,40003,63,1,5,7,2,0.419,3,3
1800,40117,43,1,4,8,3,1.043,2,2
1801,21209,62,1,2,8,2,1.375,2,2
1802,22105,83,2,3,1,2,1.456,4,4
1803,47005,70,2,6,4,1,1.391,3,3
1804,47033,82,2,4,3,1,0.688,3,2
1805,13195,31,2,6,8,2,1.715,4,2
1806,21145,23,1,4,3,2,0.522,2,2
1807,17191,55,1,6,6,2,0.804,3,1
1808,42031,80,1,1,9,2,1.610,2,1
1809,38017,50,2,6,5,2,0.419,3,3
1810,13261,71,1,2,3,1,1.989,1,1
1811,17189,31,2,6,4,1,1.716,5,4
1812,06029,50,1,2,5,1,1.634,4,4
1813,19051,19,2,1,5,3,1.293,4,3
1814,19031,55,1,4,1,3,1.285,4,4
1815,37123,37,1,6,4,1,0.494,3,3
1816,46069,78,1,3,1,2,1.176,2,2
1817,46117,35,1,5,4,2,1.735,4,4
1818,19151,52,2,4,6,2,0.822,3,2
1819,51720,30,2,5,1,3,1.593,2,3
1820,40009,25,1,3,3,1,1.642,3,3
1821,46077,45,2,6,6,2,0.986,4,3
1822,39061,56,1,6,2,2,0.880,3,3
1823,13089,66,2,4,1,2,1.419,4,3
1824,46079,41,2,1,7,3,0.544,2,3
1825,47067,66,1,6,8,1,0.452,3,3
1826,55075,72,1,2,8,3,0.537,2,2
1827,41033,24,2,3,99,2,0.404,2,3
1828,38017,19,1,4,2,2,1.835,4,4
1829,56013,62,2,5,4,2,1.464,4,3
1830,29219,58,1,5,2,3,1.794,3,3
1831,46029,19,2,2,8,2,1.422,4,3
1832,01057,37,1,3,2,3,1.623,1,1
1833,46099,58,1,5,1,1,1.686,4,4
1834,31019,63,1,2,3,2,0.417,3,3
1835,53057,72,1,2,99,1,0.434,4,4
1836,06097,42,1,1,6,1,1.921,2,1
1837,40113,61,1,4,2,3,1.727,4,5
1838,18027,60,2,2,9,2,1.750,3,2
1839,48047,57,1,1,3,1,1.440,2,3
1840,55113,41,2,5,3,3,0.969,3,2
1841,08085,50,2,4,1,3,1.883,2,2
1842,40035,50,1,5,4,1,1.207,3,3
1843,48327,36,1,4,5,1,0.846,3,2
1844,08021,68,1,4,5,2,1.300,2,2
1845,38069,61,1,2,7,3,1.162,1,1
1846,55027,18,2,5,4,3,1.017,4,4
1847,46099,81,1,4,5,1,1.567,4,3
1848,13059,30,1,1,4,3,1.204,1,1
1849,24029,30,1,2,3,2,0.892,2,2
1850,37069,57,1,3,7,2,0.519,2,2
1851,39025,56,2,5,9,1,0.533,3,2
1852,21099,65,1,4,3,2,1.550,1,1
1853,24023,81,1,4,9,1,0.735,1,2
1854,08055,74,1,3,2,3,0.614,2,1
1855,08099,85,2,5,8,1,0.790,4,4
1856,13261,83,2,6,9,1,1.990,3,3
1857,27095,63,2,3,3,2,1.591,2,2
1858,01103,35,1,6,8,2,0.613,3,3
1859,39163,84,2,2,5,3,0.993,2,1
1860,21077,24,2,1,6,1,1.171,2,2
1861,20007,57,2,5,1,1,0.565,3,3
1862,25019,81,1,1,8,3,1.306,2,2
1863,55103,55,2,4,5,2,0.766,3,3
1864,04015,85,1,2,6,1,1.383,3,2
1865,51199,83,2,3,2,1,1.320,2,2
1866,20121,20,1,2,3,1,1.855,3,3
1867,51031,70,1,2,7,2,1.400,1,1
1868,29209,33,1,1,6,2,1.898,2,1
1869,38073,56,2,2,99,1,0.818,4,2
1870,47059,36,2,2,1,2,1.554,3,2
1871,39141,31,1,6,4,2,0.853,3,3
1872,37081,20,2,1,9,3,1.872,4,4
1873,31151,58,2,5,7,1,0.828,2,1
1874,33007,82,2,2,6,3,0.758,3,2
1875,04015,68,1,1,5,2,0.703,2,2
1876,51075,77,2,6,3,2,1.494,3,2
1877,21149,43,1,6,7,1,1.564,3,2
1878,29510,34,2,5,8,2,0.563,3,2
1879,13169,22,1,2,8,1,1.789,2,2
1880,05065,25,1,4,4,3,0.920,2,1
1881,48091,60,1,5,1,2,0.864,1,1
1882,54089,54,1,6,9,1,0.642,3,2
1883,48159,38,1,1,4,2,1.847,2,1
1884,29095,37,1,1,2,3,0.849,1,1
1885,48471,39,2,3,1,1,1.376,2,1
1886,30013,40,1,5,1,2,1.102,2,1
1887,17053,58,1,4,6,3,1.651,3,2
1888,55075,24,2,3,1,2,1.690,2,2
1889,40067,43,2,3,7,3,1.222,2,2
1890,45059,84,2,4,1,2,1.655,2,2
1891,26007,69,1,3,3,3,1.191,3,3
1892,48171,57,2,5,3,3,0.555,3,3
1893,48495,77,1,2,8,3,1.734,1,1
1894,17053,59,2,5,9,2,0.459,2,2
1895,53053,44,2,5,99,1,0.435,4,2
1896,25013,34,1,6,9,1,0.478,4,4
1897,26085,86,1,1,4,3,0.551,4,3
1898,08123,66,2,3,2,3,1.695,2,2
1899,30043,36,1,5,4,3,1.330,3,2
1900,06069,31,1,4,9,1,1.662,2,2
1901,12069,19,2,2,3,2,0.766,4,3
1902,04015,40,2,3,9,1,0.556,2,2
1903,18079,71,1,4,1,3,1.435,4,4
1904,47055,65,2,2,6,2,1.300,1,1
1905,19181,35,2,1,4,1,0.600,3,3
1906,29145,40,1,2,5,1,1.520,3,2
1907,38087,32,1,2,3,2,0.910,3,3
1908,51550,55,2,3,1,2,0.415,1,1
1909,30065,80,2,2,6,3,0.938,3,3
1910,47009,45,1,4,6,2,1.546,2,2
1911,12091,34,1,2,2,1,0.880,2,1
1912,20171,66,1,1,4,1,0.641,4,4
1913,55137,27,1,3,6,1,0.430,4,4
1914,51169,77,1,1,2,2,1.796,2,1
1915,05099,55,2,4,4,3,1.360,2,3
1916,26129,70,1,6,1,3,1.440,3,3
1917,55071,74,2,4,6,1,0.867,3,3
1918,38075,59,1,4,9,2,1.374,2,2
1919,48275,19,2,5,1,3,0.780,5,5
1920,46091,77,2,4,8,3,0.642,3,3
1921,12043,40,2,4,4,3,1.472,3,3
1922,04015,56,2,6,8,1,1.565,2,1
1923,38051,64,1,5,1,1,1.023,3,3
1924,48237,48,2,5,9,3,0.509,4,4
1925,51153,22,1,4,2,2,1.763,4,3
1926,20039,64,2,3,3,1,1.700,2,1
1927,28005,38,1,2,1,2,1.141,1,1
1928,12015,87,1,6,1,3,0.761,2,2
1929,45065,66,2,1,4,2,1.318,1,2
1930,20007,40,2,5,3,3,1.745,3,3
1931,36071,59,2,6,8,3,1.656,3,3
1932,29051,34,1,5,8,3,1.525,4,4
1933,24045,80,1,6,7,3,1.921,4,4
1934,26107,32,2,5,1,3,1.199,3,2
1935,55067,67,1,3,8,1,1.426,4,4
1936,38017,48,1,5,5,2,0.467,4,3
1937,20017,41,2,3,9,1,1.002,3,3
1938,29159,83,2,1,7,1,1.969,2,2
1939,05031,32,2,4,6,2,0.956,2,1
1940,31039,77,2,2,2,3,0.500,3,2
1941,02130,81,2,1,99,2,0.578,1,1
1942,48237,84,1,1,9,3,1.100,3,3
1943,47153,49,2,2,1,3,1.218,2,2
1944,18023,49,2,3,9,3,1.680,3,2
1945,20051,66,2,6,7,1,1.366,3,3
1946,48419,33,2,6,9,1,0.704,4,4
1947,17043,65,2,5,5,1,1.855,4,3
1948,48233,26,1,6,6,2,1.197,3,3
1949,28017,27,2,4,1,3,1.163,3,2
1950,20139,45,2,1,3,2,0.685,3,2
1951,06041,69,2,1,6,3,1.232,2,2
1952,22093,43,2,4,2,1,1.251,2,2
1953,13195,45,2,1,1,2,1.698,1,1
1954,54031,54,2,2,3,1,1.129,2,2
1955,47151,65,2,3,6,3,1.748,2,1
1956,02290,54,1,1,9,3,1.108,2,1
1957,39089,44,1,5,5,3,0.853,2,2
1958,13259,21,2,5,3,1,1.243,4,4
1959,38031,48,1,6,8,1,1.244,4,4
1960,47139,24,1,6,7,2,0.613,5,5
1961,41001,31,1,3,6,3,1.044,4,3
1962,28023,47,2,3,7,3,1.844,2,2
1963,31067,27,2,3,1,3,1.292,2,1
1964,17165,46,1,5,7,2,1.393,3,4
1965,48235,72,2,5,2,1,1.511,2,2
1966,46081,30,2,1,2,2,1.347,2,1
1967,19013,31,2,4,8,1,1.033,4,5
1968,18113,26,2,4,8,2,0.961,3,2
1969,19131,43,2,1,8,2,0.511,2,2
1970,53053,19,1,6,2,2,1.855,5,5
1971,20135,30,1,5,3,3,1.345,4,3
1972,16063,36,1,3,3,1,0.513,4,5
1973,26145,58,1,6,5,3,1.153,3,2
1974,40133,36,2,5,4,3,0.869,4,3
1975,56009,49,1,1,6,3,1.005,4,3
1976,53043,30,1,3,4,3,0.791,4,3
1977,04015,26,1,4,2,1,1.514,2,3
1978,46047,29,1,6,8,3,1.635,4,3
1979,46003,73,2,1,7,1,1.044,3,2
1980,37141,30,1,6,7,2,0.521,3,1
1981,27067,60,1,5,3,1,1.669,4,4
1982,19065,45,1,4,99,3,1.126,4,4
1983,04015,44,2,3,7,2,1.408,3,3
1984,19013,78,1,1,9,1,1.081,1,2
1985,06047,51,1,5,1,3,1.559,3,3
1986,39033,37,2,1,3,1,1.433,2,2
1987,22105,59,2,1,4,3,1.921,3,2
1988,51730,19,1,1,4,1,1.607,2,2
1989,19079,41,1,2,8,1,1.854,1,2
1990,48301,39,1,3,7,2,1.340,1,1
1991,39033,60,1,3,6,2,1.280,2,2
1992,22105,75,1,1,8,1,1.012,1,1
1993,19071,27,1,1,7,1,1.684,3,3
1994,42085,43,1,4,9,1,1.752,4,4
1995,26051,65,1,4,7,1,1.093,4,3
1996,05121,39,1,2,3,1,0.488,1,1
1997,48183,25,1,3,8,2,1.241,3,3
1998,18113,18,1,5,6,2,1.020,3,4
1999,46079,60,1,4,5,1,0.859,1,2
2000,39143,82,2,6,9,2,1.780,3,3
2001,38067,68,2,6,5,2,0.877,4,3
2002,12043,28,2,2,1,1,0.836,2,1
2003,37073,24,1,3,7,1,1.490,3,3
2004,13189,28,2,6,3,1,0.471,4,5
2005,13277,25,1,5,9,2,0.417,2,1
2006,31093,58,1,6,9,2,0.646,3,4
2007,08101,43,1,2,9,1,1.303,2,2
2008,46003,37,1,6,5,2,1.265,3,3
2009,31109,64,2,3,8,2,1.315,2,2
2010,28075,77,2,1,2,2,0.999,1,2
2011,31029,77,1,1,6,1,1.853,2,3
2012,46003,37,2,4,1,3,0.718,4,4
2013,50009,52,2,5,3,2,1.251,5,5
2014,17147,68,2,2,7,2,1.669,3,2
2015,22105,46,2,2,99,3,1.870,2,1
2016,13037,58,2,2,3,2,1.424,2,2
2017,28139,81,1,2,8,3,1.879,1,1
2018,16063,87,2,6,2,3,1.314,4,3
2019,46003,45,1,6,8,1,1.297,5,4
2020,22109,45,2,3,9,2,1.198,2,1
2021,01055,67,1,1,9,3,1.863,3,3
2022,32033,43,2,6,9,3,0.760,3,3
2023,21077,86,2,3,5,1,0.565,4,4
2024,37013,85,2,6,1,1,1.261,3,2
2025,53045,38,1,5,2,2,0.657,4,4
2026,46003,22,2,2,7,2,0.562,3,3
2027,01061,81,1,2,8,1,1.754,3,2
2028,26033,45,1,5,9,3,1.113,3,2
2029,38021,37,1,3,6,1,1.741,5,5
2030,37001,74,1,2,4,3,1.106,1,1
2031,48201,85,1,1,6,1,0.501,1,1
2032,28019,66,2,3,2,1,1.564,2,3
2033,12007,45,2,3,8,3,0.994,1,1
2034,13023,40,1,4,5,2,1.791,2,1
2035,17133,66,1,6,6,2,0.551,3,1
2036,20025,20,2,5,5,3,0.662,5,5
2037,40123,42,1,5,1,1,0.969,4,3
2038,01021,63,2,5,1,2,0.463,1,1
2039,20153,33,1,6,6,3,0.849,3,3
2040,18079,51,1,4,9,3,0.401,4,4
2041,02275,83,2,3,2,2,0.585,2,3
2042,16063,18,1,3,9,3,1.625,3,1
2043,32015,73,2,5,3,3,1.175,3,3
2044,55041,19,1,3,5,1,1.295,4,3
2045,08027,51,2,2,8,1,1.187,4,3
2046,47151,81,1,2,1,3,1.779,2,2
2047,01051,21,1,2,1,2,0.583,4,3
2048,05037,52,1,4,7,1,0.750,4,3
2049,40119,86,2,2,99,1,0.684,2,2
2050,36051,18,2,2,8,3,0.529,3,3
2051,45041,61,1,3,4,3,1.031,1,1
2052,22031,20,1,1,9,2,0.675,3,4
2053,27157,22,2,2,6,3,1.680,2,2
2054,49025,61,1,5,3,3,1.858,3,2
2055,01055,57,2,3,6,3,1.915,4,3
2056,13007,33,2,1,6,2,1.580,3,3
2057,48441,84,2,1,4,3,0.805,3,2
2058,35059,45,1,6,99,1,1.847,3,3
2059,48433,56,2,6,9,2,0.715,2,2
2060,29043,56,1,1,1,3,1.295,2,1
2061,48235,42,2,6,4,1,1.567,4,4
2062,49021,79,1,1,1,2,1.234,2,2
2063,16007,71,2,1,4,3,1.780,3,2
2064,51107,30,1,5,1,2,0.426,1,1
2065,34035,86,1,4,2,2,0.905,2,2
2066,31037,31,2,3,4,3,0.754,4,4
2067,22007,84,1,1,5,3,1.027,2,1
2068,38049,84,2,3,3,2,0.491,4,4
2069,40019,57,2,5,6,1,1.129,2,2
2070,01095,76,2,6,4,3,0.984,3,3
2071,22105,26,1,3,4,3,1.413,2,2
2072,13205,37,1,6,9,1,0.929,2,2
2073,25027,67,1,2,4,1,1.748,2,2
2074,48189,54,1,1,1,2,1.793,1,1
2075,31155,27,1,5,8,3,0.878,3,4
2076,18143,18,1,6,4,1,0.593,3,3
2077,30017,47,1,6,5,3,1.521,4,4
2078,38077,34,1,5,2,1,1.521,2,2
2079,18093,19,2,6,4,3,1.172,4,4
2080,13243,33,2,2,7,3,1.952,1,2
2081,45009,82,1,3,4,3,1.009,3,3
2082,29151,82,2,4,3,2,1.033,2,1
2083,39155,52,1,4,9,1,0.702,4,4
2084,04015,28,2,3,1,3,0.813,2,1
2085,19081,71,1,6,5,1,1.646,3,3
2086,27035,33,2,5,7,3,0.957,3,3
2087,51061,61,1,2,5,1,1.217,3,2
2088,17079,21,1,1,3,3,0.903,3,2
2089,13181,36,1,6,3,3,1.556,3,3
2090,31071,39,1,3,2,3,1.188,2,1
2091,38007,56,1,5,5,3,1.032,3,2
2092,38051,64,1,1,8,1,1.570,3,4
2093,35011,79,2,6,1,1,1.940,2,3
2094,13261,58,2,5,7,1,0.843,2,2
2095,56007,20,2,3,6,1,0.586,3,3
2096,45009,56,1,3,8,3,0.711,1,1
2097,39125,60,2,6,7,3,0.785,4,4
2098,26123,84,1,1,7,1,0.625,2,2
2099,04015,36,2,4,7,2,1.636,2,1
2100,45087,20,2,4,1,3,0.760,2,2
2101,17127,59,1,3,8,3,1.037,4,3
2102,39119,43,2,2,8,2,0.990,3,2
2103,04015,21,2,1,4,1,1.293,2,1
2104,42007,78,2,6,6,3,1.635,3,3
2105,39137,67,2,5,2,3,1.152,2,2
2106,46007,46,2,6,9,2,1.398,4,3
2107,08035,26,1,6,1,2,1.297,3,3
2108,55073,76,1,6,2,1,1.255,3,3
2109,18079,36,2,6,5,1,1.669,4,4
2110,02020,69,2,3,6,2,1.438,3,1
2111,06111,68,1,2,4,3,1.732,3,3
2112,02275,31,1,4,2,2,0.731,2,2
2113,46107,42,2,6,1,1,1.146,3,3
2114,48441,22,2,2,1,1,1.681,2,2
2115,31137,71,2,5,4,1,1.568,3,2
2116,21033,55,1,3,3,3,1.462,3,4
2117,28017,60,2,1,4,1,1.914,2,2
2118,48357,32,1,4,6,2,1.777,3,2
2119,26007,39,2,4,6,3,1.495,3,2
2120,48471,18,2,3,7,3,0.836,3,3
2121,48431,26,2,1,2,3,1.302,4,4
2122,37063,71,2,3,8,2,0.864,3,3
2123,01059,54,1,4,99,3,1.597,2,2
2124,02220,46,2,3,4,1,0.480,3,3
2125,06031,82,1,6,9,3,1.534,4,4
2126,21133,56,2,1,9,3,1.382,3,3
2127,22001,19,2,3,99,2,1.032,2,1
2128,22021,38,2,1,6,2,1.000,3,3
2129,48157,32,2,4,4,1,0.470,3,2
2130,17049,49,1,3,3,1,0.749,3,3
2131,48011,43,2,3,3,3,0.465,2,1
2132,31053,46,2,1,2,3,1.985,4,4
2133,20117,65,1,6,2,1,1.049,2,2
2134,55141,56,2,5,3,3,1.224,4,5
2135,38017,60,1,1,8,3,1.015,3,3
2136,19185,71,1,2,3,2,0.508,1,1
2137,16063,77,2,2,1,2,0.585,3,2
2138,55061,22,1,3,99,3,1.341,4,3
2139,19115,55,2,3,9,3,0.497,3,3
2140,47169,51,2,4,8,1,1.296,3,3
2141,19185,21,2,3,7,1,1.628,3,3
2142,48315,42,2,1,6,1,0.981,2,1
2143,21001,53,2,6,4,3,1.898,2,1
2144,55037,83,1,5,1,3,1.499,2,2
2145,27143,71,1,2,9,2,0.724,3,3
2146,35049,73,1,3,1,3,1.311,2,3
2147,06085,48,2,4,7,1,0.758,4,5
2148,48333,30,1,3,9,1,1.487,4,4
2149,48067,33,1,6,9,1,1.702,3,3
2150,48407,50,2,3,9,1,1.876,3,3
2151,19003,48,2,1,8,2,1.346,2,1
2152,36061,28,1,6,7,2,0.850,2,2
2153,29201,69,2,3,9,1,1.497,3,4
2154,15001,84,1,6,2,3,0.854,1,1
2155,05063,64,2,5,5,3,0.859,3,3
2156,02105,19,1,2,8,3,0.463,1,1
2157,48267,87,2,4,6,3,1.173,2,2
2158,27075,56,2,5,7,1,1.433,3,4
2159,17065,23,1,4,3,3,1.649,2,2
2160,04015,20,2,5,3,3,0.533,2,1
2161,48129,18,1,4,5,2,1.361,3,2
2162,39099,29,1,1,6,3,1.999,5,5
2163,46007,61,1,6,4,3,1.813,2,2
2164,48127,73,1,3,3,2,1.760,1,1
2165,18113,20,1,5,6,3,1.616,3,3
2166,28027,35,1,4,5,1,1.891,2,1
2167,27119,19,2,4,2,3,0.488,3,3
2168,47055,84,1,1,9,1,1.726,2,2
2169,30067,26,1,4,5,1,1.477,5,4
2170,48149,44,1,1,1,2,0.641,1,2
2171,19083,21,1,1,4,1,1.302,4,3
2172,09003,84,2,5,7,3,0.613,3,3
2173,49007,68,2,3,1,3,1.299,1,1
2174,30047,33,1,4,2,2,1.433,4,4
2175,22105,25,1,4,2,1,0.499,1,1
2176,38017,29,1,3,5,1,1.069,3,3
2177,22105,86,2,6,1,2,0.960,3,3
2178,26089,65,1,5,3,1,1.597,4,4
2179,29139,63,1,1,2,1,1.439,3,3
2180,27119,45,2,4,4,2,1.611,4,3
2181,02050,57,2,5,9,3,1.332,1,1
2182,54093,21,2,4,5,2,0.646,3,3
2183,48227,31,1,2,1,1,1.680,3,1
2184,31041,63,1,4,6,1,1.937,4,4
2185,06065,36,1,6,6,1,0.766,3,3
2186,08121,35,2,2,9,3,1.644,3,3
2187,54025,64,2,1,3,2,1.891,3,2
2188,51075,21,2,2,5,1,1.392,4,4
2189,49001,66,1,3,1,2,0.462,2,2
2190,36119,82,1,1,4,3,1.683,3,2
2191,48101,45,2,6,8,3,0.435,4,3
2192,29119,59,1,5,5,3,1.889,3,3
2193,55061,35,1,4,2,2,1.618,5,5
2194,48101,38,1,4,1,2,1.088,4,3
2195,55021,74,2,6,1,2,0.474,2,2
2196,36095,36,2,4,9,2,1.898,4,4
2197,27075,60,2,4,4,1,0.867,3,2
2198,48031,66,2,6,2,1,1.207,2,2
2199,51149,24,1,6,9,3,1.372,4,4
2200,51520,49,2,5,1,1,0.623,2,2
2201,30029,78,1,3,6,3,1.094,3,2
2202,19029,85,1,6,5,3,0.870,3,2
2203,37163,53,1,5,6,1,1.355,2,2
2204,31167,62,2,2,6,2,1.747,3,3
2205,04015,19,2,1,8,2,0.615,3,3
2206,49013,73,1,6,9,3,0.882,5,5
2207,23031,72,1,2,1,3,0.617,2,3
2208,20137,56,2,4,8,1,1.857,4,3
2209,39039,59,1,1,3,2,0.899,2,2
2210,47125,50,2,1,7,3,1.486,1,1
2211,05053,25,2,5,6,1,1.231,4,3
2212,48461,27,1,3,9,1,1.119,3,2
2213,17123,26,1,6,8,2,1.087,5,5
2214,51169,67,1,2,3,2,0.466,2,1
2215,10001,86,2,1,99,2,1.954,1,1
2216,31009,35,2,3,2,3,0.851,3,3
2217,08007,42,1,6,7,1,1.301,2,1
2218,51199,56,1,6,8,2,1.642,3,2
2219,36065,52,2,3,8,1,1.331,3,2
2220,19151,25,2,6,6,2,1.166,3,3
2221,23031,32,1,3,1,2,1.680,3,3
2222,06071,64,1,3,8,1,1.143,4,4
2223,46125,34,2,4,9,3,1.674,3,3
2224,21191,50,1,2,9,3,1.622,3,3
2225,38017,47,1,1,2,1,1.288,4,4
2226,05021,48,1,6,3,2,0.631,3,2
2227,48497,33,1,3,9,3,1.310,4,5
2228,19013,78,1,6,7,1,0.478,3,3
2229,19179,72,2,4,9,2,1.534,1,1
2230,51620,29,1,3,6,2,0.491,2,2
2231,55027,35,2,4,3,2,0.521,2,2
2232,04015,64,1,3,9,3,0.490,2,2
2233,13121,55,1,1,8,1,1.870,1,1
2234,18093,49,1,3,6,1,0.578,3,4
2235,38025,49,2,2,6,2,0.474,3,3
2236,40039,33,2,4,8,1,1.919,3,2
2237,46003,84,1,4,6,3,1.757,3,2
2238,24039,37,1,4,3,2,1.425,3,3
2239,28075,65,2,4,2,1,0.928,1,1
2240,37137,87,2,2,2,2,1.256,1,1
2241,39003,44,1,6,99,1,1.196,2,3
2242,55117,31,1,6,6,1,1.037,5,4
2243,20135,43,2,1,5,3,0.446,3,2
2244,17165,57,1,4,3,2,1.111,1,2
2245,05025,82,1,3,7,3,0.542,1,1
2246,04015,50,1,3,6,1,1.655,2,1
2247,13169,48,2,4,8,1,1.804,3,2
2248,17049,80,2,6,3,2,1.168,3,3
2249,20051,63,2,6,1,2,0.432,4,4
2250,02185,27,1,3,6,2,1.568,3,3
2251,29041,26,2,2,7,2,0.643,3,2
2252,26101,46,2,5,1,3,0.631,3,3
2253,17111,60,1,4,3,3,0.875,2,1
2254,55105,76,1,5,6,3,1.905,3,3
2255,06063,69,2,4,8,2,0.728,5,5
2256,46003,38,2,6,3,3,0.872,4,5
2257,48407,47,1,6,2,2,1.348,1,1
2258,27147,85,1,3,4,3,1.679,4,4
2259,46081,66,2,6,9,3,0.806,3,2
2260,04015,41,2,3,5,1,0.420,2,1
2261,48233,71,1,2,9,2,0.434,1,1
2262,40051,73,1,1,1,3,1.325,3,2
2263,16063,75,1,3,2,1,1.921,2,1
2264,13293,77,1,3,2,1,1.172,3,2
2265,48417,36,2,6,9,2,1.035,5,5
2266,37129,18,1,3,4,1,1.658,1,1
2267,48011,28,2,5,5,3,1.033,4,3
2268,31041,26,1,3,8,2,0.631,4,4
2269,55113,63,1,1,3,1,0.772,4,4
2270,46069,86,1,3,2,3,1.019,2,1
2271,48501,53,1,1,5,2,1.991,2,3
2272,38009,59,1,1,7,1,1.044,3,3
2273,47153,30,2,2,4,3,1.274,5,4
2274,48465,49,1,6,1,1,0.934,3,2
2275,18051,47,2,6,2,1,1.196,4,4
2276,48023,43,2,2,8,2,1.032,3,3
2277,02275,87,2,5,3,2,1.871,3,3
2278,04015,42,2,6,1,1,1.025,3,2
2279,29115,20,2,6,4,1,1.068,3,3
2280,26095,31,2,1,9,3,1.721,4,4
2281,21095,50,2,6,3,1,1.450,4,4
2282,28039,43,2,6,9,2,1.931,1,1
2283,46099,48,2,3,9,2,1.867,4,3
2284,40111,68,1,4,1,1,1.566,3,3
2285,04007,82,2,6,7,2,0.479,2,1
2286,39129,73,2,6,1,3,0.922,2,1
2287,39163,50,1,6,7,3,1.463,4,4
2288,36047,74,1,5,8,2,0.466,4,4
2289,19149,63,2,6,7,2,1.383,3,2
2290,37113,24,1,3,8,1,0.976,1,1
2291,31083,51,1,3,8,1,1.386,2,1
2292,18087,24,1,5,3,2,1.006,4,4
2293,38017,19,1,6,8,3,0.402,4,4
2294,31003,48,2,2,2,1,1.676,3,2
2295,47075,26,1,5,3,2,1.248,2,1
2296,38009,59,2,5,7,2,1.991,3,2
2297,26037,38,2,4,9,3,0.841,3,2
2298,31041,76,1,3,7,1,0.403,3,3
2299,04015,22,2,3,6,1,0.687,2,2
2300,41063,36,2,4,9,1,1.605,4,3
2301,19179,57,1,6,1,1,1.817,3,2
2302,37147,21,1,4,8,3,1.406,3,2
2303,55115,43,2,3,6,1,0.470,3,2
2304,18165,47,1,1,9,1,0.897,2,1
2305,36095,74,2,6,4,3,0.960,4,3
2306,05099,87,1,5,2,1,1.010,1,1
2307,48051,32,1,6,4,2,0.755,3,3
2308,47067,54,1,5,9,1,1.048,2,2
2309,26121,76,2,1,2,2,1.324,2,1
2310,35047,40,2,4,6,2,1.576,3,3
2311,02275,66,2,1,1,3,0.470,1,1
2312,21093,87,2,4,6,3,1.453,4,3
2313,40119,73,2,2,9,3,1.824,4,3
2314,27135,63,1,5,9,2,0.898,3,3
2315,21077,81,1,6,1,3,1.137,4,4
2316,31135,73,1,2,5,1,0.960,4,3
2317,04015,80,1,4,7,1,1.141,1,1
2318,47023,71,1,6,9,1,1.317,2,2
2319,04015,76,2,3,7,1,1.969,2,1
2320,53001,69,1,1,2,1,1.338,2,2
2321,29185,78,2,4,5,1,1.475,3,2
2322,27145,34,2,4,9,2,1.248,4,4
2323,39113,57,1,3,4,1,0.938,3,3
2324,17165,78,1,5,7,3,1.423,3,4
2325,22105,27,1,1,3,3,1.813,3,2
2326,27007,34,1,3,9,3,0.905,2,2
2327,04015,28,2,5,6,1,1.404,2,2
2328,19053,31,2,2,2,2,0.785,3,3
2329,27093,59,2,2,1,1,0.697,2,1
2330,41011,22,1,2,2,1,1.425,4,3
2331,39095,72,1,1,99,3,1.242,2,2
2332,36043,71,1,5,8,1,1.675,3,4
2333,48139,27,2,2,2,3,1.112,2,2
2334,31087,56,1,4,2,2,0.530,2,2
2335,17053,24,2,4,8,2,0.446,3,2
2336,46085,22,1,1,8,1,1.456,5,4
2337,49027,55,1,6,3,2,0.559,4,4
2338,38075,39,1,1,3,1,1.101,2,2
2339,13159,46,2,1,5,3,0.415,3,3
2340,21081,44,1,3,3,1,0.537,3,3
2341,20059,21,1,1,1,3,0.890,3,3
2342,39171,23,1,6,5,2,1.838,2,2
2343,46099,73,1,6,4,1,0.547,3,2
2344,20115,57,1,3,9,2,1.016,4,4
2345,12121,63,2,3,8,1,0.675,3,3
2346,47155,22,2,2,2,2,1.912,3,3
2347,40103,75,2,2,2,3,1.999,3,3
2348,21227,68,2,4,4,2,0.796,4,3
2349,37109,39,2,2,2,3,1.823,2,2
2350,04015,59,2,6,5,3,0.983,3,2
2351,05019,41,1,3,2,1,1.062,4,3
2352,04015,84,2,2,8,1,1.384,1,1
2353,20139,39,2,1,2,2,0.511,3,2
2354,26129,54,1,4,8,3,1.011,4,4
2355,48353,65,2,4,4,2,1.779,1,1
2356,08007,78,1,1,5,3,0.649,3,3
2357,18177,22,1,4,6,3,1.573,3,3
2358,12003,34,1,5,1,1,1.508,3,3
2359,31001,71,2,4,1,2,1.631,3,3
2360,46081,74,1,3,3,3,0.440,1,2
2361,48011,70,1,1,1,1,0.879,1,1
2362,18177,33,1,6,1,1,0.529,4,3
2363,01017,65,2,3,5,2,1.650,3,3
2364,37033,67,2,2,8,1,1.132,3,2
2365,20175,20,1,1,2,1,1.905,4,3
2366,21013,34,2,6,6,2,0.851,3,2
2367,28081,56,1,3,8,1,1.498,5,5
2368,48283,37,1,5,4,3,0.572,4,3
2369,17053,54,2,5,2,3,1.464,2,1
2370,17159,38,2,2,2,1,1.730,2,1
2371,05113,26,2,1,3,3,1.570,3,3
2372,51023,45,2,1,7,2,0.657,4,4
2373,19081,20,2,4,9,3,1.154,1,1
2374,13271,37,1,4,9,1,1.467,3,2
2375,21099,52,2,5,8,1,1.192,3,2
2376,05119,64,2,3,8,1,0.663,2,2
2377,31001,83,1,5,9,2,0.705,3,3
2378,53049,74,1,4,5,1,0.600,4,5
2379,30027,46,1,5,7,2,0.464,2,2
2380,46003,84,1,5,3,1,1.960,4,5
2381,19051,52,2,4,6,3,1.180,3,2
2382,48303,76,1,1,5,3,1.424,2,1
2383,23001,63,2,2,4,3,1.093,3,3
2384,27079,45,1,5,7,1,1.609,5,4
2385,38079,46,1,5,5,2,1.426,5,5
2386,18025,27,1,6,7,3,0.496,4,4
2387,53033,83,1,6,9,3,0.442,4,5
2388,17147,18,2,4,3,1,0.730,3,3
2389,08021,49,2,6,4,1,1.921,2,3
2390,04023,57,1,2,5,3,1.007,3,3
2391,48335,59,2,5,5,3,1.435,3,3
2392,53001,28,1,2,2,2,1.087,4,4
2393,26159,64,2,5,4,1,1.314,3,3
2394,20105,37,1,6,2,1,1.081,4,3
2395,20031,80,1,4,4,3,1.274,2,3
2396,26145,57,1,4,7,1,0.894,2,2
2397,17089,77,2,1,8,3,1.034,3,4
2398,51099,60,1,4,3,1,0.850,3,3
2399,12037,22,2,2,9,1,1.002,2,2
2400,48285,49,1,3,5,2,0.603,4,2
2401,46003,61,2,6,6,1,0.440,3,3
2402,05055,79,1,2,9,1,1.258,2,1
2403,20147,44,2,2,1,3,1.849,3,1
2404,48363,39,2,3,9,3,0.472,2,2
2405,29013,49,1,4,6,2,1.050,3,2
2406,29091,32,2,2,3,1,1.708,3,2
2407,02158,59,1,6,8,2,0.963,3,2
2408,13309,65,2,2,3,3,1.105,3,2
2409,29185,26,1,5,9,1,1.605,5,5
2410,19009,37,2,1,8,1,0.817,3,3
2411,48057,58,1,6,7,3,1.240,3,3
2412,04019,20,1,6,7,2,1.690,1,1
2413,27075,43,2,3,8,2,1.807,1,1
2414,02275,55,2,3,3,2,1.770,2,1
2415,40109,31,1,6,2,3,1.153,4,3
2416,27081,32,2,6,3,1,1.351,5,5
2417,42017,45,1,5,99,1,1.918,3,3
2418,46135,54,1,5,6,1,0.598,2,1
2419,13231,46,1,2,1,2,1.606,2,2
2420,20181,77,2,5,9,2,0.697,3,3
2421,48023,25,2,2,7,1,0.898,4,5
2422,01033,52,2,5,2,3,1.999,2,2
2423,13137,38,2,1,3,1,1.001,3,3
2424,40061,80,2,1,6,1,1.836,1,1
2425,48441,23,2,4,8,2,0.872,3,3
2426,28105,67,1,1,9,3,1.556,1,1
2427,48455,61,1,3,1,1,1.739,3,2
2428,26123,38,2,6,6,2,1.523,4,3
2429,24041,66,1,4,1,1,0.917,4,3
2430,17073,39,2,3,9,2,1.637,4,3
2431,12031,51,1,2,9,2,0.542,4,3
2432,46125,27,2,5,8,3,1.777,4,4
2433,28123,37,2,2,1,1,1.431,3,4
2434,01023,64,2,6,3,3,1.446,2,2
2435,19095,84,2,6,9,1,1.948,4,3
2436,54075,38,1,4,3,2,0.924,3,3
2437,19087,81,1,6,9,1,1.022,1,1
2438,26087,77,1,2,5,2,0.958,2,3
2439,46081,76,1,5,3,3,0.820,3,3
2440,51145,60,2,5,9,2,1.259,4,5
2441,51135,49,2,4,5,1,0.927,4,3
2442,47141,21,2,5,8,2,0.908,3,3
2443,38017,48,1,6,6,2,1.793,3,3
2444,17121,70,2,2,9,2,0.482,2,2
2445,13299,62,2,2,2,2,0.681,1,1
2446,36099,82,1,4,3,2,1.677,4,3
2447,18075,60,1,2,3,1,0.852,2,2
2448,28127,78,1,1,5,2,1.682,1,1
2449,31037,19,2,5,8,1,1.837,5,4
2450,18093,39,1,4,5,2,0.737,3,3
2451,48049,55,1,5,4,2,1.375,3,2
2452,22053,63,2,2,1,1,1.509,2,2
2453,37155,34,1,3,7,3,1.301,4,3
2454,08021,62,1,1,9,3,0.991,5,4
2455,48309,72,1,6,4,1,1.871,3,3
2456,48047,63,1,3,9,2,0.445,1,1
2457,48217,55,1,6,4,1,0.454,3,3
2458,08089,74,1,5,9,1,1.288,4,4
2459,48425,27,2,2,5,1,1.188,2,1
2460,17067,21,2,5,4,1,0.627,4,3
2461,41043,44,1,1,4,1,1.889,4,2
2462,48417,21,2,6,7,3,0.611,3,2
2463,02275,79,2,5,9,3,1.736,2,2
2464,27157,77,2,3,2,3,0.909,4,4
2465,06091,20,1,2,9,3,0.572,3,3
2466,27059,76,2,1,4,1,0.505,1,1
2467,09001,46,2,2,3,3,0.660,3,3
2468,47167,43,2,3,9,1,0.565,3,3
2469,21221,34,2,4,1,1,0.951,3,3
2470,49037,52,1,2,5,3,0.998,3,2
2471,01033,19,1,1,9,1,0.622,2,2
2472,17123,57,2,3,8,1,1.161,3,3
2473,13287,33,1,2,5,1,0.720,3,4
2474,51181,19,2,2,2,2,1.807,3,2
2475,40095,43,2,2,2,1,0.902,2,1
2476,06045,57,1,1,2,3,1.656,3,3
2477,55135,40,1,4,3,3,1.156,3,2
2478,02275,65,2,3,4,3,1.709,3,3
2479,12029,29,2,3,3,1,1.367,3,3
2480,54097,65,2,6,7,3,0.835,3,2
2481,30033,78,1,1,2,1,1.352,2,2
2482,41025,32,1,4,6,1,1.550,4,4
2483,29185,45,1,3,6,1,0.824,2,2
2484,22039,67,2,3,6,1,0.757,3,1
2485,13035,53,2,5,9,2,0.808,1,1
2486,29083,19,2,3,1,3,1.208,3,4
2487,47153,22,2,4,5,1,1.637,3,3
2488,19179,59,1,5,4,2,1.148,2,2
2489,48271,42,1,1,2,1,1.688,1,1
2490,31083,29,2,6,4,3,1.874,3,2
2491,04015,61,1,3,4,2,0.795,1,1
2492,16063,65,2,4,2,1,1.007,2,2
2493,26037,72,2,3,6,3,1.466,2,2
2494,47055,64,1,4,7,2,1.538,2,3
2495,50013,53,2,4,6,3,1.962,3,2
2496,47135,59,1,1,4,2,0.505,1,1
2497,38021,86,2,4,2,2,1.505,2,2
2498,47009,33,1,2,4,1,1.940,2,2
2499,27051,67,2,2,5,1,1.014,2,2
2500,48219,30,2,5,3,3,1.979,3,4
2501,28089,21,2,4,8,2,1.621,4,3
2502,22105,31,1,2,2,1,1.424,2,1
2503,35059,36,2,3,6,1,0.952,4,4
2504,38063,59,2,1,1,2,1.064,1,1
2505,17093,26,2,4,1,2,1.593,4,3
2506,31085,26,1,6,2,1,0.741,3,2
2507,31093,57,1,6,2,1,1.654,3,3
2508,16063,30,1,3,4,3,0.767,4,4
2509,18093,39,1,6,6,1,1.762,3,3
2510,09001,63,1,1,1,1,0.979,5,5
2511,08021,52,1,4,7,1,1.416,3,2
2512,46099,61,2,2,3,1,1.471,3,2
2513,30033,79,2,1,4,2,0.618,3,3
2514,38047,68,2,3,1,3,1.930,2,3
2515,02122,22,2,1,5,1,1.861,3,3
2516,39097,25,1,3,9,1,1.019,3,2
2517,51840,51,1,2,8,2,0.743,3,4
2518,20099,86,2,3,7,1,0.493,3,2
2519,12045,57,2,6,2,2,1.481,2,1
2520,16063,21,2,3,7,3,1.049,2,1
2521,15009,22,1,3,2,2,1.744,4,4
2522,39105,48,2,5,1,3,1.635,3,3
2523,48243,65,1,3,5,1,0.930,2,1
2524,28097,54,2,6,6,1,1.861,2,1
2525,08013,48,1,1,8,1,0.443,1,1
2526,46097,45,1,1,1,3,0.751,3,3
2527,27021,53,2,4,8,2,0.924,4,3
2528,08079,35,2,6,9,3,1.318,4,3
2529,39063,19,2,6,5,1,1.006,4,3
2530,31137,57,1,5,2,1,1.029,2,2
2531,23015,45,2,3,4,3,0.481,4,4
2532,04015,75,1,4,1,3,0.981,2,2
2533,04015,67,1,1,2,1,0.667,1,1
2534,55019,62,2,3,9,2,0.644,4,4
2535,13089,20,2,5,4,3,1.680,3,3
2536,13169,48,1,1,7,1,1.157,3,3
2537,47145,44,2,3,8,3,1.797,4,3
2538,30081,18,2,5,7,1,0.884,3,2
2539,13009,28,2,3,99,2,1.307,4,4
2540,45037,56,1,5,8,3,0.671,2,2
2541,01077,71,2,4,3,2,0.788,1,1
2542,20111,56,1,1,4,2,1.577,3,3
2543,19137,34,1,4,6,2,1.399,4,3
2544,48085,75,1,6,1,2,0.926,4,3
2545,28081,67,2,3,6,1,0.922,3,2
2546,22105,62,2,3,2,2,1.480,3,3
2547,31029,55,2,2,5,1,1.174,3,2
2548,46091,79,2,1,4,2,0.489,3,3
2549,22105,56,2,6,8,3,1.628,4,4
2550,50013,63,2,2,5,3,1.489,2,2
2551,48393,34,2,3,3,3,1.627,2,2
2552,26051,38,1,6,4,2,1.392,3,4
2553,12043,68,2,3,3,3,1.658,3,3
2554,51003,58,1,5,4,1,1.552,2,2
2555,16071,39,2,5,8,2,1.100,3,2
2556,37095,81,1,3,8,2,0.658,4,5
2557,45009,38,1,4,2,2,1.948,2,2
2558,45053,30,1,4,9,3,0.568,3,2
2559,55113,31,2,1,9,2,0.445,4,5
2560,29103,37,2,3,9,2,1.804,3,2
2561,46125,33,1,2,3,2,1.735,2,2
2562,48005,60,2,1,99,2,0.611,1,1
2563,08057,40,2,1,8,3,1.993,4,4
2564,40049,63,1,6,2,1,1.379,2,1
2565,28007,22,1,6,9,2,0.958,4,3
2566,04015,33,2,3,9,3,0.868,2,1
2567,48467,72,1,2,4,1,1.464,1,1
2568,48233,85,2,2,6,3,1.407,1,1
2569,01123,51,2,6,5,2,0.996,2,2
2570,04015,59,2,3,9,3,1.025,2,2
2571,27047,38,1,4,2,2,0.723,3,3
2572,29195,22,2,5,9,3,1.881,3,2
2573,04023,20,1,1,9,2,1.610,3,2
2574,19019,28,1,4,5,3,1.956,4,4
2575,27033,52,2,3,2,2,1.601,2,2
2576,17079,41,1,1,4,2,0.548,1,1
2577,48403,44,1,2,6,2,0.964,3,2
2578,40019,50,1,5,6,3,0.864,3,3
2579,48429,56,1,5,8,2,0.953,4,3
2580,55073,65,2,3,4,2,1.033,4,4
2581,48471,82,2,4,1,1,1.779,2,1
2582,39009,61,2,5,1,1,0.817,4,4
2583,49025,41,2,3,2,2,1.212,3,2
2584,39157,80,1,4,2,1,1.057,2,1
2585,48189,58,2,3,2,1,0.940,3,3
2586,12027,46,2,6,5,2,1.571,2,2
2587,47157,49,1,3,3,3,0.557,4,3
2588,39039,42,1,6,8,2,1.988,5,3
2589,45019,33,2,1,1,2,1.379,1,1
2590,17073,20,1,4,3,2,0.422,4,4
2591,46125,39,2,2,2,3,1.636,3,3
2592,21017,60,2,4,8,3,0.441,3,4
2593,38073,29,1,4,2,1,0.868,3,3
2594,54085,23,1,1,7,3,0.917,3,2
2595,18045,41,1,2,4,2,1.975,3,3
2596,13109,41,1,1,8,3,1.854,2,2
2597,29133,77,1,1,5,1,0.529,3,4
2598,29099,56,2,1,5,1,0.481,2,1
2599,55099,54,2,3,7,2,1.088,1,1
2600,40087,23,1,6,1,1,1.176,2,1
2601,19083,24,1,5,5,2,1.631,3,4
2602,36095,25,1,2,2,2,0.876,3,3
2603,19149,19,2,5,3,1,1.037,2,2
2604,04015,19,1,6,4,3,0.996,3,3
2605,51083,43,2,3,9,2,1.548,1,1
2606,39089,38,1,3,1,2,1.816,3,2
2607,01063,46,2,5,9,2,0.441,1,1
2608,22045,82,1,1,4,3,1.061,2,3
2609,01105,48,1,4,9,3,1.461,3,2
2610,04015,33,2,2,3,3,1.371,1,1
2611,26089,33,2,2,6,1,1.771,2,3
2612,19191,86,2,4,9,2,0.947,3,3
2613,04015,36,2,5,1,2,1.698,4,4
2614,01031,64,2,2,5,2,0.586,1,1
2615,37131,43,1,6,9,3,1.853,4,3
2616,28017,50,1,5,9,2,0.833,4,4
2617,21111,64,1,4,8,2,0.604,2,2
2618,08035,37,1,3,9,2,1.856,3,3
2619,48259,26,1,1,1,3,1.645,2,1
2620,42103,64,1,1,3,1,1.316,2,1
2621,55075,35,1,1,3,3,1.738,4,3
2622,37037,86,1,5,6,1,1.801,3,2
2623,13099,32,1,2,9,3,0.694,1,1
2624,39101,58,1,5,3,3,1.998,3,2
2625,01079,82,1,1,4,1,1.661,2,3
2626,48365,70,1,5,1,2,0.701,3,2
2627,53047,30,1,5,3,1,1.416,3,3
2628,35029,79,1,2,99,1,0.803,2,1
2629,54051,85,2,4,1,3,0.774,3,4
2630,18085,56,2,1,3,3,1.072,2,2
2631,29045,43,2,6,7,2,1.036,3,2
2632,05015,20,1,5,2,3,0.976,3,3
2633,39105,67,2,1,4,2,1.449,2,2
2634,48117,67,1,2,2,1,1.090,2,2
2635,13023,70,2,5,7,1,0.582,4,3
2636,08101,42,2,1,9,2,1.407,3,2
2637,48047,71,1,4,7,1,1.450,3,3
2638,28055,64,1,4,6,2,0.905,3,2
2639,51650,82,1,2,3,2,1.094,2,1
2640,46099,70,1,3,1,2,1.154,2,1
2641,21063,36,1,6,2,3,0.588,3,2
2642,20063,60,2,6,8,2,1.360,4,5
2643,48373,71,2,1,6,1,1.404,2,2
2644,48117,77,1,5,4,3,1.759,2,2
2645,24043,57,1,1,7,1,1.299,2,2
2646,38017,56,1,2,1,2,1.551,2,2
2647,38017,79,2,1,8,1,1.126,3,3
2648,18007,18,2,1,5,3,1.332,1,1
2649,17147,79,1,6,7,3,1.753,2,1
2650,27005,23,1,2,1,1,0.869,2,2
2651,48471,78,2,2,3,2,1.387,2,2
2652,48475,18,2,4,3,2,1.164,2,2
2653,19079,27,2,6,5,2,1.710,3,3
2654,46041,71,2,1,3,2,1.464,2,2
2655,35033,31,1,6,7,3,0.619,4,3
2656,48075,47,2,4,7,2,1.059,1,1
2657,38063,70,2,4,3,1,1.212,1,1
2658,41037,51,2,2,3,2,0.598,3,3
2659,27007,37,2,6,4,2,0.688,3,2
2660,35043,84,1,6,99,3,1.321,4,4
2661,37153,73,1,6,5,2,0.476,1,1
2662,04015,74,1,2,1,1,1.422,3,3
2663,51685,86,2,1,6,1,1.671,2,2
2664,17147,41,1,2,6,3,0.696,3,3
2665,04015,64,1,1,9,1,0.807,2,2
2666,29115,83,1,1,6,1,1.904,2,1
2667,21219,22,2,4,5,2,0.422,4,4
2668,29133,39,2,4,99,1,0.921,2,2
2669,24015,69,2,6,3,2,1.328,4,3
2670,12061,86,1,5,4,1,1.916,3,4
2671,42087,31,1,6,7,1,1.256,4,2
2672,02195,86,2,5,6,2,1.404,1,1
2673,37057,82,1,3,6,2,1.542,2,2
2674,22105,49,2,2,2,1,1.004,1,1
2675,55113,41,2,1,3,3,0.509,4,4
2676,37151,53,1,6,2,1,1.699,3,3
2677,29105,81,2,2,9,3,1.303,2,2
2678,51570,25,2,6,7,1,1.321,3,3
2679,19069,34,2,3,4,3,1.277,3,3
2680,55139,20,2,5,2,1,1.622,3,3
2681,31029,57,2,3,7,1,1.789,2,2
2682,05117,55,2,2,1,3,1.980,2,1
2683,54013,44,1,5,4,1,0.498,4,4
2684,06089,75,1,1,6,3,1.180,1,1
2685,08007,40,2,4,8,3,0.961,3,2
2686,36065,66,1,1,9,1,1.781,2,2
2687,39083,76,1,5,3,1,1.002,2,2
2688,48471,60,1,4,8,3,1.881,3,3
2689,29209,67,2,6,8,1,0.779,3,3
2690,28121,48,1,2,4,2,0.721,2,1
2691,27153,32,2,3,3,3,1.303,4,3
2692,13235,65,2,6,2,2,0.414,1,1
2693,04015,66,1,5,8,3,1.741,3,3
2694,38001,84,1,2,1,3,0.929,3,3
2695,31041,25,2,2,2,1,0.652,4,4
2696,15001,44,1,1,4,1,1.699,3,2
2697,48275,66,2,6,2,3,1.168,2,3
2698,48125,86,2,5,9,2,1.787,4,4
2699,26151,54,1,3,6,3,1.523,2,2
2700,37167,57,1,4,1,3,0.427,1,1
2701,04015,43,1,5,6,3,1.470,4,4
2702,46021,71,1,6,2,1,1.115,4,3
2703,02130,23,1,5,2,3,1.671,1,2
2704,38097,38,1,4,2,3,0.402,4,4
2705,37083,79,2,2,6,3,1.821,1,1
2706,18075,64,2,2,8,3,0.896,3,2
2707,37047,43,2,2,9,2,1.530,2,2
2708,54083,48,1,3,2,3,0.655,3,2
2709,55135,18,1,6,5,1,1.224,5,4
2710,05037,31,2,1,3,1,0.907,1,1
2711,27071,72,2,1,3,2,1.039,3,3
2712,16063,23,1,3,7,3,1.343,4,3
2713,48497,40,2,6,8,1,1.993,3,2
2714,35017,43,2,3,2,3,1.156,1,1
2715,04015,77,2,3,3,1,1.186,1,1
2716,18121,81,1,5,4,3,0.995,3,2
2717,21119,77,1,1,4,1,0.653,3,3
2718,20029,44,1,5,6,3,1.336,3,3
2719,05025,37,1,6,3,1,1.073,3,3
2720,36095,54,2,6,3,2,0.920,4,3
2721,51139,67,2,3,7,3,1.320,3,2
2722,55079,61,1,5,5,1,1.542,1,1
2723,26087,30,2,2,9,3,1.239,4,4
2724,29107,35,1,6,4,1,1.949,4,3
2725,38053,54,2,1,9,3,1.768,4,3
2726,48339,27,2,6,7,3,0.607,3,2
2727,53039,76,1,3,9,2,0.652,3,3
2728,31125,65,1,3,7,3,1.498,3,3
2729,24001,67,2,1,7,2,1.199,5,4
2730,48173,64,2,5,5,1,1.967,3,2
2731,47019,60,2,2,4,1,1.994,2,1
2732,47079,50,1,2,1,3,0.543,4,3
2733,06089,52,2,3,2,1,0.431,2,2
2734,46091,42,1,6,8,1,0.826,3,3
2735,48157,72,2,4,6,1,1.706,2,1
2736,19089,22,1,4,4,2,0.805,3,2
2737,35035,75,1,3,2,3,1.541,4,4
2738,46043,83,2,3,2,3,1.852,1,1
2739,48413,77,2,3,3,2,1.994,2,2
2740,13023,37,1,3,7,3,0.940,1,1
2741,48315,24,2,4,2,1,1.273,2,1
2742,48021,48,1,6,2,2,1.535,2,2
2743,47179,62,2,2,5,2,0.749,3,3
2744,02158,52,2,4,2,1,1.445,2,2
2745,27067,66,2,3,5,1,1.217,4,4
2746,22105,22,1,6,1,2,0.934,4,3
2747,54013,18,2,4,5,2,1.493,2,2
2748,51125,56,1,6,8,2,1.046,3,3
2749,48435,21,2,2,1,2,0.800,2,3
2750,18023,22,1,2,3,3,1.543,4,4
2751,51079,20,1,4,3,1,1.304,3,2
2752,28085,20,1,1,99,3,1.225,3,3
2753,51121,48,1,6,7,1,0.833,3,2
2754,48103,82,1,6,2,2,0.651,3,2
2755,27075,87,2,3,7,1,0.571,4,4
2756,38071,40,2,3,8,2,1.985,4,4
2757,30077,82,1,5,4,2,1.400,2,2
2758,51143,23,1,4,3,3,1.363,2,3
2759,35035,46,2,1,4,1,1.205,2,2
2760,45033,70,2,3,2,3,1.622,2,1
2761,55135,68,1,4,8,1,1.159,4,4
2762,48139,49,2,1,5,1,1.216,3,3
2763,18145,52,2,1,1,3,1.373,3,4
2764,27119,44,2,3,1,1,1.517,3,4
2765,49029,26,1,5,7,1,1.976,3,3
2766,25005,48,1,6,1,2,1.427,4,4
2767,40151,64,1,5,6,2,1.995,3,3
2768,04023,53,2,6,8,2,1.974,4,4
2769,37005,23,1,2,8,2,1.896,4,4
2770,39067,39,1,3,6,1,0.842,4,2
2771,51650,18,1,1,8,2,1.871,2,2
2772,36117,74,2,1,7,2,0.434,4,3
2773,28009,75,2,4,2,2,1.678,2,2
2774,01025,74,2,6,2,2,0.694,3,2
2775,04015,22,1,4,9,2,1.734,4,5
2776,39161,65,2,2,2,3,1.472,2,2
2777,34003,64,1,2,6,1,0.668,3,2
2778,13247,37,1,2,4,3,1.039,3,2
2779,13087,65,2,1,99,3,1.927,2,1
2780,54083,40,1,5,4,3,0.817,1,2
2781,17149,50,2,2,8,1,1.863,3,2
2782,48233,56,1,2,7,3,1.490,1,1
2783,47071,86,1,3,2,3,0.515,2,1
2784,18073,65,1,4,7,2,1.299,2,1
2785,04015,49,1,2,5,2,1.203,2,1
2786,38017,36,2,1,5,1,1.092,3,3
2787,31043,71,2,6,8,2,0.721,2,1
2788,30089,39,1,6,4,1,0.836,3,2
2789,19167,40,1,3,8,2,1.140,3,3
2790,47153,69,1,4,3,1,1.757,5,4
2791,01007,79,1,6,6,3,1.364,2,2
2792,04015,65,1,6,99,2,0.526,3,2
2793,21219,51,2,2,7,1,1.073,2,1
2794,13143,64,1,3,8,2,0.559,2,1
2795,06069,50,1,2,3,3,0.970,4,3
2796,45089,43,2,6,3,1,1.285,3,2
2797,05079,43,1,4,2,1,0.592,3,4
2798,20027,64,2,5,4,1,1.793,4,4
2799,20111,60,2,1,6,2,0.615,4,4
2800,48295,60,2,2,6,1,1.515,2,2
2801,48045,65,2,6,4,1,0.539,3,3
2802,48131,27,2,4,4,3,1.870,3,3
2803,17037,46,2,2,2,1,1.924,2,2
2804,38075,39,2,5,4,3,1.193,4,2
2805,31037,69,2,3,7,1,1.591,3,4
2806,41047,55,2,5,5,2,1.196,3,2
2807,20115,74,1,4,5,1,1.093,1,1
2808,31035,36,1,3,3,3,1.889,3,2
2809,04015,57,2,2,7,3,1.540,2,2
2810,16063,58,1,6,5,2,1.913,5,5
2811,51670,49,1,2,8,2,0.834,1,1
2812,34035,20,1,3,7,2,1.975,4,3
2813,48105,57,2,6,4,3,1.745,3,3
2814,27091,76,2,3,6,1,1.132,3,2
2815,23027,35,2,2,2,3,1.847,4,4
2816,26069,76,1,3,9,3,1.903,2,3
2817,30001,80,1,1,7,1,1.097,3,2
2818,27013,70,1,5,9,2,1.950,4,4
2819,12067,83,1,3,7,3,1.632,2,1
2820,46081,60,1,1,1,3,0.406,4,4
2821,29115,22,2,6,7,3,0.511,3,2
2822,47015,69,2,6,4,2,0.424,2,1
2823,08009,24,2,4,4,3,1.471,3,3
2824,29095,87,1,2,1,1,1.846,4,4
2825,51595,67,2,6,4,3,0.573,2,1
2826,48171,45,2,1,99,3,1.974,4,3
2827,30033,65,2,4,3,2,1.243,1,1
2828,21213,77,1,5,5,3,1.732,2,2
2829,39103,87,1,2,9,3,1.744,2,2
2830,08051,41,1,2,6,1,1.281,3,3
2831,48037,52,1,3,4,1,1.022,2,3
2832,55125,59,1,3,5,2,1.907,5,5
2833,46105,52,1,6,5,1,1.729,4,4
2834,46125,75,2,6,9,3,0.448,4,4
2835,12105,52,2,5,5,3,1.495,3,3
2836,26087,85,2,1,4,1,1.321,2,2
2837,41023,85,2,1,2,1,0.905,3,1
2838,13299,59,1,5,99,3,1.046,2,1
2839,55075,44,1,5,4,3,1.060,4,3
2840,20003,75,1,3,6,3,1.732,2,3
2841,16085,26,1,5,5,2,0.776,3,2
2842,48417,36,2,2,7,2,1.010,2,1
2843,04005,48,2,3,4,1,1.257,3,2
2844,51157,86,1,4,2,1,1.005,3,4
2845,36099,22,1,4,3,3,0.710,4,4
2846,27033,50,2,5,4,3,0.480,2,2
2847,19001,34,1,4,4,3,1.533,2,2
2848,20163,50,2,4,8,3,0.432,2,2
2849,51690,20,1,4,2,1,0.587,3,2
2850,20115,74,2,2,6,2,0.912,3,3
2851,29005,79,2,1,2,1,1.232,2,2
2852,37163,33,2,2,2,3,0.795,2,1
2853,17035,48,2,3,3,1,1.479,4,3
2854,04015,28,1,3,1,3,0.707,2,1
2855,13193,56,2,3,8,2,0.471,3,3
2856,26141,56,1,6,5,3,1.076,2,2
2857,26129,41,2,3,5,3,0.753,5,4
2858,17041,23,1,2,9,1,1.517,2,1
2859,17059,45,2,2,8,1,1.002,1,1
2860,02275,31,1,4,4,3,1.394,4,3
2861,13143,32,1,6,2,3,1.393,2,2
2862,31115,19,1,6,7,3,0.932,4,3
2863,08021,86,2,6,1,1,1.564,2,2
2864,55115,72,2,5,4,2,1.102,5,5
2865,08085,39,2,4,4,2,1.608,3,2
2866,41033,27,1,2,6,2,0.453,4,4
2867,05023,80,2,2,3,1,0.828,2,1
2868,27093,72,1,5,8,2,1.003,4,3
2869,48023,83,2,5,2,3,1.336,1,1
2870,51135,76,1,6,1,2,0.816,1,1
2871,04015,36,2,5,3,3,1.281,1,1
2872,39103,35,2,1,1,1,0.937,2,1
2873,19033,59,1,1,2,1,1.718,2,2
2874,29165,74,1,1,3,1,1.500,3,3
2875,29151,61,2,3,8,3,0.712,1,1
2876,40077,18,2,6,2,1,1.216,4,4
2877,46077,45,1,2,9,1,1.989,4,4
2878,27119,62,2,5,8,3,1.874,5,4
2879,05131,39,2,5,8,2,0.844,4,3
2880,46125,47,2,6,9,1,0.738,2,2
2881,13081,80,1,3,8,2,1.336,1,1
2882,05063,22,2,3,3,2,0.473,2,2
2883,13251,53,1,2,5,2,0.910,3,3
2884,35037,32,2,6,6,1,1.819,5,4
2885,26043,50,1,2,8,2,1.750,4,4
2886,46025,86,1,3,3,2,1.777,2,1
2887,36095,43,2,4,9,2,0.611,3,3
2888,37057,66,2,5,2,2,1.811,2,2
2889,05065,78,1,1,9,1,0.732,2,2
2890,20177,47,2,2,7,3,0.622,2,1
2891,22105,69,2,1,6,1,0.708,2,1
2892,12133,59,2,2,4,2,1.096,2,1
2893,48435,33,2,6,6,1,0.476,3,2
2894,39097,87,2,5,6,2,1.803,2,2
2895,30015,23,2,4,1,3,1.286,3,2
2896,40111,20,2,4,1,1,1.080,4,4
2897,26087,44,2,2,6,1,1.244,3,2
2898,27093,70,1,4,6,3,1.918,4,3
2899,42095,38,1,1,2,2,1.124,2,1
2900,46099,18,2,2,7,1,1.830,4,4
2901,48359,86,1,5,1,3,1.664,3,2
2902,19013,45,2,1,99,1,1.798,2,2
2903,51115,33,1,2,5,1,0.780,3,2
2904,38019,23,1,2,9,1,1.086,2,2
2905,48219,44,2,5,3,2,1.578,2,2
2906,04015,66,2,6,9,2,1.209,2,1
2907,55137,32,1,4,2,2,1.464,4,4
2908,18103,78,1,2,2,2,1.300,1,1
2909,35029,87,1,6,7,3,1.023,3,2
2910,48283,53,1,5,5,3,0.572,2,2
2911,48305,46,2,2,8,3,0.804,3,2
2912,21113,29,1,1,9,1,1.994,3,3
2913,46107,64,2,1,3,3,1.862,2,2
2914,19043,43,2,4,4,1,0.644,3,3
2915,22033,59,2,2,8,3,1.676,2,1
2916,17081,83,1,3,99,2,1.526,2,2
2917,18079,34,2,1,7,1,1.228,3,3
2918,51685,61,1,6,3,2,1.839,3,3
2919,45045,32,1,5,1,1,0.746,4,4
2920,19117,32,1,3,5,1,0.954,4,3
2921,08023,79,2,4,9,1,0.668,2,3
2922,26117,50,2,6,5,1,1.037,4,4
2923,13195,41,2,1,8,1,1.349,3,2
2924,48139,45,2,2,4,1,0.628,2,2
2925,37197,18,1,4,2,2,0.514,3,3
2926,04015,38,1,5,9,1,1.962,3,3
2927,19013,73,1,2,9,2,1.341,2,2
2928,39055,79,2,4,1,2,0.868,3,3
2929,51820,63,2,6,3,3,0.470,3,4
2930,39037,60,2,4,2,1,1.229,4,3
2931,48093,24,2,1,6,2,1.847,2,2
2932,06109,60,1,4,9,1,1.229,3,3
2933,49027,39,1,2,5,2,1.163,1,1
2934,02275,23,1,6,3,2,0.858,1,1
2935,22023,22,1,5,7,2,1.316,2,2
2936,46011,26,2,5,1,3,0.870,4,4
2937,01013,62,2,3,2,1,1.361,2,1
2938,49021,77,1,1,5,2,0.553,3,3
2939,04017,26,2,4,7,1,1.499,5,4
2940,51007,44,1,6,9,3,1.749,3,3
2941,13195,55,2,3,7,3,0.873,1,1
2942,48213,50,2,3,9,3,0.660,4,3
2943,17037,74,2,5,1,3,1.685,2,1
2944,16063,33,2,5,1,3,1.222,4,4
2945,04015,42,2,3,7,3,1.925,1,1
2946,51169,22,1,4,4,2,1.788,3,2
2947,16039,54,1,5,5,1,0.550,4,4
2948,20065,37,1,5,8,2,0.663,5,5
2949,24031,43,1,4,6,2,0.746,4,4
2950,01027,83,1,2,6,3,1.939,2,1
2951,46097,22,2,3,3,1,1.818,3,2
2952,47101,32,2,1,5,1,1.210,2,1
2953,16063,76,2,4,2,3,1.270,3,4
2954,45009,67,1,5,2,3,1.028,5,4
2955,31019,27,1,1,8,3,0.500,3,3
2956,17033,63,1,5,6,1,0.451,3,2
2957,27119,66,2,2,2,1,1.196,3,2
2958,32021,38,2,5,6,2,0.582,2,2
2959,04015,75,1,3,1,3,1.230,2,2
2960,40085,62,2,3,3,2,0.725,2,2
2961,48249,31,2,4,4,1,0.510,1,1
2962,08105,71,1,2,3,2,0.480,2,1
2963,16063,58,2,5,2,1,0.668,3,3
2964,39025,26,2,1,7,2,1.219,3,3
2965,48451,22,2,4,3,2,1.193,1,1
2966,38017,84,2,5,3,3,0.543,2,3
2967,50009,84,1,1,5,2,1.278,3,2
2968,32001,58,1,5,1,1,0.931,3,3
2969,36031,82,1,5,1,2,1.412,2,1
2970,42039,69,2,1,99,3,1.999,2,2
2971,09001,20,2,3,4,1,1.988,4,4
2972,38021,80,1,2,2,3,1.460,3,4
2973,53051,65,2,6,5,3,0.961,2,2
2974,01083,35,1,1,7,3,0.777,2,1
2975,53023,49,1,5,6,2,0.895,4,2
2976,48285,66,1,2,8,3,1.123,2,1
2977,31159,82,2,2,6,2,1.660,4,3
2978,27119,62,1,5,4,3,1.407,4,4
2979,20067,18,1,2,8,1,1.300,2,2
2980,20101,50,2,2,1,1,1.495,3,3
2981,54023,27,1,2,2,2,1.050,2,1
2982,24510,44,1,4,5,3,1.938,2,1
2983,31125,82,1,6,6,1,0.567,3,3
2984,48497,79,1,6,7,2,1.328,1,1
2985,47063,49,1,1,9,2,1.218,1,1
2986,05065,29,2,5,1,2,0.552,5,5
2987,13023,82,2,5,4,2,1.160,4,3
2988,19157,40,1,1,7,2,1.611,4,3
2989,20049,84,2,5,4,1,1.198,4,3
2990,36095,70,1,4,1,3,1.346,3,3
2991,48329,81,1,3,7,3,1.553,1,1
2992,04015,70,2,3,8,2,0.433,3,3
2993,17133,41,1,6,3,3,1.035,3,2
2994,29211,50,1,6,9,1,0.700,3,2
2995,45031,74,1,4,1,2,0.597,1,1
2996,04015,55,1,2,7,3,1.685,3,2
2997,13087,76,2,2,1,1,1.256,3,1
2998,37181,50,2,2,2,2,1.164,2,1
2999,39037,44,2,5,1,3,0.474,3,2
3000,48047,36,2,4,1,1,1.981,2,2
3001,12083,44,2,6,1,1,1.567,1,2
3002,13077,60,2,1,9,1,1.135,2,1
3003,26149,85,2,1,1,1,0.987,2,2
3004,46125,74,1,4,1,1,0.670,3,2
3005,38079,70,2,5,6,2,0.715,1,1
3006,48267,63,2,3,8,1,1.216,3,2
3007,04015,53,2,3,99,1,1.320,2,1
3008,48143,30,2,2,9,1,1.546,1,1
3009,21007,48,1,2,2,1,1.581,2,1
3010,45007,30,1,4,4,3,1.916,2,1
3011,24043,19,1,5,9,2,0.695,5,5
3012,46097,74,2,3,7,3,0.816,3,2
3013,19131,64,1,3,6,3,0.650,4,4
3014,21017,43,1,4,6,1,0.440,2,2
3015,48051,61,2,4,1,1,1.816,2,2
3016,13169,48,1,6,3,1,0.479,2,3
3017,33005,58,2,3,4,3,1.309,3,3
3018,06089,82,2,4,9,3,0.750,2,1
3019,21169,19,2,4,7,2,0.993,4,4
3020,47153,49,2,4,1,2,1.584,2,2
3021,39099,83,2,1,4,2,1.864,3,2
3022,48471,42,1,3,7,3,1.242,3,3
3023,22105,21,1,1,2,1,0.926,4,4
3024,48053,25,1,1,7,1,0.695,3,2
3025,13199,44,1,5,1,2,0.520,3,3
3026,45075,78,1,6,6,1,1.324,2,2
3027,27125,56,2,1,9,3,1.229,3,3
3028,29031,55,2,1,4,2,1.906,2,3
3029,19031,78,2,1,9,1,1.650,3,2
3030,48107,34,2,2,8,2,1.781,2,1
3031,45067,32,2,1,7,2,1.977,2,2
3032,13015,38,2,1,7,2,1.624,2,2
3033,28017,81,1,5,2,1,1.816,2,2
3034,29225,25,1,3,9,3,0.769,4,3
3035,05023,74,2,1,3,1,1.986,3,2
3036,08007,79,2,6,5,2,1.641,2,2
3037,38021,71,2,6,5,1,1.882,2,3
3038,27039,69,1,2,8,3,0.946,3,2
3039,04015,62,2,6,1,2,1.712,2,2
3040,48053,56,2,6,3,2,0.712,2,2
3041,22113,81,1,2,2,2,0.947,2,2
3042,13255,65,2,4,2,3,1.220,2,1
3043,19111,33,2,4,3,1,0.576,3,2
3044,04015,50,2,2,8,1,1.948,2,2
3045,54017,81,2,5,6,2,1.173,2,2
3046,48089,68,2,1,9,1,0.434,3,3
3047,13023,45,1,1,9,3,1.598,4,3
3048,51107,28,2,1,9,3,1.268,4,3
3049,17093,21,1,5,3,1,1.552,2,2
3050,21013,43,1,1,5,3,0.536,2,1
3051,49037,25,2,4,4,3,1.488,3,2
3052,12085,66,1,1,7,1,1.545,2,1
3053,56025,86,2,6,2,1,1.099,5,4
3054,48471,24,1,6,4,2,1.224,3,4
3055,27079,76,1,3,4,3,1.103,3,3
3056,55063,83,1,3,2,2,0.964,4,4
3057,37039,77,1,5,4,1,0.931,1,1
3058,46063,62,2,5,6,1,1.050,5,5
3059,29055,81,2,3,3,1,0.522,3,2
3060,39007,44,1,5,9,1,1.678,2,2
3061,28119,76,1,4,3,3,0.489,1,1
3062,24043,32,1,5,2,3,0.862,3,3
3063,13255,25,2,1,9,3,1.831,3,2
3064,04015,58,1,2,7,1,0.460,1,1
3065,04015,83,2,2,9,1,1.485,4,3
3066,48461,87,1,2,1,3,1.579,2,1
3067,40133,47,1,4,9,2,1.616,3,4
3068,01073,80,2,5,5,2,1.461,2,1
3069,47153,37,2,1,5,1,0.990,2,2
3070,21129,50,1,1,9,1,0.768,2,2
3071,30051,27,2,5,1,1,0.528,3,4
3072,42079,39,1,6,8,2,1.086,5,5
3073,36027,59,2,6,2,1,0.648,5,5
3074,29133,84,2,2,1,1,1.989,3,3
3075,04015,82,1,2,2,2,1.492,1,1
3076,17115,27,2,3,2,1,0.770,4,4
3077,41055,30,1,5,6,1,0.440,3,3
3078,08045,41,1,2,7,2,1.069,3,3
3079,26087,70,2,1,2,2,0.636,2,2
3080,41043,86,1,1,3,2,1.997,3,2
3081,42045,18,2,4,6,1,1.600,3,4
3082,04015,85,1,2,1,1,1.404,2,2
3083,04023,50,1,5,7,2,0.712,3,3
3084,22105,34,2,3,3,1,1.362,2,1
3085,41011,54,1,6,2,2,0.622,3,3
3086,06021,51,2,4,2,2,1.027,3,3
3087,40129,28,2,4,6,3,1.438,4,3
3088,27007,85,2,2,4,3,1.683,4,4
3089,31093,61,2,3,8,2,1.458,3,3
3090,13089,73,2,6,99,3,1.879,2,2
3091,31161,28,2,4,2,1,1.714,3,3
3092,01113,30,1,1,9,2,1.327,3,2
3093,48093,24,2,1,4,2,1.964,2,1
3094,20057,57,2,2,8,3,1.320,2,3
3095,54019,57,2,2,2,2,0.852,3,3
3096,22051,45,2,5,8,2,1.944,3,3
3097,28053,81,2,5,7,3,1.108,3,3
3098,17201,52,1,5,4,3,0.502,3,3
3099,04015,28,1,3,6,2,0.737,2,1
3100,21033,85,1,3,5,1,1.144,3,2
3101,16013,45,1,1,2,1,0.905,1,1
3102,04015,56,2,5,4,1,1.801,2,2
3103,12085,45,2,2,6,3,0.772,2,1
3104,22105,83,1,5,7,3,0.456,1,1
3105,05111,68,2,2,5,2,1.393,3,2
3106,48029,48,2,5,3,3,1.088,3,3
3107,36037,34,2,1,5,1,1.403,4,3
3108,19057,60,2,6,8,3,0.439,2,2
3109,55071,44,2,5,4,1,1.704,5,4
3110,29127,22,1,4,1,2,0.684,3,2
3111,16063,26,1,5,6,1,1.527,3,3
3112,26081,52,2,5,7,1,1.335,5,4
3113,40147,42,1,6,99,2,0.416,4,4
3114,13143,32,1,4,4,1,0.556,3,3
3115,27113,32,1,3,8,1,1.884,3,3
3116,19017,18,2,3,8,3,0.993,5,4
3117,51013,57,1,4,1,3,1.555,3,2
3118,30049,54,2,6,2,2,1.619,3,3
3119,20181,34,1,1,7,3,1.133,3,2
3120,02198,35,1,6,5,3,1.896,3,4
3121,13167,63,2,5,8,3,1.543,1,1
3122,17079,26,2,5,2,3,1.186,4,4
3123,46073,69,2,5,3,3,1.372,2,3
3124,28013,42,1,6,4,3,1.658,1,1
3125,06099,74,1,1,1,1,0.696,3,3
3126,36029,46,1,4,1,1,0.723,4,4
3127,21103,40,1,2,99,3,0.626,4,3
3128,46019,60,2,1,4,2,0.635,3,3
3129,29015,61,1,1,2,3,0.695,2,2
3130,17169,63,1,1,2,2,1.866,2,1
3131,19081,51,2,2,3,3,1.482,2,2
3132,02275,42,2,3,7,3,1.628,2,2
3133,48447,30,2,5,8,3,1.317,2,2
3134,32027,43,2,1,6,1,1.261,3,2
3135,18093,45,1,5,8,2,1.466,4,4
3136,06053,44,1,2,8,1,0.800,3,3
3137,08045,39,2,4,1,1,1.410,3,3
3138,38017,58,2,5,5,2,0.978,4,3
3139,48131,84,1,5,1,3,1.465,1,1
3140,38049,32,2,3,3,1,1.764,4,4
3141,39071,82,2,1,3,1,1.445,2,1
3142,26161,62,1,5,9,1,0.647,3,3
3143,02188,58,1,4,9,2,1.691,2,1
3144,22069,71,1,2,6,1,0.695,2,2
3145,48069,33,2,3,4,3,1.439,3,3
3146,16013,69,1,3,9,2,1.993,3,2
3147,02275,43,2,4,8,1,1.915,2,2
3148,18103,70,1,6,8,1,1.398,3,4
3149,04015,86,2,4,2,1,1.311,2,1
3150,08035,50,1,4,5,3,1.920,3,3
3151,38031,69,1,4,9,2,1.038,4,4
3152,51760,43,2,3,6,3,1.863,1,1
3153,31029,75,1,6,8,1,1.477,3,2
3154,26057,73,2,2,5,1,1.340,3,2
3155,16051,54,2,1,7,1,0.469,3,3
3156,06019,87,2,5,2,1,0.782,1,1
3157,04015,50,1,3,5,3,0.954,3,3
3158,30069,36,1,2,1,3,0.948,4,4
3159,08027,20,1,2,3,1,1.785,3,3
3160,37083,43,1,5,8,1,1.211,4,4
3161,36025,20,1,1,3,3,0.718,3,3
3162,51520,21,2,1,99,3,1.125,3,3
3163,48177,41,1,2,9,3,0.865,3,3
3164,48421,28,1,3,2,1,0.695,3,3
3165,21019,45,2,4,4,1,1.772,3,3
3166,31089,33,1,4,8,2,0.802,5,5
3167,46101,48,1,4,3,3,0.515,4,4
3168,04015,33,2,5,1,1,0.630,3,3
3169,48061,21,1,1,5,1,1.170,3,3
3170,27099,31,1,1,7,3,1.879,2,1
3171,20171,46,2,6,2,3,1.684,4,3
3172,13009,39,1,4,3,3,0.671,2,1
3173,08121,41,1,2,6,1,1.271,2,2
3174,17181,52,2,2,4,2,1.747,3,2
3175,13141,40,1,4,2,2,1.300,3,3
3176,27119,28,2,4,5,1,1.323,3,3
3177,08021,67,2,3,3,1,1.826,3,3
3178,38021,26,1,1,8,2,1.491,3,3
3179,02275,63,1,3,4,1,0.494,1,1
3180,38017,65,1,4,8,1,1.701,3,3
3181,08067,29,2,1,6,3,1.168,2,2
3182,46073,62,1,1,6,2,0.697,2,2
3183,21103,55,2,2,5,3,1.196,3,2
3184,48507,79,2,3,8,3,1.045,2,1
3185,22105,42,2,4,7,1,0.980,5,4
3186,17159,43,1,1,5,3,0.921,2,2
3187,18093,70,1,4,6,2,1.742,2,2
3188,48271,26,2,3,99,3,0.883,3,3
3189,22057,20,2,3,8,2,1.195,2,1
3190,56035,77,1,1,99,3,1.692,2,2
3191,21229,77,2,1,2,2,0.921,1,1
3192,51051,44,1,2,1,3,0.765,2,2
3193,48417,42,1,2,6,2,1.088,1,1
3194,01065,29,1,5,5,2,0.502,2,1
3195,25003,41,2,1,2,2,1.741,3,2
3196,38011,59,2,4,4,2,0.724,4,3
3197,38007,49,2,6,9,1,1.462,4,4
3198,39003,43,2,5,1,1,1.812,3,3
3199,55105,24,1,5,3,2,1.783,3,3
3200,04015,34,2,2,9,2,0.921,3,4
3201,47149,66,2,2,8,2,1.765,1,1
3202,48345,50,2,6,2,2,1.958,3,3
3203,47023,42,2,4,7,3,1.271,3,2
3204,47067,77,1,2,2,3,1.899,2,2
3205,17039,22,1,1,7,1,1.525,2,2
3206,48025,64,1,1,4,1,1.531,2,2
3207,13143,46,2,3,4,1,0.628,4,3
3208,46003,37,2,6,1,1,1.069,3,3
3209,39131,84,2,1,5,3,0.803,2,3
3210,20169,26,1,2,3,1,1.647,2,2
3211,06091,42,1,5,5,1,1.747,5,4
3212,29079,68,1,1,6,3,1.273,2,2
3213,17091,51,1,1,2,1,0.552,3,2
3214,35023,26,2,5,6,2,1.847,2,2
3215,02275,86,2,2,1,3,0.892,1,1
3216,23003,61,1,3,1,1,1.553,4,3
3217,50015,26,1,2,9,2,1.190,4,3
3218,31071,48,1,2,4,1,0.618,4,3
3219,17179,79,1,4,4,2,1.914,2,2
3220,31035,86,1,1,3,3,1.843,1,1
3221,04015,53,1,4,2,3,1.795,2,2
3222,01037,72,1,2,2,3,1.806,1,1
3223,02261,32,2,2,4,3,1.842,2,2
3224,47033,28,2,2,4,1,1.412,4,3
3225,27113,72,1,4,1,3,1.847,4,3
3226,13143,32,1,3,2,3,0.977,2,2
3227,22119,26,1,2,4,1,0.672,3,3
3228,02110,49,2,6,9,3,0.515,2,2
3229,48283,44,2,2,5,2,1.308,2,1
3230,48047,84,2,5,6,2,0.654,3,2
3231,04015,33,1,4,8,3,1.249,2,1
3232,54033,50,1,6,9,2,1.700,3,3
3233,44009,30,2,1,6,1,0.706,4,3
3234,54007,44,2,5,5,3,1.071,4,3
3235,37037,71,2,4,1,3,1.704,2,3
3236,51083,72,2,3,4,1,1.231,4,2
3237,27133,55,2,6,99,2,0.546,3,3
3238,26123,75,2,6,6,1,1.228,3,2
3239,47031,24,2,5,8,2,1.577,2,1
3240,42075,42,2,3,1,1,1.778,2,3
3241,51137,84,2,4,2,3,0.495,2,2
3242,51193,79,2,1,8,2,0.890,2,1
3243,08003,57,2,2,5,2,0.806,4,4
3244,38017,51,2,2,4,2,1.275,2,2
3245,38091,59,2,4,2,3,1.636,3,3
3246,12075,61,2,4,3,1,1.125,2,3
3247,22021,78,2,4,5,3,1.166,3,3
3248,48471,22,1,2,3,3,0.573,3,3
3249,51760,76,2,6,3,3,0.816,2,1
3250,40045,42,1,5,9,2,1.904,2,2
3251,18079,29,1,4,2,1,1.078,4,4
3252,02170,71,1,5,9,2,1.084,3,2
3253,49043,51,1,1,8,2,0.818,3,4
3254,24043,21,2,3,9,1,1.478,5,5
3255,48271,81,2,2,4,3,1.770,1,1
3256,37091,56,2,5,3,2,0.469,1,1
3257,20201,86,1,3,6,2,0.911,2,1
3258,20083,21,2,2,2,3,1.122,3,4
3259,48471,28,2,3,99,2,1.456,2,2
3260,08057,42,2,3,6,2,1.346,3,3
3261,48187,76,2,6,5,3,0.731,1,1
3262,29117,57,2,3,1,3,1.099,2,2
3263,54013,73,2,3,8,3,0.563,4,5
3264,25007,23,2,1,6,1,0.475,3,3
3265,28085,25,2,5,99,1,1.243,3,3
3266,04015,42,1,1,8,3,0.777,3,3
3267,19033,59,2,2,7,2,1.552,2,1
3268,19073,51,1,6,1,1,1.356,4,4
3269,48219,70,2,3,3,2,1.243,2,1
3270,48041,86,1,5,3,2,1.355,2,1
3271,48293,80,2,1,9,1,1.567,3,2
3272,37017,55,1,4,4,3,0.420,1,1
3273,48183,44,1,3,6,3,1.642,2,1
3274,29103,86,2,6,6,2,1.842,3,3
3275,06033,31,2,3,6,1,1.977,4,5
3276,20207,87,2,4,2,2,0.768,2,2
3277,25023,27,2,6,4,1,1.415,4,4
3278,39169,57,1,5,9,2,0.727,2,2
3279,22105,19,1,2,9,3,0.660,4,4
3280,51035,53,2,1,5,3,1.815,1,1
3281,37057,62,2,1,7,1,1.439,4,3
3282,20137,70,1,5,8,3,1.264,2,1
3283,27059,74,2,3,3,2,1.868,4,4
3284,13037,61,1,6,3,2,0.911,1,1
3285,48295,28,2,6,4,2,1.821,3,3
3286,13105,87,1,1,2,1,0.642,2,2
3287,24510,44,2,3,2,1,0.764,4,4
3288,35047,31,2,4,2,1,1.361,3,3
3289,46003,26,1,2,5,3,1.790,1,1
3290,56023,67,2,5,5,1,0.681,4,4
3291,47055,22,1,6,9,3,1.244,5,5
3292,48301,64,1,3,6,2,1.827,3,3
3293,16063,73,1,4,7,3,0.590,4,3
3294,38057,32,1,1,4,3,0.809,3,3
3295,48441,79,2,3,1,3,0.417,1,1
3296,40131,34,1,1,3,3,1.039,3,2
3297,48137,48,2,1,2,2,0.952,1,1
3298,12133,20,1,4,1,2,1.237,3,2
3299,48443,60,1,4,3,3,1.272,2,3
3300,26141,58,1,3,9,3,1.611,4,4
3301,12039,56,1,5,2,1,1.781,4,4
3302,13175,22,2,4,99,2,1.328,4,4
3303,36095,66,1,2,8,3,1.829,2,3
3304,01049,62,2,5,6,1,1.859,2,2
3305,21149,66,2,2,3,1,1.870,5,5
3306,13277,26,1,5,2,3,0.418,3,3
3307,48369,66,2,6,8,3,1.697,4,3
3308,04015,34,2,3,5,3,0.641,1,2
3309,49037,57,2,5,1,1,1.278,4,3
3310,26087,24,1,1,1,1,1.528,3,2
3311,48049,35,1,1,8,1,0.647,2,2
3312,36035,37,1,3,9,2,1.187,3,3
3313,42113,87,2,5,6,2,1.559,4,4
3314,47033,37,1,4,2,3,1.227,3,3
3315,02100,85,1,5,2,1,1.614,2,2
3316,51041,69,1,6,1,2,1.669,4,3
3317,47017,22,1,1,2,1,1.574,1,1
3318,29105,71,1,2,7,2,0.509,2,3
3319,51049,43,2,1,8,1,0.479,2,1
3320,18125,22,2,4,4,3,0.856,3,3
3321,21101,34,1,3,5,2,0.512,5,5
3322,38021,48,2,1,2,1,1.128,2,2
3323,37087,76,2,4,9,1,0.440,3,2
3324,46081,19,1,5,7,3,1.930,2,1
3325,41017,36,1,1,5,1,0.841,4,4
3326,34019,68,1,1,2,1,0.957,2,2
3327,06109,38,2,6,2,1,1.200,4,4
3328,18079,50,1,4,6,1,1.938,5,5
3329,54025,44,1,1,9,1,1.134,3,3
3330,39011,57,1,5,8,3,0.468,1,1
3331,36095,85,2,1,7,3,0.586,1,1
3332,19057,18,1,5,4,3,0.578,4,3
3333,35001,24,1,3,99,3,1.432,2,2
3334,48117,73,2,2,2,2,1.320,1,1
3335,55013,61,1,2,8,2,1.069,3,4
3336,08021,31,1,5,7,1,0.745,5,5
3337,04015,21,1,4,3,3,1.332,4,4
3338,40079,69,2,4,4,2,0.642,3,3
3339,41001,27,1,6,99,2,1.604,4,4
3340,04015,61,2,6,8,2,1.195,4,4
3341,48441,74,1,3,2,3,0.482,2,2
3342,39171,69,2,5,6,2,1.017,2,2
3343,17065,18,2,6,4,2,1.781,4,4
3344,51580,29,1,2,9,2,0.461,2,2
3345,48171,66,1,3,1,1,1.061,2,2
3346,48141,46,2,5,3,3,1.474,4,4
3347,29049,51,1,2,3,1,1.504,4,4
3348,20137,52,2,4,99,2,0.704,3,2
3349,16045,62,2,6,5,2,1.257,3,1
3350,20049,83,1,4,1,1,1.602,1,1
3351,50001,48,1,6,2,2,1.655,3,3
3352,22075,24,1,2,1,3,1.459,1,1
3353,22105,63,2,4,7,1,1.839,3,3
3354,31141,21,2,3,3,1,0.704,1,1
3355,30083,74,1,5,5,3,1.964,3,2
3356,08105,21,1,4,4,2,1.081,3,3
3357,36095,53,1,4,6,1,1.749,2,1
3358,26087,81,1,6,5,1,1.214,4,3
3359,29043,18,2,4,2,1,1.352,4,3
3360,48497,59,2,6,6,1,0.878,3,2
3361,08085,18,2,4,9,1,1.995,5,4
3362,22063,63,1,6,8,1,1.406,1,1
3363,22105,87,2,1,5,3,1.564,2,1
3364,29171,78,2,1,3,1,1.812,2,3
3365,18109,69,2,2,99,2,1.527,4,3
3366,19105,85,2,3,4,1,1.295,4,3
3367,04015,54,2,2,8,3,0.793,1,1
3368,27079,59,2,3,8,1,1.586,4,3
3369,05121,46,1,5,1,2,1.176,3,3
3370,02158,61,1,3,5,2,1.718,1,1
3371,05117,46,1,1,3,3,1.522,3,3
3372,48471,38,1,6,4,1,1.853,3,2
3373,30075,21,1,2,1,3,1.894,4,3
3374,48047,52,2,6,7,3,1.205,1,1
3375,04015,31,2,4,2,3,1.741,3,3
3376,31029,83,2,4,2,1,1.676,4,3
3377,19121,61,1,6,8,2,1.619,4,4
3378,30061,57,2,4,2,1,0.568,3,3
3379,21219,24,2,1,2,2,1.997,4,4
3380,04015,48,2,6,3,3,1.160,1,1
3381,21207,83,1,2,4,2,1.252,2,2
3382,19139,32,2,6,3,3,1.545,4,3
3383,04015,34,2,6,6,1,1.140,3,2
3384,31137,85,1,6,2,2,1.682,3,3
3385,21135,31,2,1,5,3,1.774,2,3
3386,19105,40,1,1,2,1,1.372,3,2
3387,21109,52,1,6,3,3,1.423,3,2
3388,05041,32,1,3,6,3,0.597,3,2
3389,31041,87,1,4,3,1,1.018,2,2
3390,27027,46,1,2,7,2,1.617,3,3
3391,39033,74,2,5,1,1,0.764,3,2
3392,27013,62,1,3,9,1,1.889,3,2
3393,47115,41,2,6,3,2,0.595,3,3
3394,12007,46,2,6,9,3,0.496,2,2
3395,13011,31,2,3,4,1,1.172,3,3
3396,13201,68,1,4,7,2,0.912,2,3
3397,18167,74,2,2,6,2,1.834,3,2
3398,13289,43,1,1,7,2,0.630,1,1
3399,22105,24,1,6,1,1,1.842,1,1
3400,06063,83,2,5,9,2,1.248,3,3
3401,45087,74,2,4,3,3,0.729,2,3
3402,31119,54,2,6,3,1,1.429,3,2
3403,48279,51,1,6,6,3,1.036,2,3
3404,12111,67,1,3,8,2,1.140,2,1
3405,08021,81,2,2,8,1,0.838,2,1
3406,27119,65,2,4,7,1,1.713,3,3
3407,48133,27,2,6,5,3,1.484,2,2
3408,55133,33,1,5,2,3,1.810,3,3
3409,19183,56,2,4,6,3,1.331,3,2
3410,37065,30,1,2,5,2,1.708,3,3
3411,13141,56,2,3,8,2,1.706,4,3
3412,47113,87,2,3,6,1,0.941,5,4
3413,51036,59,1,5,9,1,1.787,3,2
3414,16063,49,1,1,1,3,1.914,4,4
3415,39115,73,1,2,6,1,0.732,3,4
3416,22105,37,2,3,5,2,0.422,2,1
3417,31125,51,2,4,5,2,0.413,3,4
3418,38047,58,2,5,4,2,0.441,3,3
3419,37169,28,1,2,7,1,1.103,2,2
3420,17051,28,1,3,6,2,1.784,3,3
3421,04015,84,1,3,9,2,0.740,3,2
3422,22105,30,2,5,4,3,1.801,1,1
3423,27105,65,1,3,1,2,1.161,4,3
3424,39101,68,1,6,9,2,1.203,2,2
3425,46079,43,2,1,8,2,1.964,4,4
3426,47055,72,2,5,7,2,1.972,4,3
3427,28017,49,2,1,7,2,1.124,1,1
3428,06089,49,1,3,8,3,1.818,4,4
3429,26101,41,1,2,3,3,1.897,3,3
3430,22101,76,2,4,3,1,1.847,3,3
3431,18153,36,2,3,7,1,1.995,4,4
3432,20073,41,1,4,7,3,1.006,1,1
3433,13143,37,1,1,7,1,0.888,2,2
3434,35017,81,1,3,4,3,1.258,2,2
3435,06009,84,1,1,1,1,0.582,1,1
3436,01031,76,2,2,6,1,0.479,2,1
3437,26087,31,1,4,6,3,0.917,4,5
3438,16073,22,1,5,7,2,0.812,5,5
3439,53023,87,2,6,3,1,1.288,2,2
3440,41015,30,1,1,4,3,1.003,3,3
3441,55123,29,1,2,9,1,1.537,3,3
3442,10003,85,1,6,8,1,1.816,2,2
3443,37153,69,1,2,4,3,1.825,2,1
3444,47151,62,1,4,6,3,1.009,2,2
3445,48497,58,1,1,4,2,1.566,3,2
3446,27053,48,2,2,2,1,1.312,2,1
3447,18079,86,1,4,5,3,1.484,2,3
3448,47089,45,1,6,9,1,1.699,3,3
3449,31087,64,2,6,3,2,1.905,2,2
3450,04015,72,1,3,6,3,1.311,2,1
3451,42111,40,1,5,8,3,1.254,4,4
3452,19031,27,1,3,7,2,1.793,3,2
3453,01061,40,2,2,3,1,0.526,3,2
3454,24029,70,2,5,8,2,1.129,4,4
3455,01013,87,1,6,1,1,1.224,2,2
3456,17057,55,1,1,3,3,1.069,2,2
3457,12027,29,2,5,5,2,1.426,2,2
3458,48169,70,2,3,6,2,0.747,2,2
3459,27093,77,2,5,7,2,1.656,2,1
3460,48189,67,2,3,1,1,1.480,4,3
3461,37133,47,1,4,9,2,1.263,3,2
3462,48255,78,1,3,8,1,0.515,2,2
3463,51061,80,2,5,9,1,1.284,4,3
3464,06005,30,2,4,7,1,0.911,3,3
3465,53035,75,2,5,7,1,1.123,4,4
3466,05025,87,2,2,4,1,1.866,2,2
3467,47095,73,1,3,9,2,1.849,2,1
3468,46003,55,2,5,3,3,1.520,3,3
3469,54037,78,2,6,3,2,0.677,4,4
3470,08085,30,1,1,8,3,1.562,4,4
3471,17153,37,1,3,4,2,0.816,3,2
3472,55093,51,1,6,3,2,1.550,3,3
3473,13261,57,2,5,4,1,1.207,2,2
3474,06053,22,2,1,4,1,1.983,3,2
3475,04015,38,1,6,3,1,1.938,2,3
3476,40135,28,1,6,9,1,0.705,4,3
3477,31125,52,2,3,5,1,1.077,3,3
3478,39073,46,1,5,4,1,0.412,2,2
3479,05121,79,2,3,2,3,1.941,2,1
3480,02158,80,1,6,6,2,1.115,2,1
3481,23031,34,2,2,3,3,1.885,2,1
3482,28071,31,2,2,5,2,0.829,3,3
3483,30095,70,2,6,8,2,1.989,3,2
3484,16021,26,2,5,5,1,0.702,5,5
3485,46099,48,2,4,6,2,0.857,3,3
3486,31097,80,1,3,8,1,1.905,3,3
3487,20061,87,2,2,8,2,1.818,1,1
3488,31005,35,2,1,9,3,0.884,3,2
3489,28003,80,1,3,1,1,0.411,1,1
3490,19031,31,2,2,99,2,1.532,2,2
3491,13143,36,1,5,2,1,1.951,3,2
3492,31133,86,1,2,3,1,1.362,1,1
3493,13097,86,1,2,5,3,0.785,2,3
3494,51071,19,1,2,8,3,1.898,3,3
3495,17173,83,1,6,7,2,1.867,2,1
3496,19009,39,2,5,1,1,0.821,4,4
3497,04015,32,2,1,2,2,1.379,1,1
3498,01021,38,2,6,2,2,1.084,2,1
3499,28075,35,1,5,4,1,1.984,3,2
3500,54049,23,2,4,5,2,1.949,4,3
3501,13109,41,2,2,8,1,1.673,2,1
3502,41037,65,1,4,3,1,1.454,4,3
3503,06087,36,2,1,4,3,1.306,3,3
3504,46015,35,1,6,4,3,1.265,4,3
3505,31111,44,1,2,6,2,1.575,3,2
3506,01059,73,2,4,1,3,1.454,2,1
3507,23023,63,1,5,99,2,1.212,4,3
3508,18099,76,1,3,99,1,0.622,3,4
3509,01133,65,1,2,4,1,1.483,4,4
3510,22003,25,2,1,8,2,1.833,1,1
3511,16019,57,1,3,3,3,0.719,3,2
3512,22093,60,1,1,1,2,0.755,1,1
3513,48319,70,2,1,5,2,0.676,1,1
3514,06003,49,1,1,9,3,1.371,2,2
3515,04015,62,1,1,1,1,1.563,2,2
3516,08119,54,2,4,99,2,1.821,4,5
3517,46029,75,1,1,5,2,0.675,3,2
3518,35029,46,2,5,6,1,1.564,1,1
3519,12069,80,1,4,6,2,0.463,3,3
3520,13181,50,1,6,7,1,1.048,3,3
3521,02070,61,1,4,7,2,1.943,3,2
3522,19019,26,2,2,6,3,1.337,5,5
3523,31103,81,1,5,5,3,1.388,2,3
3524,48437,60,1,6,7,1,0.901,2,1
3525,55045,37,2,1,1,1,0.958,4,4
3526,18087,58,1,2,3,3,1.810,2,1
3527,47073,21,1,2,7,2,1.668,2,2
3528,47155,81,2,4,1,1,1.083,1,1
3529,21149,37,1,4,6,1,1.997,3,2
3530,31031,26,2,3,2,2,1.332,3,2
3531,13285,59,1,1,7,2,1.045,3,2
3532,08097,25,1,2,9,3,1.186,3,2
3533,20123,50,2,3,6,1,0.917,3,4
3534,48011,73,2,5,9,1,0.522,3,3
3535,01087,26,2,5,1,1,1.163,3,2
3536,18097,21,1,6,1,2,1.754,2,2
3537,40135,18,2,3,6,2,1.737,2,2
3538,17053,21,1,1,5,1,0.642,4,5
3539,48327,27,1,2,5,3,0.794,2,2
3540,46115,86,1,4,2,1,1.075,2,2
3541,34015,75,1,4,2,1,1.957,2,1
3542,17177,39,1,1,2,3,1.441,1,1
3543,48193,57,2,4,1,3,0.713,2,2
3544,27099,79,2,5,8,2,0.557,3,3
3545,22057,79,2,2,2,2,1.553,1,1
3546,35019,34,1,3,4,1,1.161,3,3
3547,51147,20,2,6,2,1,0.525,3,2
3548,48363,34,1,3,7,2,0.659,3,3
3549,02275,86,2,3,2,3,1.806,1,1
3550,18079,36,1,5,5,1,0.746,4,4
3551,19177,30,2,3,7,3,1.437,2,2
3552,30053,27,1,3,3,1,1.999,3,3
3553,40127,58,2,5,5,3,1.597,3,4
3554,17031,86,2,1,4,3,1.044,1,1
3555,31067,51,1,5,9,1,1.736,3,2
3556,26087,53,2,6,5,3,0.991,2,2
3557,04015,35,1,2,1,2,0.797,2,2
3558,04015,70,2,6,3,1,1.010,1,1
3559,30033,19,2,6,8,2,1.830,5,5
3560,30003,56,2,1,9,2,0.993,1,2
3561,40019,87,1,6,5,1,1.395,2,1
3562,46099,67,1,2,3,1,1.851,2,2
3563,04015,80,2,5,5,2,0.748,3,4
3564,51079,20,1,1,4,2,1.470,2,3
3565,16063,26,1,5,5,1,1.612,3,4
3566,36095,37,1,1,9,1,1.110,3,3
3567,17143,72,2,2,4,3,1.484,2,1
3568,08109,24,2,3,9,3,0.823,3,4
3569,46015,50,2,2,2,2,0.934,3,2
3570,16063,47,2,2,9,2,1.111,3,3
3571,48311,84,1,6,6,1,1.771,4,4
3572,21145,82,2,4,7,1,1.763,3,3
3573,35013,55,2,2,1,1,1.633,2,2
3574,51097,40,2,2,3,2,0.890,2,2
3575,39037,54,2,5,1,3,1.740,5,4
3576,26037,51,2,4,7,1,1.543,4,2
3577,48269,24,2,1,1,2,1.216,1,1
3578,22051,22,2,4,3,1,1.896,2,2
3579,38017,49,2,1,9,3,0.897,3,3
3580,20201,60,2,5,6,2,1.266,2,2
3581,48413,82,2,3,2,2,0.859,1,2
3582,36059,83,2,6,7,3,1.440,4,4
3583,36073,72,1,4,2,3,1.475,3,3
3584,19169,66,1,6,6,1,0.898,4,4
3585,13089,34,2,6,3,2,1.209,4,2
3586,51595,40,2,1,1,3,1.653,1,2
3587,13145,38,2,6,3,2,1.735,3,2
3588,01067,31,1,5,5,1,0.687,4,5
3589,31179,55,1,3,9,3,0.639,5,5
3590,28159,57,1,3,5,3,1.261,3,1
3591,40051,37,1,1,1,2,1.649,3,3
3592,27093,62,2,4,3,2,1.305,2,2
3593,04023,74,2,4,5,2,1.543,3,3
3594,27125,81,1,1,1,1,0.960,2,1
3595,42051,19,2,3,1,2,1.399,3,3
3596,40041,24,2,6,1,3,1.755,2,2
3597,54095,73,1,3,9,2,0.744,4,3
3598,41005,48,2,1,8,1,0.659,3,2
3599,39011,42,1,6,2,1,0.750,4,3
3600,29117,49,2,6,2,2,1.875,4,3
3601,46007,84,2,3,1,2,1.966,2,1
3602,38087,36,1,4,1,1,1.563,3,2
3603,01113,56,1,5,1,2,0.762,2,1
3604,20133,80,1,3,9,3,1.622,1,2
3605,27079,47,2,6,9,2,0.651,4,4
3606,34041,35,1,3,7,1,1.983,4,4
3607,04015,55,1,4,1,3,1.170,2,1
3608,42117,57,1,4,4,1,1.478,3,3
3609,48127,50,1,3,2,2,1.527,1,1
3610,36055,25,2,2,9,3,1.061,5,4
3611,22115,73,2,5,6,2,1.235,3,4
3612,31029,81,2,6,2,2,1.905,2,1
3613,46059,75,1,5,5,2,1.220,3,3
3614,27079,40,1,1,2,3,0.728,4,4
3615,27047,78,2,3,6,2,1.960,3,3
3616,17045,59,2,6,1,1,1.416,3,3
3617,48117,64,1,5,5,2,1.012,4,4
3618,16009,75,2,6,6,3,1.100,3,2
3619,04015,63,2,6,4,1,0.738,3,3
3620,17117,42,1,1,1,3,1.529,2,2
3621,04015,75,2,6,3,3,0.613,2,2
3622,04015,80,1,6,8,3,1.997,4,2
3623,48047,44,1,3,1,2,1.953,2,2
3624,27125,20,2,5,7,1,1.299,4,3
3625,56025,55,2,2,1,2,0.841,2,1
3626,20199,75,2,2,2,2,1.731,2,2
3627,41069,65,1,4,5,2,1.945,3,3
3628,16053,82,2,1,2,3,0.751,3,3
3629,40011,23,1,6,4,3,0.747,2,1
3630,27041,78,1,3,6,2,1.502,4,4
3631,20195,57,1,4,99,1,1.814,2,1
3632,17179,76,1,1,4,3,0.524,2,2
3633,30033,86,1,2,1,2,0.633,3,1
3634,24015,31,2,6,8,1,0.491,5,5
3635,17053,44,2,1,4,2,1.746,1,1
3636,38043,40,2,5,5,2,0.654,2,1
3637,42029,37,1,6,9,3,0.644,3,2
3638,54021,31,1,1,3,2,0.986,4,3
3639,22105,87,1,5,99,2,0.504,3,3
3640,17191,30,1,6,4,3,0.604,4,4
3641,27113,30,1,5,8,1,1.471,5,5
3642,01097,78,1,2,6,1,1.352,2,2
3643,56019,47,2,2,1,1,1.067,2,1
3644,19123,18,1,1,6,2,1.624,3,3
3645,18071,61,2,2,7,1,1.239,1,1
3646,38017,80,2,6,2,1,0.612,3,3
3647,48047,74,1,2,5,1,1.202,2,1
3648,13043,64,1,4,3,1,0.818,3,2
3649,51049,27,1,2,9,3,1.783,3,2
3650,13051,30,1,3,3,2,1.483,2,2
3651,37051,49,1,4,5,3,0.459,3,3
3652,40001,79,2,4,9,1,1.944,4,3
3653,29215,45,1,2,3,3,1.680,3,2
3654,55127,33,2,4,2,1,1.163,2,1
3655,26051,63,1,3,1,2,1.565,3,3
3656,51077,57,2,6,2,1,0.963,4,3
3657,13013,24,2,1,9,3,1.838,2,1
3658,04015,18,1,6,9,2,1.184,3,2
3659,51155,28,1,5,9,2,0.680,3,3
3660,13111,36,2,6,6,1,1.200,3,4
3661,31041,64,2,4,8,3,1.732,1,1
3662,28017,72,1,4,4,2,1.882,2,2
3663,26087,31,1,2,7,3,1.926,3,2
3664,20183,57,1,6,8,3,0.739,3,3
3665,13205,32,1,3,4,2,1.490,3,2
3666,18167,42,1,6,2,3,1.190,3,2
3667,31035,48,1,5,3,1,1.705,3,3
3668,27133,69,2,4,9,3,1.371,4,2
3669,18175,22,1,4,4,3,1.307,3,2
3670,19069,26,1,5,1,3,0.434,3,3
3671,13143,49,2,1,6,2,1.179,2,2
3672,18133,73,2,4,1,3,1.909,2,2
3673,39119,29,2,4,2,2,0.802,2,2
3674,56025,42,1,2,3,3,1.911,3,3
3675,21221,78,1,1,9,2,1.724,2,2
3676,48385,44,2,3,1,2,0.760,1,1
3677,48057,79,1,5,4,2,0.981,3,2
3678,18117,19,1,5,4,3,1.244,4,3
3679,38017,36,1,3,9,1,1.976,3,2
3680,01031,28,1,1,3,2,0.686,2,2
3681,48295,21,2,4,3,1,1.346,2,2
3682,06091,51,1,6,2,1,0.855,3,3
3683,04017,87,2,2,9,1,0.597,2,3
3684,19123,37,1,6,7,2,0.463,3,3
3685,30051,58,2,2,3,1,1.758,4,4
3686,46079,58,1,4,9,2,0.745,2,2
3687,17151,77,2,1,2,3,1.521,1,2
3688,28139,73,2,3,7,2,1.073,4,4
3689,04015,30,2,3,2,1,1.858,4,4
3690,51750,23,1,4,5,2,1.239,1,1
3691,13235,63,2,4,2,3,1.272,2,1
3692,22105,36,2,6,4,2,1.168,3,3
3693,16063,75,1,4,3,1,1.930,3,3
3694,45051,84,2,5,3,1,0.972,1,1
3695,08009,55,1,6,9,1,0.946,4,4
3696,24005,18,1,1,6,2,0.566,4,3
3697,55078,81,1,1,6,2,1.610,2,1
3698,13015,18,1,1,3,2,1.444,2,2
3699,42021,79,2,3,1,2,0.475,3,3
3700,21011,83,2,1,4,1,0.810,3,3
3701,48381,52,1,2,5,2,0.917,4,3
3702,46127,72,1,2,2,1,1.048,3,2
3703,40021,69,1,3,7,3,1.367,2,2
3704,04015,86,1,2,7,1,1.790,3,2
3705,48151,26,2,5,7,1,1.909,3,3
3706,01013,72,2,5,5,3,0.624,3,3
3707,16051,41,1,4,3,3,1.758,3,2
3708,29037,74,1,6,5,1,1.201,1,1
3709,29105,27,2,1,9,1,0.735,3,3
3710,27055,28,1,1,3,3,0.862,3,2
3711,31093,53,1,2,2,2,0.759,3,4
3712,32009,49,2,2,9,3,0.481,3,2
3713,21125,26,2,2,2,1,1.551,4,4
3714,39095,44,1,3,3,3,1.962,3,2
3715,26087,55,2,3,7,3,0.524,2,2
3716,31035,77,1,2,3,3,0.581,3,3
3717,29215,58,1,3,8,2,1.117,3,3
3718,30109,20,2,2,7,3,1.977,4,4
3719,24001,83,1,5,3,1,1.375,4,3
3720,55075,46,1,2,8,1,0.713,3,4
3721,39113,51,1,4,3,1,0.787,3,2
3722,04015,63,2,5,1,1,1.778,3,3
3723,36071,70,2,3,2,1,0.419,2,2
3724,48195,42,1,5,2,1,1.982,3,2
3725,41047,67,2,3,7,2,1.716,2,2
3726,24015,79,1,1,9,1,1.348,3,3
3727,13123,72,2,6,2,1,0.947,2,1
3728,19095,35,1,5,2,2,0.782,3,3
3729,24011,44,1,5,8,2,1.048,3,2
3730,20205,38,1,1,3,2,0.710,2,3
3731,51185,63,2,5,2,1,1.442,3,3
3732,55091,35,1,6,4,3,1.375,4,4
3733,32001,50,1,3,5,1,0.904,2,2
3734,56029,84,2,1,9,1,0.609,4,3
3735,19003,63,2,1,9,2,1.721,3,3
3736,04009,69,1,4,6,1,0.532,2,1
3737,48097,23,2,3,1,1,0.611,2,2
3738,13059,32,2,5,5,1,1.296,5,4
3739,04015,42,2,3,1,3,1.425,2,2
3740,48363,60,1,2,8,2,1.543,3,3
3741,55021,33,1,4,4,2,0.777,4,3
3742,31029,33,1,4,5,3,1.839,2,3
3743,31075,19,1,2,2,3,0.894,3,2
3744,34035,34,1,2,8,2,1.320,3,3
3745,48471,44,1,2,99,3,1.851,2,2
3746,20111,82,2,5,4,3,0.633,3,4
3747,46125,59,1,3,6,2,1.091,4,4
3748,50027,29,1,3,6,3,1.380,2,2
3749,47145,20,1,6,2,1,1.677,4,3
3750,48459,61,1,2,1,3,1.182,3,3
3751,28131,87,1,3,1,1,1.736,1,1
3752,24023,22,1,3,6,2,1.309,4,4
3753,45065,30,2,5,5,2,0.974,4,3
3754,01117,57,1,1,5,2,0.671,1,2
3755,01117,26,1,5,6,3,1.686,2,2
3756,18145,28,2,5,2,2,1.415,3,3
3757,17065,51,2,5,9,2,1.720,2,2
3758,27163,69,2,3,8,2,0.686,4,3
3759,04003,49,2,5,5,2,1.366,2,2
3760,21013,85,1,1,2,1,1.012,1,1
3761,40053,18,2,6,6,2,1.673,5,4
3762,13077,43,1,6,7,1,0.517,2,2
3763,08021,45,1,5,3,1,1.409,4,3
3764,51057,74,2,6,8,2,1.197,2,1
3765,04015,25,2,2,1,3,1.513,3,3
3766,13179,69,1,2,4,2,1.985,2,2
3767,51199,44,2,2,8,3,1.089,3,3
3768,27033,69,1,4,5,1,1.048,3,3
3769,54097,73,2,2,1,1,0.538,1,1
3770,31029,29,2,6,99,1,1.588,4,4
3771,06005,57,1,6,1,2,1.892,5,4
3772,19187,63,2,1,1,1,1.156,3,3
3773,13199,23,1,6,1,3,1.283,1,1
3774,48015,18,1,5,9,3,0.497,3,2
3775,42091,37,2,4,2,1,0.741,4,5
3776,40095,51,2,1,99,2,0.541,2,2
3777,06099,42,1,5,2,2,0.612,3,2
3778,13023,64,2,3,6,1,0.884,3,2
3779,36083,18,1,6,5,2,0.424,4,3
3780,47183,40,2,2,7,3,1.148,4,4
3781,29227,69,2,2,3,1,1.780,2,2
3782,36103,72,2,5,9,2,1.893,3,3
3783,18093,19,2,1,3,1,1.276,2,2
3784,35049,21,1,5,1,1,1.983,3,2
3785,48175,38,1,2,2,3,1.257,2,2
3786,26037,83,2,4,5,1,0.957,1,1
3787,28017,83,2,4,6,3,1.173,2,2
3788,04015,44,2,6,1,2,1.407,4,3
3789,16063,56,2,2,8,1,1.201,4,4
3790,49013,30,1,6,8,1,1.206,4,4
3791,22009,78,1,4,5,1,1.567,2,2
3792,04015,57,2,1,1,2,0.597,3,3
3793,46003,28,2,5,9,2,1.802,1,1
3794,45063,42,1,4,9,3,1.183,3,3
3795,56041,60,2,6,3,1,0.448,3,3
3796,38013,45,1,2,6,3,1.821,2,2
3797,02275,73,2,1,3,3,0.911,1,1
3798,47053,68,1,4,1,1,0.808,1,1
3799,28155,42,1,3,6,2,0.570,3,4
3800,13261,26,1,5,1,2,1.597,3,3
3801,18083,59,2,6,1,2,1.731,3,2
3802,08021,70,1,4,3,3,0.521,3,3
3803,19037,74,1,6,6,1,0.743,5,4
3804,04015,28,1,4,6,1,0.483,3,3
3805,22105,23,1,5,4,3,0.767,3,3
3806,28017,51,2,2,2,3,0.541,3,3
3807,27019,39,1,1,99,3,0.531,4,3
3808,13069,47,1,3,7,2,1.213,3,3
3809,31125,80,2,2,5,1,0.706,2,3
3810,26037,26,1,3,6,1,0.698,2,2
3811,38017,49,2,2,4,2,0.588,4,3
3812,20051,79,1,2,1,2,0.477,2,1
3813,16077,52,2,1,8,2,1.246,2,2
3814,48435,22,1,1,8,2,1.023,1,1
3815,48011,23,2,1,4,1,0.564,3,3
3816,46037,78,2,1,1,1,1.239,2,1
3817,01023,56,2,1,5,3,1.216,1,1
3818,26117,61,2,1,6,2,1.849,3,3
3819,41037,54,2,1,7,2,1.604,1,2
3820,19129,20,1,5,1,3,1.149,2,1
3821,31133,46,2,1,9,1,1.517,4,5
3822,18029,76,1,2,7,3,1.623,2,2
3823,22105,42,2,5,8,1,1.545,3,2
3824,48497,79,2,3,1,2,1.276,2,2
3825,27009,23,1,2,9,2,1.057,3,2
3826,19019,40,2,1,5,2,1.817,1,1
3827,48463,35,1,4,5,1,0.575,3,3
3828,40105,82,2,5,4,1,1.510,2,2
3829,20015,37,1,4,4,3,1.155,3,3
3830,02020,68,1,5,3,1,1.366,2,3
3831,16009,42,2,3,8,2,1.239,4,4
3832,22041,72,1,4,4,2,1.013,2,2
3833,48171,35,2,1,7,3,1.368,1,1
3834,12095,31,1,2,9,2,0.679,1,1
3835,26061,41,2,2,8,3,0.633,1,1
3836,05037,79,1,5,9,1,0.592,3,2
3837,30005,68,1,6,5,2,1.763,4,4
3838,46083,28,1,2,2,1,1.155,4,4
3839,26059,27,1,4,5,2,1.575,4,4
3840,39117,31,1,4,7,2,1.061,3,3
3841,27045,44,1,6,7,1,1.674,3,2
3842,26033,29,1,5,4,3,0.673,3,3
3843,38017,66,1,1,3,3,1.030,2,2
3844,48179,20,2,3,6,3,1.659,5,5
3845,48369,86,1,6,1,1,0.530,3,1
3846,53021,64,1,1,5,3,1.052,2,2
3847,38007,30,2,4,7,3,0.791,1,1
3848,51685,65,1,5,8,3,1.639,5,5
3849,21219,32,2,1,8,3,1.685,1,1
3850,26011,80,1,1,4,1,1.817,2,2
3851,48125,21,2,3,6,1,0.802,3,4
3852,45053,20,2,1,99,2,1.251,3,3
3853,30109,53,1,4,2,3,1.595,4,4
3854,45091,37,1,2,9,3,1.134,3,2
3855,22091,19,2,2,9,2,0.761,2,2
3856,55011,87,1,5,6,3,1.544,1,1
3857,36099,67,2,1,7,3,0.573,2,2
3858,04015,49,2,2,5,1,1.401,1,1
3859,01117,35,1,6,5,3,1.408,4,4
3860,12043,86,1,2,6,3,1.915,1,1
3861,31087,70,1,3,1,2,1.458,2,1
3862,53053,81,1,5,6,1,1.104,3,3
3863,13017,71,1,6,9,2,0.797,2,3
3864,22035,22,1,6,5,3,1.129,4,4
3865,46007,47,2,1,2,2,1.030,3,4
3866,22041,21,1,3,3,3,1.785,1,1
3867,37063,68,1,2,9,2,1.539,4,4
3868,30007,77,1,6,4,3,0.672,3,3
3869,13027,25,2,2,7,2,0.591,3,4
3870,24001,53,2,6,9,1,0.436,3,3
3871,04015,44,2,6,4,3,0.459,2,2
3872,20137,46,2,1,8,2,1.785,2,1
3873,29221,31,2,1,7,1,1.912,4,4
3874,48221,23,1,6,3,1,0.860,3,3
3875,39033,18,1,4,9,1,0.893,4,5
3876,22057,55,1,5,7,2,1.854,2,1
3877,39153,77,1,1,2,3,0.449,4,4
3878,37161,82,1,1,5,1,1.886,2,2
3879,19081,66,2,4,8,3,0.578,2,2
3880,37009,51,2,2,1,2,1.641,4,4
3881,09005,20,2,4,9,1,1.804,3,3
3882,13077,81,1,1,5,2,1.027,2,3
3883,48079,47,2,6,9,1,1.753,3,3
3884,16071,28,2,4,2,2,0.602,4,5
3885,31023,29,1,4,1,3,1.131,3,2
3886,48399,73,2,5,5,1,1.054,2,2
3887,34021,63,2,4,5,1,1.956,3,2
3888,17097,30,2,6,7,1,0.564,4,3
3889,48395,79,1,1,1,3,0.425,2,1
3890,12117,46,2,4,9,1,1.273,1,1
3891,44003,62,2,4,1,2,0.438,4,4
3892,19017,56,2,6,7,2,0.933,2,2
3893,29065,48,2,4,6,3,0.621,3,2
3894,19109,85,1,6,3,2,1.490,1,1
3895,22105,71,2,2,8,2,1.054,3,3
3896,06017,78,2,5,8,2,1.016,2,2
3897,46003,40,2,2,4,3,0.465,4,4
3898,47179,23,2,3,1,2,1.597,4,4
3899,56025,46,2,6,7,1,1.331,5,3
3900,19133,66,2,4,5,1,0.864,2,2
3901,53073,83,1,1,3,3,0.896,3,3
3902,46073,60,2,1,2,2,1.243,2,2
3903,28013,87,1,4,3,3,0.610,3,2
3904,28017,36,1,3,3,3,1.464,1,1
3905,18153,72,2,2,1,1,1.538,1,1
3906,53039,64,2,5,3,3,1.534,2,2
3907,39055,56,2,2,7,1,1.606,5,5
3908,48011,48,1,1,1,2,1.586,1,1
3909,13073,37,2,5,8,1,1.715,2,2
3910,04015,47,1,5,6,3,0.563,3,2
3911,02240,80,2,2,7,1,0.932,2,1
3912,39071,60,1,4,7,3,0.854,3,4
3913,26073,66,1,5,4,2,1.576,3,3
3914,38045,81,2,6,6,2,0.436,5,4
3915,26145,36,1,6,7,3,1.311,4,4
3916,55115,62,2,4,1,2,1.176,3,2
3917,54021,57,1,1,2,1,1.351,4,3
3918,09009,74,1,2,8,1,0.795,3,4
3919,16025,35,2,2,7,3,1.811,2,2
3920,22033,83,1,5,5,3,1.770,3,2
3921,29510,72,1,5,8,1,1.235,3,2
3922,28141,26,1,5,5,2,1.843,4,4
3923,21165,46,2,2,2,1,1.041,2,1
3924,26149,27,2,3,4,1,1.027,3,3
3925,53033,39,1,2,2,3,1.955,3,2
3926,48497,54,1,4,7,2,0.911,2,2
3927,39143,21,2,1,9,1,1.609,3,3
3928,31029,34,2,5,8,1,1.972,2,2
3929,21149,82,2,5,2,2,0.954,1,1
3930,34033,80,2,3,2,3,0.816,3,1
3931,48085,23,2,3,4,1,1.991,4,3
3932,51159,36,1,1,6,3,1.638,2,2
3933,26099,66,2,6,5,2,0.780,3,3
3934,39119,49,1,3,1,2,0.870,2,2
3935,18055,76,1,5,1,1,0.809,2,2
3936,18093,23,1,1,3,3,1.157,4,4
3937,29007,74,1,1,4,2,0.885,4,3
3938,19087,59,1,4,3,2,0.988,3,2
3939,04015,39,1,3,8,3,1.663,3,2
3940,28019,67,2,1,7,3,1.625,3,3
3941,13173,33,1,1,1,2,0.942,3,2
3942,55137,77,2,6,6,3,1.112,2,2
3943,51185,83,2,6,9,3,0.443,2,1
3944,05111,51,2,2,9,1,1.679,2,1
3945,08021,44,1,4,2,2,1.207,3,2
3946,13177,44,1,2,6,3,1.695,1,1
3947,30101,36,1,2,1,3,0.783,4,4
3948,42081,63,1,5,99,1,1.395,3,2
3949,46079,27,2,5,8,2,0.612,3,2
3950,35011,62,1,2,6,2,1.098,4,3
3951,18047,65,2,2,3,1,0.459,3,2
3952,12109,58,1,5,8,2,1.397,3,3
3953,42045,44,1,6,99,1,1.379,3,2
3954,17079,36,2,3,9,3,0.998,4,4
3955,51760,37,2,6,9,2,1.064,4,5
3956,40011,59,2,5,7,3,1.657,3,3
3957,17181,59,2,1,7,1,1.719,2,3
3958,18129,37,1,2,6,2,1.348,3,2
3959,04015,46,2,5,3,2,1.869,2,2
3960,12127,51,1,5,9,1,1.802,3,2
3961,48015,77,2,4,4,1,1.371,2,2
3962,39073,84,1,4,4,2,1.021,3,3
3963,17171,87,1,5,9,1,1.177,2,2
3964,31115,56,2,4,9,2,1.502,3,3
3965,13211,69,2,3,1,1,0.614,3,2
3966,28069,65,1,5,3,1,1.007,2,2
3967,31091,23,1,4,4,1,1.159,5,5
3968,49049,50,1,6,5,3,1.725,3,2
3969,31067,32,2,2,5,1,0.946,2,1
3970,48067,66,1,6,3,2,0.528,3,3
3971,25023,45,1,6,8,3,0.819,4,4
3972,13023,34,2,2,3,3,1.701,2,1
3973,27117,79,1,4,9,1,1.900,4,4
3974,31093,47,1,1,2,2,1.851,3,2
3975,37157,21,1,1,2,1,0.886,2,2
3976,13281,40,2,4,4,3,1.485,3,2
3977,12107,30,1,2,9,3,1.024,3,2
3978,04015,86,1,5,2,2,1.756,2,2
3979,39053,51,1,6,99,1,1.360,2,2
3980,31047,83,1,1,8,1,0.868,3,3
3981,48375,47,2,5,5,1,0.423,3,3
3982,48427,38,2,6,9,3,1.601,4,5
3983,45089,40,1,3,6,2,0.563,4,4
3984,51139,67,2,3,2,2,1.875,3,3
3985,48091,77,1,4,4,2,1.120,2,1
3986,56035,87,2,2,6,3,1.507,3,2
3987,29105,52,1,4,99,1,1.900,4,3
3988,21165,77,1,4,8,3,1.439,2,2
3989,46007,77,1,3,6,1,1.982,4,3
3990,53015,76,1,2,1,2,1.801,1,1
3991,04023,25,1,5,4,2,1.200,1,1
3992,48023,24,2,6,6,1,0.600,2,2
3993,08079,50,2,2,1,3,0.482,2,2
3994,12123,29,1,4,5,3,1.434,2,2
3995,45013,62,1,2,1,2,1.118,3,3
3996,29105,22,2,3,1,1,1.385,2,1
3997,41057,71,1,5,7,2,1.911,3,2
3998,05063,29,1,1,7,3,0.682,3,2
3999,27091,45,1,5,2,2,1.032,3,3
4000,08057,55,2,6,9,1,0.479,2,2