fips,se_heat_days,se_cold_days,se_winter_days,se_tornado_days,se_hail_wind_days,se_flood_days,se_tropical_days,se_wildfire_days,se_drought_days,se_deaths,se_damage_musd,nc_tavg_anom_f,nc_hot_months,nc_cold_months,nc_summer_tmax_f,nc_winter_tmin_f,fema_all,fema_severe_storm,fema_flood,fema_hurricane,fema_fire,fema_winter,fema_tornado,pc_precip_pct,pc_flood_days_more,pc_tmax_warmer_f,pc_heat_days_more,pc_winter_colder_f,pc_coldwinter_days_more,pc_drought_days_more,pc_drought_area_more
01001,0,0,0,11,33,7,0,0,0,7.0,0.0,1.107,19,6,91.15,38.83,7,2,0,5,0,0,0,-6.8,1.0,0.103,0,3.573,0,0,21.98
01003,0,0,0,11,56,35,0,0,0,5.0,29.949,0.983,19,7,90.55,44.48,7,1,0,6,0,0,0,-18.45,-3.0,0.487,0,2.313,0,0,18.28
01005,0,0,0,16,22,2,0,0,0,0.0,0.001,0.803,18,6,90.92,40.42,8,3,0,5,0,0,0,-3.49,-0.2,0.4,0,2.46,0,0,12.66
01007,0,0,0,10,19,2,0,0,0,0.0,0.0,0.672,14,9,89.89,36.8,4,1,0,3,0,0,0,-22.55,0,0.838,0,2.393,0,0,27.46
01009,0,0,1,9,49,10,0,0,0,0.0,0.001,1.01,12,5,88.12,36.74,7,5,0,2,0,0,0,-21.67,0.6,0.802,0,2.167,-0.2,0,37.24
01011,0,0,0,9,19,3,0,0,0,0.0,0.0,0.932,18,5,90.54,39.91,6,2,0,4,0,0,0,3.28,-0.4,0.107,0,3.293,0,0,6.91
01013,0,0,0,5,27,5,0,0,0,0.0,0.982,1.342,20,5,90.77,39.96,9,3,0,6,0,0,0,-6.78,-0.4,0.207,0,4.073,0,0,28.28
01015,0,0,0,4,41,9,0,0,0,6.0,0.0,1.114,16,7,89.08,36.36,5,2,0,3,0,0,0,-19.19,-1.2,0.635,0,2.913,0,0,28.68
01017,0,0,0,7,29,8,0,0,0,0.0,0.1,0.7,13,9,89.07,36.21,6,4,0,2,0,0,0,-7.3,-0.8,0.977,0,3.407,0,0,15.31
01019,0,0,0,3,35,13,0,0,0,0.0,0.007,0.94,17,6,88.53,35.85,5,2,0,3,0,0,0,-25.29,-0.8,0.803,0,2.94,0,0,35.86
01021,0,0,0,8,34,4,0,0,0,0.0,0.0,0.771,16,7,89.88,37.12,5,1,0,4,0,0,0,-15.62,-0.6,0.437,0,2.627,0,0,29.02
01023,0,0,0,9,25,12,0,0,0,0.0,2.802,1.012,17,6,90.85,39.74,6,1,0,5,0,0,0,-17.23,-1.4,1.038,0,3.567,0,0,35.17
01025,0,0,0,10,73,14,0,0,0,0.0,3.243,0.966,17,7,90.66,40.93,6,0,0,6,0,0,0,-7.98,-1.8,0.528,0,3.573,0,0,30.96
01027,0,0,0,3,25,4,0,0,0,0.0,0.0,0.99,14,7,88.36,35.55,5,2,0,3,0,0,0,-13.11,-0.4,0.567,0,3.487,0,0,21.32
01029,0,0,0,2,17,1,0,0,0,0.0,0.0,1.246,17,7,87.98,35.6,3,1,0,2,0,0,0,-16.45,0,0.55,0,2.713,0,0,27.43
01031,0,0,0,2,85,11,0,0,0,2.0,2.792,1.06,17,8,91.2,40.5,7,2,0,5,0,0,0,4.45,1.4,-0.105,0,3.527,0,0,10.09
01033,0,0,0,13,125,32,0,0,0,0.0,18.021,0.93,15,7,88.86,34.09,6,4,0,2,0,0,0,-23.88,-5.2,1.055,0,2.12,0,0,37.21
01035,0,0,0,5,28,3,0,0,0,0.0,1.056,1.283,18,5,90.81,41.49,7,2,0,5,0,0,0,-15.06,-0.4,0.198,0,4.427,0,0,30.42
01037,0,0,0,7,21,1,0,0,0,0.0,0.0,0.858,14,9,89.62,36.73,7,3,0,4,0,0,0,-10.48,-0.2,0.237,0,3.267,0,0,20.37
01039,0,0,0,7,37,6,0,0,0,2.0,3.614,1.157,18,5,91.13,40.77,9,4,0,5,0,0,0,-9.75,0.6,0.063,0,3.7,0,0,15.76
01041,0,0,0,9,35,5,0,0,0,0.0,2.031,1.184,18,5,90.77,39.35,9,4,0,5,0,0,0,0.02,-0.4,0.107,0,3.973,0,0,25.18
01043,0,0,0,16,79,14,0,0,0,1.0,0.312,0.875,13,6,87.41,35.9,6,4,0,2,0,0,0,-23.5,-2.0,1.145,0,1.933,0,0,40.72
01045,0,0,0,5,103,10,0,0,0,0.0,1.201,0.999,18,8,91.2,41.35,8,3,0,5,0,0,0,-3.38,-0.8,-0.015,0,2.987,0,0,11.89
01047,0,0,0,7,17,2,0,0,0,0.0,0.0,1.05,20,7,91.44,39.32,7,2,0,5,0,0,0,-10.61,0,0.62,0,2.907,0,0,29.37
01049,0,0,0,13,80,18,0,0,0,4.0,0.267,0.763,14,6,85.83,35.05,6,4,0,2,0,0,0,-26.55,-2.2,0.85,0,2.727,0,0,41.61
01051,0,0,0,12,58,11,0,0,0,1.0,0.02,1.077,15,6,90.82,38.82,7,3,0,4,0,0,0,-2.0,0.4,-0.322,0,3.753,0,0,6.02
01053,0,0,0,4,41,7,0,0,0,1.0,4.616,1.146,15,5,90.84,42.42,6,1,0,5,0,0,0,-25.79,-0.8,0.1,0,3.887,0,0,28.88
01055,0,0,0,8,46,8,0,0,0,0.0,0.0,0.962,15,6,88.52,36.33,5,3,0,2,0,0,0,-26.67,-0.2,0.92,0,2.66,0,0,36.99
01057,0,0,0,9,29,2,0,0,0,0.0,0.25,0.94,15,9,89.52,36.07,4,2,0,2,0,0,0,-24.88,-0.4,0.703,0,3.207,0,0,41.05
01059,0,0,0,8,49,12,0,0,0,0.0,0.129,0.874,14,8,88.11,34.19,5,3,0,2,0,0,0,-26.49,-1.4,0.732,0,2.227,0,0,38.79
01061,0,0,0,8,75,15,0,0,0,0.0,2.7,0.968,16,7,91.48,41.53,8,2,0,6,0,0,0,-3.73,3.0,-0.303,0,3.527,0,0,7.04
01063,0,0,0,10,16,1,0,0,0,0.0,0.0,0.592,13,10,90.55,37.75,6,3,0,3,0,0,0,-22.08,0,1.092,0,2.587,0,0,33.27
01065,0,0,0,13,26,1,0,0,0,1.0,0.0,0.556,13,9,90.43,37.73,6,2,0,4,0,0,0,-18.11,0,1.608,0,2.067,0,0,31.09
01067,0,0,0,14,65,5,0,0,0,1.0,2.943,0.958,18,6,91.08,41.82,7,2,0,5,0,0,0,-9.29,1.4,0.112,0,2.427,0,0,8.23
01069,0,0,0,14,96,16,0,0,0,5.0,6.862,0.943,19,7,91.36,42.76,8,2,0,6,0,0,0,-6.27,3.0,-0.14,0,3.187,0,0,7.12
01071,0,0,0,12,78,19,0,0,0,3.0,6.059,0.793,14,6,86.59,34.62,5,3,0,2,0,0,0,-23.94,-1.0,1.222,0,2.467,0,0,34.59
01073,0,0,0,11,87,41,0,0,0,5.0,5.106,0.889,14,7,89.64,36.57,6,3,0,3,0,0,0,-24.24,-1.8,0.56,0,2.2,0,0,31.15
01075,0,0,0,8,34,6,0,0,0,0.0,0.15,1.029,16,8,89.89,36.19,6,4,0,2,0,0,0,-28.03,0.8,0.728,0,2.847,0,0,37.01
01077,0,0,0,7,113,32,0,0,0,4.0,11.803,0.907,16,7,88.52,33.65,3,1,0,2,0,0,0,-23.06,-3.4,1.11,0,1.693,0,0,35.57
01079,0,0,0,8,57,9,0,0,0,3.0,0.308,0.629,13,8,87.88,34.05,3,1,0,2,0,0,0,-22.15,-1.2,1.323,0,2.067,0,0,39.72
01081,0,0,0,12,38,9,0,0,0,24.0,0.001,0.511,12,9,89.34,38.16,5,2,0,2,0,0,1,-4.65,2.2,0.483,0,2.787,0,0,-1.15
01083,0,0,0,13,75,21,0,0,0,2.0,0.291,0.756,14,5,87.83,34.56,4,2,0,2,0,0,0,-14.83,-2.4,1.3,0,1.94,0,0,35.12
01085,0,0,0,2,17,4,0,0,0,0.0,0.0,1.272,19,6,91.5,39.84,5,1,0,4,0,0,0,-2.28,-0.4,-0.063,0,4.027,0,0,19.72
01087,0,0,0,8,19,4,0,0,0,0.0,0.0,0.785,14,5,90.48,39.42,7,3,0,4,0,0,0,2.0,1.4,0.085,0,3.093,0,0,1.97
01089,0,0,0,14,126,33,0,0,0,6.0,9.256,0.823,14,6,87.9,34.79,3,1,0,2,0,0,0,-18.4,-2.2,1.3,0,1.96,0,0,34.58
01091,0,0,0,13,24,0,0,0,0,1.0,0.1,0.684,18,10,91.09,38.65,4,0,0,4,0,0,0,-15.94,0,1.322,0,2.08,0,0,31.28
01093,0,0,0,12,45,5,0,0,0,0.0,0.015,0.849,14,9,88.49,34.7,6,4,0,2,0,0,0,-26.07,0.2,0.455,0,2.333,0,0,37.3
01095,0,0,0,8,71,16,0,0,0,4.0,0.313,0.895,14,6,87.44,35.96,4,2,0,2,0,0,0,-27.4,-1.2,0.96,0,2.0,0,0,39.9
01097,0,0,0,16,72,41,0,0,0,1.0,8.008,1.012,22,6,90.87,43.65,10,2,0,8,0,0,0,-11.26,-2.4,0.997,0,2.127,0,0,23.24
01099,0,0,0,2,30,7,0,0,0,0.0,0.52,1.297,18,5,91.0,41.68,6,1,0,5,0,0,0,-13.84,-0.8,0.113,0,4.147,0,0,36.56
01101,0,0,0,11,30,9,0,0,0,2.0,0.85,1.267,16,7,91.42,39.98,4,0,0,4,0,0,0,5.04,2.4,-0.772,0,4.487,0,0,8.39
01103,0,0,0,10,82,24,0,0,0,1.0,0.319,0.806,13,6,87.75,35.22,5,3,0,2,0,0,0,-18.45,-2.0,1.31,0,1.98,0,0,38.41
01105,0,0,0,11,8,3,0,0,0,0.0,0.0,0.748,16,8,90.63,37.95,8,4,0,4,0,0,0,-16.82,0,1.157,0,2.02,0,0,31.51
01107,0,0,0,11,24,1,0,0,0,3.0,0.0,0.934,14,8,90.46,37.34,3,1,0,2,0,0,0,-30.02,0,0.78,0,2.887,0,0,37.11
01109,0,0,0,12,30,3,0,0,0,0.0,0.001,1.004,18,8,90.61,40.03,7,2,0,5,0,0,0,4.38,-0.2,0.388,0,3.773,0,0,15.22
01111,0,0,0,4,28,5,0,0,0,0.0,0.001,1.015,16,7,88.47,35.49,6,3,0,3,0,0,0,-10.71,-0.4,1.005,0,3.127,0,0,24.66
01113,0,0,0,7,25,9,0,0,0,0.0,0.0,0.431,14,8,90.45,39.12,4,1,0,3,0,0,0,-8.42,1.2,0.412,0,2.707,0,0,5.64
01115,0,0,0,7,45,8,0,0,0,0.0,0.002,1.018,15,6,89.22,36.46,5,2,0,3,0,0,0,-21.41,0.2,0.692,0,2.88,0,0,33.93
01117,0,0,0,10,55,22,0,0,0,2.0,0.33,0.836,15,9,89.84,36.43,5,2,0,3,0,0,0,-23.75,-2.4,0.54,0,2.6,0,0,25.41
01119,0,0,0,8,38,3,0,0,0,0.0,0.0,0.739,15,10,90.88,38.03,4,1,0,3,0,0,0,-21.33,-0.6,1.112,0,2.533,0,0,31.94
01121,0,0,0,1,32,6,0,0,0,0.0,0.005,0.986,15,10,89.81,36.17,4,0,0,4,0,0,0,-18.47,0.2,0.623,0,3.633,0,0,25.67
01123,0,0,0,8,43,3,0,0,0,0.0,0.25,0.787,13,8,89.63,36.48,5,3,0,2,0,0,0,-1.44,-0.4,0.423,0,3.42,0,0,11.65
01125,0,0,0,16,46,20,0,0,0,7.0,3.35,0.738,14,9,89.96,37.27,5,2,0,3,0,0,0,-24.6,-2.6,0.863,0,3.18,0,0,34.17
01127,0,0,0,4,50,7,0,0,0,1.0,0.0,0.758,13,9,89.16,35.71,4,2,0,2,0,0,0,-25.9,0.2,0.715,0,2.387,0,0,41.74
01129,0,0,0,5,36,6,0,0,0,0.0,2.168,0.918,15,6,90.85,41.33,6,1,0,5,0,0,0,-14.61,-0.6,0.687,0,3.58,0,0,30.27
01131,0,0,0,3,18,3,0,0,0,0.0,0.158,1.086,18,8,91.3,40.24,5,1,0,4,0,0,0,-8.31,-0.4,0.558,0,3.14,0,0,30.28
01133,0,0,0,6,36,2,0,0,0,0.0,0.0,0.675,14,8,87.55,34.22,4,2,0,2,0,0,0,-28.2,-0.2,1.057,0,1.72,0,0,39.67
02013,0,0,0,0,0,0,0,0,0,0,0,1.863,29,2,56.93,25.27,0,0,0,0,0,0,0,-7.13,0,-1.402,0,1.8,0,0,-0.0
02016,0,0,0,0,0,0,0,0,0,0,0,1.746,32,0,53.32,29.3,2,2,0,0,0,0,0,-21.34,0,-0.973,0,2.66,0,0,0.0
02017,0,0,0,0,0,1,0,0,0,0.0,0.017,,,,,,0,0,0,0,0,0,0,,0,,0,,0,0,
02018,0,0,0,0,0,18,0,0,0,0.0,1.753,,,,,,0,0,0,0,0,0,0,,-0.8,,0,,0,0,
02019,0,0,0,0,0,0,0,0,0,2.0,20.3,,,,,,0,0,0,0,0,0,0,,0,,0,,0,0,
02020,0,0,0,0,0,1,0,0,0,0.0,0.25,0.822,16,10,57.84,14.16,2,0,0,0,0,0,0,6.21,-0.2,-1.105,0,2.72,0,0,-6.51
02021,0,0,0,0,0,1,0,0,0,0.0,0.674,,,,,,0,0,0,0,0,0,0,,-0.2,,0,,0,0,
02023,0,0,0,0,0,2,0,0,0,6.0,3.735,,,,,,0,0,0,0,0,0,0,,0,,0,,0,0,
02025,0,0,0,0,0,14,0,0,0,0.0,9.249,,,,,,0,0,0,0,0,0,0,,-1.6,,0,,0,0,
02026,0,0,0,0,0,1,0,0,0,0.0,0.0,,,,,,0,0,0,0,0,0,0,,-0.2,,0,,0,0,
02027,0,0,0,0,0,1,0,0,0,0.0,4.55,,,,,,0,0,0,0,0,0,0,,0,,0,,0,0,
02028,0,0,0,0,1,1,0,0,0,0.0,0.008,,,,,,0,0,0,0,0,0,0,,0,,0,,0,0,
02029,0,0,0,0,1,0,0,0,0,0.0,0.0,,,,,,0,0,0,0,0,0,0,,0,,0,,0,0,
02050,0,0,0,0,0,0,0,0,0,0,0,2.037,24,4,61.89,7.48,4,2,2,0,0,0,0,-9.38,0,-1.035,0,1.407,0,0,-0.93
02060,0,0,0,0,0,0,0,0,0,0,0,2.138,27,6,63.53,16.29,0,0,0,0,0,0,0,-14.39,0,-0.99,0,-0.267,0,0,-1.15
02063,0,0,0,0,0,0,0,0,0,0,0,0.54,17,12,56.61,14.57,0,0,0,0,0,0,0,32.92,0,-0.412,0,0.96,0,0,-2.23
02066,0,0,0,0,0,0,0,0,0,0,0,1.053,19,8,57.02,-0.72,0,0,0,0,0,0,0,15.51,0,-0.085,0,1.547,0,0,0.12
02068,0,0,0,0,0,0,0,0,0,0,0,1.52,15,8,61.07,-0.34,2,1,0,0,1,0,0,-12.75,0,0.052,0,1.647,0,0,-1.24
02070,0,0,0,0,0,0,0,0,0,0,0,2.072,26,4,62.3,13.11,0,0,0,0,0,0,0,-14.51,0,-1.428,0,1.747,0,0,-1.43
02090,0,0,0,0,0,0,0,0,0,0,0,1.018,11,10,65.91,-3.89,4,2,0,0,2,0,0,-4.13,0,0.337,0,1.567,0,0,-1.64
02100,0,0,0,0,0,0,0,0,0,0,0,0.772,14,8,56.61,14.63,1,0,0,0,0,0,0,23.1,0,0.6,0,-1.467,0,0,-5.02
02101,0,0,0,0,0,6,0,0,0,0.0,0.0,,,,,,0,0,0,0,0,0,0,,4.8,,0,,0,0,
02105,0,0,0,0,0,0,0,0,0,0,0,0.606,16,8,56.72,21.28,0,0,0,0,0,0,0,16.25,0,0.445,0,-1.34,0,0,-7.56
02110,0,0,0,0,0,0,0,0,0,0,0,0.457,13,11,53.98,16.82,1,0,0,0,0,0,0,18.37,0,0.23,0,-0.653,0,0,-13.32
02111,0,0,0,0,1,6,0,0,0,0.0,0.402,,,,,,0,0,0,0,0,0,0,,0.0,,0,,0,0,
02121,0,0,1,0,0,9,0,0,0,0.0,11.7,,,,,,0,0,0,0,0,0,0,,-0.4,,0,,1.0,0,
02122,0,0,0,0,0,0,0,0,0,0,0,1.329,18,4,58.6,16.12,7,2,1,0,1,0,0,-13.34,0,-0.92,0,2.673,0,0,-3.74
02125,0,0,0,0,0,7,0,0,0,0.0,1.665,,,,,,0,0,0,0,0,0,0,,-0.8,,0,,0,0,
02130,0,0,0,0,0,0,0,0,0,0,0,0.406,15,13,59.88,24.33,0,0,0,0,0,0,0,4.56,0,0.83,0,-2.487,0,0,-22.06
02131,0,0,0,0,0,3,0,0,0,0.0,0.0,,,,,,0,0,0,0,0,0,0,,0.6,,0,,0,0,
02135,0,0,0,0,0,2,0,0,0,0.0,0.0,,,,,,0,0,0,0,0,0,0,,-0.2,,0,,0,0,
02141,0,0,0,0,0,4,0,0,0,0.0,0.0,,,,,,0,0,0,0,0,0,0,,0.2,,0,,0,0,
02145,0,0,0,0,0,12,0,0,0,0.0,9.08,,,,,,0,0,0,0,0,0,0,,1.8,,0,,0,0,
02150,0,0,0,0,0,0,0,0,0,0,0,1.751,26,5,59.58,23.56,0,0,0,0,0,0,0,-6.53,0,-1.942,0,2.027,0,0,-4.76
02152,0,0,0,0,0,10,0,0,0,0.0,0.06,,,,,,0,0,0,0,0,0,0,,-1.8,,0,,0,0,
02155,0,0,0,0,1,4,0,0,0,0.0,0.0,,,,,,0,0,0,0,0,0,0,,4.6,,0,,0,0,
02158,0,0,0,0,0,0,0,0,0,0,0,2.046,24,4,60.83,6.02,1,0,1,0,0,0,0,0.87,0,-0.64,0,-1.487,0,0,-0.93
02161,0,0,0,0,1,0,0,0,0,0.0,0.0,,,,,,0,0,0,0,0,0,0,,0,,0,,0,0,
02164,0,0,0,0,0,0,0,0,0,0,0,1.954,27,5,61.32,16.84,0,0,0,0,0,0,0,-17.61,0,-1.548,0,1.733,0,0,-1.44
02170,0,0,0,0,0,0,0,0,0,0,0,1.29,18,8,58.48,7.04,7,1,1,0,3,0,0,6.76,0,-0.63,0,2.4,0,0,-1.57
02171,0,0,0,0,0,0,0,0,0,0.0,0.0,,,,,,0,0,0,0,0,0,0,,0,,0,,0,0,
02180,0,0,0,0,0,0,0,0,0,0,0,2.105,20,5,57.79,0.94,3,2,1,0,0,0,0,23.13,0,-0.065,0,-2.627,0,0,0.0
02181,0,0,0,0,0,1,0,0,0,0.0,0.005,,,,,,0,0,0,0,0,0,0,,0,,0,,0,0,
02185,0,0,0,0,0,1,0,0,0,0.0,0.0,1.784,22,9,54.19,-14.09,2,2,0,0,0,0,0,14.82,-0.2,1.458,0,-5.547,0,0,-0.0
02188,0,0,0,0,0,0,0,0,0,0,0,1.933,18,5,60.45,-6.06,0,0,0,0,0,0,0,23.08,0,0.667,0,-3.373,0,0,-0.56
02195,0,0,0,0,0,0,0,0,0,0,0,0.482,16,13,55.56,20.62,1,0,0,0,0,0,0,14.91,0,0.493,0,-1.7,0,0,-20.62
02198,0,0,0,0,0,0,0,0,0,0,0,0.474,19,11,60.78,29.23,0,0,0,0,0,0,0,6.91,0,1.278,0,-2.693,0,0,-20.75
02203,0,0,0,0,0,3,0,0,0,0.0,15.502,,,,,,0,0,0,0,0,0,0,,-0.2,,0,,0,0,
02210,0,0,0,0,0,3,0,0,0,0.0,0.6,,,,,,0,0,0,0,0,0,0,,-0.4,,0,,0,0,
02213,0,0,0,0,0,1,0,0,0,0.0,0.0,,,,,,0,0,0,0,0,0,0,,0,,0,,0,0,
02214,0,0,0,0,0,1,0,0,0,0.0,0.0,,,,,,0,0,0,0,0,0,0,,-0.2,,0,,0,0,
02215,0,0,0,0,0,2,0,0,0,0.0,0.0,,,,,,0,0,0,0,0,0,0,,-0.4,,0,,0,0,
02217,0,0,0,0,0,1,0,0,0,0.0,0.0,,,,,,0,0,0,0,0,0,0,,-0.2,,0,,0,0,
02218,0,0,0,0,0,2,0,0,0,0.0,0.0,,,,,,0,0,0,0,0,0,0,,-0.2,,0,,0,0,
02219,0,0,0,0,0,3,0,0,0,0.0,0.0,,,,,,0,0,0,0,0,0,0,,-0.6,,0,,0,0,
02220,0,0,0,0,1,7,0,0,0,0.0,0.002,0.708,18,9,58.75,26.47,0,0,0,0,0,0,0,19.87,-1.0,0.563,0,-1.66,0,0,-7.88
02221,0,0,0,0,0,2,0,0,0,0.0,0.282,,,,,,0,0,0,0,0,0,0,,-0.4,,0,,0,0,
02222,0,0,0,0,1,6,0,0,0,0.0,0.008,,,,,,0,0,0,0,0,0,0,,0,,0,,0,0,
02223,0,0,0,0,0,3,0,0,0,0.0,0.005,,,,,,0,0,0,0,0,0,0,,-0.2,,0,,0,0,
02224,0,0,0,0,0,6,0,0,0,0.0,0.014,,,,,,0,0,0,0,0,0,0,,-0.6,,0,,0,0,
02225,0,0,0,0,0,2,0,0,0,1.0,0.015,,,,,,0,0,0,0,0,0,0,,-0.2,,0,,0,0,
02226,0,0,0,0,0,1,0,0,0,0.0,14.0,,,,,,0,0,0,0,0,0,0,,-0.2,,0,,0,0,
02227,0,0,0,0,0,1,0,0,0,0.0,0.301,,,,,,0,0,0,0,0,0,0,,-0.2,,0,,0,0,
02230,0,0,0,0,0,0,0,0,0,0,0,1.014,14,8,53.07,11.58,1,0,0,0,0,0,0,28.88,0,0.483,0,-1.54,0,0,-4.62
02240,0,0,0,0,0,0,0,0,0,0,0,1.016,12,8,62.61,-6.44,2,0,2,0,0,0,0,-18.94,0,0.907,0,2.107,0,0,-0.92
02270,0,0,0,0,0,0,0,0,0,0,0,,,,,,1,1,0,0,0,0,0,,0,,0,,0,0,
02275,0,0,0,0,0,0,0,0,0,0,0,0.47,16,11,59.21,24.23,0,0,0,0,0,0,0,9.69,0,0.897,0,-2.453,0,0,-25.06
02280,0,0,0,0,0,0,0,0,0,0,0,,,,,,1,0,0,0,0,0,0,,0,,0,,0,0,
02282,0,0,0,0,0,0,0,0,0,0,0,0.89,19,8,54.52,16.04,0,0,0,0,0,0,0,19.12,0,0.252,0,-1.487,0,0,-0.03
02290,0,0,0,0,0,0,0,0,0,0,0,1.476,15,7,65.28,-6.53,3,1,1,0,1,0,0,5.96,0,0.343,0,0.9,0,0,-1.19
02318,0,0,0,0,0,4,0,0,0,0.0,0.0,,,,,,0,0,0,0,0,0,0,,-0.8,,0,,0,0,
02319,0,0,0,0,0,0,0,0,0,0.0,0.25,,,,,,0,0,0,0,0,0,0,,0,,0,,0,0,
02325,0,0,0,0,0,5,0,0,0,0.0,7.019,,,,,,0,0,0,0,0,0,0,,2.4,,0,,0,0,
02326,0,0,0,0,0,0,0,0,0,6.0,1.6,,,,,,0,0,0,0,0,0,0,,0,,0,,0,0,
02327,0,0,0,0,0,0,0,0,0,0.0,0.551,,,,,,0,0,0,0,0,0,0,,0,,0,,0,0,
02804,0,0,0,0,0,0,0,0,0,0,0,,,,,,0,0,0,0,0,0,0,,1.0,,0,,0,0,
02825,0,0,0,0,0,0,0,0,0,0,0,,,,,,0,0,0,0,0,0,0,,1.0,,0,,0,0,
02826,0,0,0,0,0,0,0,0,0,0,0,,,,,,0,0,0,0,0,0,0,,1.0,,0,,0,0,
02833,0,0,0,0,0,0,0,0,0,0,0,,,,,,0,0,0,0,0,0,0,,1.0,,0,,0,0,
04001,0,0,0,3,10,33,0,0,0,0.0,0.005,0.758,18,9,86.26,20.8,1,0,1,0,0,0,0,15.29,-0.2,0.622,0,-2.307,0,0,-15.55
04003,0,0,0,4,77,56,0,0,0,4.0,6.228,0.489,27,13,93.12,31.63,1,0,0,0,1,0,0,-8.13,-2.6,1.033,0,-1.767,0,0,35.92
04005,0,0,0,8,33,99,0,0,0,7.0,12.571,0.85,19,8,88.86,23.97,6,0,1,0,5,0,0,-4.11,-4.6,0.85,0,-2.447,0,0,-48.69
04007,0,0,0,1,29,87,0,0,0,18.0,49.794,0.859,18,9,92.7,32.75,3,0,0,0,3,0,0,-4.41,-6.6,0.343,0,-1.253,0,0,30.88
04009,0,0,0,1,39,24,0,0,0,1.0,7.707,0.78,22,6,93.27,33.4,0,0,0,0,0,0,0,-5.66,-1.6,0.572,0,-1.933,0,0,32.32
04011,0,0,0,0,9,6,0,0,0,0.0,0.356,1.098,22,6,88.39,29.97,0,0,0,0,0,0,0,2.9,-0.6,0.64,0,-0.713,0,0,41.47
04012,0,0,0,1,22,53,0,0,0,0.0,1.844,0.764,22,9,105.51,42.64,1,0,1,0,0,0,0,5.21,-5.2,0.452,0,-2.467,0,0,-50.73
04013,0,0,0,9,147,149,0,0,0,10.0,69.158,0.761,21,7,104.07,41.87,7,0,1,0,6,0,0,-11.78,-14.2,0.665,0,-1.44,0,0,19.35
04015,0,0,0,3,87,161,0,0,0,5.0,8.258,0.746,19,9,96.3,35.32,1,0,0,0,1,0,0,-2.72,-9.2,0.573,0,-2.36,0,0,-46.71
04017,0,0,0,2,22,48,0,0,0,1.0,0.031,0.736,21,10,88.75,21.52,1,0,1,0,0,0,0,1.61,-4.8,1.052,0,-2.393,0,0,-35.03
04019,0,0,0,6,164,125,0,0,0,4.0,22.227,0.766,25,13,100.12,38.75,1,0,0,0,1,0,0,6.38,-7.8,0.828,0,-1.9,0,0,-9.81
04021,0,0,0,4,74,63,0,0,0,1.0,15.71,0.729,19,7,101.31,40.18,4,0,0,0,4,0,0,4.74,-2.8,0.925,0,-1.307,0,0,1.84
04023,0,0,0,0,38,35,0,0,0,2.0,1.48,0.356,21,16,90.88,32.61,0,0,0,0,0,0,0,-2.5,-1.6,1.373,0,-2.253,0,0,11.72
04025,0,0,0,5,70,125,0,0,0,4.0,12.124,0.777,21,9,93.49,31.58,5,0,0,0,5,0,0,-8.74,-11.8,0.735,0,-1.373,0,0,-2.97
04027,0,0,0,1,36,22,0,0,0,0.0,2.352,0.902,22,8,106.42,43.41,0,0,0,0,0,0,0,40.65,1.0,0.435,0,-1.947,0,0,-48.55
05001,0,0,0,4,29,18,0,0,0,1.0,0.435,0.59,13,11,89.49,36.34,6,2,2,1,0,0,1,-17.69,-2.0,1.843,0,0.613,0,0,29.66
05003,0,0,0,6,47,25,0,0,0,0.0,11.746,0.779,18,10,91.36,37.91,2,1,0,1,0,0,0,-7.09,-0.6,1.142,0,1.167,0,0,18.36
05005,0,0,0,2,54,3,0,0,0,1.0,0.702,0.251,12,12,87.52,28.62,2,1,0,1,0,0,0,-1.24,-0.4,2.278,0,-1.08,0,0,-4.42
05007,0,0,0,5,88,31,0,0,0,4.0,8.232,0.639,15,11,87.49,28.82,3,2,0,1,0,0,0,-16.3,-1.6,2.728,0,-1.04,0,0,-4.88
05009,0,0,0,5,49,7,0,0,0,0.0,2.145,0.476,12,11,86.92,28.48,3,2,0,1,0,0,0,-14.77,-0.6,2.465,0,-0.74,0,0,-4.86
05011,0,0,0,1,25,9,0,0,0,0.0,0.661,0.758,16,7,90.84,36.74,5,2,0,1,0,1,1,-19.73,-0.6,1.267,0,1.133,0,0,16.1
05013,0,0,0,1,18,27,0,0,0,0.0,0.371,0.467,13,8,90.46,35.53,4,2,0,1,0,1,0,-19.91,3.6,1.215,0,1.187,0,0,8.73
05015,0,0,0,3,36,7,0,0,0,3.0,0.614,0.474,13,11,86.7,28.62,3,2,0,1,0,0,0,-15.89,-0.4,2.45,0,-1.02,0,0,-8.04
05017,0,0,0,6,54,34,0,0,0,0.0,9.637,0.458,13,11,90.74,38.31,4,1,2,1,0,0,0,-11.19,2.0,1.493,0,1.053,0,0,25.4
05019,0,0,0,2,39,48,0,0,0,0.0,0.461,0.344,15,11,90.4,33.94,2,1,0,1,0,0,0,-14.85,-3.0,1.06,0,0.433,0,0,-15.04
05021,0,0,0,5,33,5,0,0,0,1.0,2.726,0.389,18,11,88.71,30.93,4,3,0,1,0,0,0,-16.77,-0.4,2.22,0,-1.107,0,0,18.36
05023,0,0,0,2,26,4,0,0,0,0.0,0.521,0.25,10,12,87.96,31.85,3,2,0,1,0,0,0,-12.43,0.6,2.345,0,-1.127,0,0,-8.76
05025,0,0,0,0,15,6,0,0,0,0.0,0.367,0.283,10,10,89.84,35.53,4,1,0,1,0,1,1,-28.31,-0.8,2.027,0,0.653,0,0,21.08
05027,0,0,0,6,37,7,0,0,0,0.0,0.285,0.358,9,11,90.63,36.26,2,1,0,1,0,0,0,2.05,0.4,0.933,0,0.573,0,0,2.04
05029,0,0,1,5,43,21,0,0,0,0.0,3.382,0.321,14,12,90.38,31.6,4,1,2,1,0,0,0,-5.32,-0.8,2.392,0,0.433,-0.2,0,3.54
05031,0,0,0,9,66,23,0,0,0,2.0,308.36,0.313,11,11,88.66,32.86,4,1,0,1,0,0,2,-22.66,-2.0,2.198,0,-0.387,0,0,-5.49
05033,0,0,0,8,57,30,0,0,0,1.0,19.413,0.485,17,13,89.67,30.68,6,2,2,1,0,1,0,-13.58,-2.8,2.407,0,-0.353,0,0,-6.82
05035,0,0,0,1,22,6,0,0,0,0.0,2.179,0.426,15,12,89.77,34.85,1,0,0,1,0,0,0,-25.74,-0.4,1.733,0,0.167,0,0,26.58
05037,0,0,0,6,19,3,0,0,0,4.0,151.134,0.273,12,11,89.1,34.32,3,2,0,1,0,0,0,-26.6,0.6,1.735,0,0.087,0,0,13.47
05039,0,0,0,1,23,6,0,0,0,2.0,0.26,0.159,12,11,89.72,34.51,5,2,0,1,0,1,1,-21.06,-0.4,1.533,0,0.833,0,0,2.5
05041,0,0,0,3,21,17,0,0,0,0.0,2.082,0.451,12,10,89.57,37.09,6,1,2,1,0,1,1,-18.28,-1.4,1.892,0,0.813,0,0,26.58
05043,0,0,0,4,33,16,0,0,0,0.0,1.016,0.582,15,9,90.39,37.46,4,1,0,1,0,1,1,-19.42,-1.0,1.622,0,0.747,0,0,18.32
05045,0,0,0,6,65,24,0,0,0,13.0,213.633,0.145,11,11,90.25,32.32,7,4,2,1,0,0,0,-12.85,-1.4,2.127,0,0.2,0,0,10.66
05047,0,0,0,10,71,24,0,0,0,0.0,2.506,0.397,17,13,89.02,30.91,6,2,2,1,0,1,0,-14.21,-2.2,2.368,0,-0.673,0,0,-6.92
05049,0,0,0,0,33,8,0,0,0,0.0,0.777,0.666,12,10,87.53,28.69,4,2,0,1,0,1,0,-8.15,-0.8,2.363,0,-0.887,0,0,16.4
05051,0,0,0,3,68,18,0,0,0,0.0,5.876,0.589,15,11,89.39,33.23,2,1,0,1,0,0,0,-18.3,-2.6,1.818,0,0.133,0,0,-7.33
05053,0,0,0,2,29,12,0,0,0,0.0,0.615,0.164,11,12,90.32,34.31,3,0,0,1,0,1,1,-11.78,-1.6,1.797,0,0.687,0,0,16.07
05055,0,0,0,6,44,13,0,0,0,0.0,1.776,0.377,14,11,88.51,32.01,2,1,0,1,0,0,0,-23.0,-1.0,2.237,0,-0.84,0,0,3.49
05057,0,0,0,3,46,15,0,0,0,0.0,1.445,0.381,13,10,90.28,35.03,2,1,0,1,0,0,0,-2.55,0.6,0.89,0,0.893,0,0,-15.44
05059,0,0,0,2,45,15,0,0,0,1.0,0.422,0.349,14,12,89.99,33.91,1,0,0,1,0,0,0,-15.09,-1.0,1.61,0,0.34,0,0,-10.49
05061,0,0,0,3,42,10,0,0,0,2.0,1.84,0.435,14,11,89.8,33.61,2,1,0,1,0,0,0,-12.81,-0.8,1.293,0,0.993,0,0,-12.61
05063,0,0,0,2,37,20,0,0,0,0.0,5.595,0.097,11,14,87.72,31.71,5,4,0,1,0,0,0,-14.72,0.2,2.027,0,-1.06,0,0,-6.71
05065,0,0,0,1,28,7,0,0,0,0.0,0.682,0.152,11,12,87.16,29.55,5,4,0,1,0,0,0,-3.65,-0.2,2.4,0,-1.047,0,0,6.45
05067,0,0,0,7,30,30,0,0,0,1.0,9.217,0.055,13,13,88.54,32.59,5,3,0,1,0,0,1,-24.95,-2.0,2.023,0,-0.753,0,0,-7.01
05069,0,0,0,5,40,30,0,0,0,2.0,7.264,0.282,10,12,89.88,35.19,7,2,2,1,0,1,1,-20.82,-3.0,2.143,0,0.1,0,0,26.12
05071,0,0,0,4,50,12,0,0,0,0.0,0.711,0.408,16,11,87.85,30.76,5,1,2,1,0,1,0,-15.58,-1.6,2.333,0,-0.747,0,0,-6.6
05073,1,0,0,4,36,12,0,0,0,0.0,13.85,0.566,12,11,91.02,36.92,2,1,0,1,0,0,0,2.69,1.0,0.952,-0.2,0.62,0,0,-9.67
05075,0,0,0,1,45,55,0,0,0,1.0,9.531,0.297,11,10,88.26,31.43,4,3,0,1,0,0,0,-28.1,-2.0,2.107,0,-1.287,0,0,-2.25
05077,0,0,0,2,10,9,0,0,0,0.0,0.27,0.448,13,11,89.51,35.7,2,1,0,1,0,0,0,-26.75,-1.4,1.737,0,0.173,0,0,43.9
05079,0,0,0,1,25,8,0,0,0,0.0,0.25,0.51,15,10,89.85,36.57,6,1,2,1,0,1,1,-25.46,-1.0,2.193,0,0.387,0,0,24.75
05081,0,0,0,4,34,12,0,0,0,3.0,14.309,0.738,13,10,91.03,36.05,3,2,0,1,0,0,0,3.06,0.4,1.225,0,0.72,0,0,-16.95
05083,0,0,0,6,48,7,0,0,0,0.0,1.418,0.313,17,13,89.8,31.59,6,2,2,1,0,1,0,-16.74,-1.2,2.457,0,-0.687,0,0,-5.53
05085,0,0,0,7,64,25,0,0,0,2.0,6.004,0.357,11,11,89.98,34.41,3,2,0,1,0,0,0,-14.9,-2.0,1.878,0,0.127,0,0,24.2
05087,0,0,0,7,19,9,0,0,0,2.0,1.005,0.499,16,11,85.48,28.93,6,3,1,1,0,1,0,-19.27,-0.4,2.59,0,-1.02,0,0,-7.89
05089,0,0,0,3,35,8,0,0,0,0.0,0.736,0.351,12,12,87.56,28.35,5,3,0,1,0,1,0,-6.81,0.4,2.422,0,-0.747,0,0,-4.24
05091,0,0,0,2,46,15,0,0,0,0.0,1.107,0.677,14,9,91.2,37.49,2,1,0,1,0,0,0,5.12,1.0,1.14,0,0.487,0,0,-17.5
05093,0,0,0,9,55,10,0,0,0,2.0,3.925,0.372,15,13,88.97,33.49,4,2,0,1,0,0,1,-11.33,-0.8,1.745,0,0.367,0,0,3.04
05095,0,0,0,0,20,57,0,0,0,0.0,6.721,0.538,13,10,89.37,35.9,2,0,0,1,0,0,1,-19.42,-4.6,1.857,0,0.633,0,0,33.91
05097,0,0,0,2,57,20,0,0,0,0.0,1.704,0.722,19,11,89.27,32.5,4,3,0,1,0,0,0,-15.4,-2.0,1.882,0,0.187,0,0,-11.55
05099,0,0,0,3,38,6,0,0,0,0.0,0.2,0.304,13,12,90.34,34.81,3,1,0,1,0,1,0,-4.68,-0.4,0.678,0,0.673,0,0,-10.51
05101,0,0,0,4,31,9,0,0,0,0.0,0.734,0.394,12,11,84.93,29.26,5,2,1,1,0,1,0,-24.88,-1.2,2.243,0,-0.633,0,0,-7.22
05103,0,0,0,1,30,72,0,0,0,0.0,3.838,0.196,12,11,90.37,34.99,7,4,0,1,0,1,1,-11.0,-3.8,0.965,0,0.907,0,0,1.53
05105,0,0,0,2,38,59,0,0,0,0.0,0.312,0.394,16,15,90.41,32.65,6,3,2,1,0,0,0,-8.65,-5.0,2.13,0,0.54,0,0,15.2
05107,0,0,0,3,18,5,0,0,0,0.0,0.311,0.526,15,11,89.69,36.21,3,1,0,1,0,0,1,-23.17,-0.8,1.697,0,0.613,0,0,43.52
05109,0,0,0,2,29,10,0,0,0,0.0,6.623,0.424,14,11,89.75,33.0,3,2,0,1,0,0,0,-11.02,-0.8,1.347,0,1.0,0,0,-15.13
05111,0,0,0,5,48,5,0,0,0,0.0,8.354,0.246,13,12,88.96,33.41,4,2,0,1,0,0,1,-22.26,1.8,1.902,0,-0.067,0,0,-3.43
05113,0,0,0,2,43,19,0,0,0,0.0,1.616,0.596,15,11,88.25,32.17,4,2,0,1,0,1,0,-20.25,-1.8,1.652,0,0.493,0,0,-11.65
05115,0,0,0,5,60,16,0,0,0,2.0,3.689,0.352,12,13,88.64,30.95,3,0,2,1,0,0,0,-12.81,-0.4,2.338,0,-0.073,0,0,-5.27
05117,0,0,0,7,26,41,0,0,0,0.0,5.31,0.419,10,10,89.36,35.28,3,2,0,1,0,0,0,-19.39,-4.0,2.068,0,0.447,0,0,27.61
05119,0,0,0,10,95,67,0,0,0,5.0,106.162,0.23,9,12,90.17,33.82,6,3,2,1,0,0,0,-9.85,-3.4,2.052,0,0.087,0,0,21.82
05121,0,0,0,4,23,49,0,0,0,0.0,20.99,0.561,16,10,88.68,29.92,4,3,0,1,0,0,0,-24.59,-4.8,2.085,0,-1.493,0,0,20.07
05123,0,0,0,2,16,4,0,0,0,1.0,7.136,0.395,14,11,89.34,35.12,1,0,0,1,0,0,0,-25.5,0.8,1.803,0,0.147,0,0,31.55
05125,0,0,0,3,68,43,0,0,0,0.0,1.865,0.326,12,12,89.67,33.8,2,1,0,1,0,0,0,-9.73,-0.4,1.845,0,0.54,0,0,15.01
05127,0,0,0,1,28,18,0,0,0,1.0,0.312,0.49,17,14,89.22,31.69,4,2,0,1,0,1,0,-22.88,-2.8,2.138,0,-0.06,0,0,-8.07
05129,0,0,0,4,24,8,0,0,0,0.0,0.894,0.161,10,12,86.12,29.16,7,3,1,1,0,2,0,-12.09,0.6,2.227,0,-0.113,0,0,-6.55
05131,0,0,0,9,88,33,0,0,0,3.0,5.06,0.562,15,13,90.63,31.74,6,2,2,1,0,1,0,-19.28,-1.6,2.402,0,-0.5,0,0,-8.14
05133,0,0,0,1,52,13,0,0,0,0.0,0.61,0.697,14,11,90.57,34.57,3,2,0,1,0,0,0,-9.55,-0.4,1.202,0,0.887,0,0,-14.08
05135,0,0,0,2,32,22,0,0,0,0.0,4.991,0.402,13,10,87.47,29.87,3,1,0,1,0,1,0,-13.56,-2.6,2.212,0,-0.94,0,0,7.83
05137,0,0,0,2,19,4,0,0,0,0.0,0.14,0.109,10,12,86.81,30.18,3,1,0,1,0,1,0,-5.14,0.6,2.372,0,-1.113,0,0,-4.9
05139,0,0,0,6,57,11,0,0,0,0.0,2.862,0.656,13,9,91.2,36.53,1,0,0,1,0,0,0,-5.74,0.4,0.992,0,1.14,0,0,8.2
05141,0,0,0,1,41,11,0,0,0,0.0,0.392,0.165,10,13,87.51,30.3,2,0,0,1,0,1,0,-15.38,-1.2,2.35,0,-0.16,0,0,-8.39
05143,0,0,0,7,94,27,0,0,0,3.0,22.662,0.544,17,12,87.03,29.12,4,2,1,1,0,0,0,-16.34,-2.2,2.755,0,-0.887,0,0,-6.8
05145,0,0,0,5,47,60,0,0,0,1.0,4.996,0.337,11,11,89.26,33.71,4,3,0,1,0,0,0,-17.61,-6.0,2.03,0,-0.147,0,0,3.88
05147,0,0,0,3,10,190,0,0,0,0.0,14.835,0.204,11,12,89.06,34.23,4,2,0,1,0,0,1,-22.29,-10.4,2.068,0,0.007,0,0,15.73
05149,0,0,0,3,42,46,0,0,0,1.0,1.178,0.375,19,13,90.21,32.15,6,3,2,1,0,0,0,-18.28,-3.6,2.205,0,-0.06,0,0,3.47
06001,0,0,0,0,14,46,0,0,0,1.0,5.058,1.017,29,9,83.47,41.68,6,2,4,0,0,0,0,16.41,2.8,1.168,0,-2.12,0,0,-62.51
06003,0,0,0,0,2,1,0,0,0,0.0,0.796,1.198,18,7,73.84,23.19,5,1,3,0,1,0,0,-9.06,-0.2,-0.022,0,-2.167,0,0,-58.16
06005,0,0,0,0,3,7,0,0,0,0.0,0.153,1.349,25,6,90.3,36.86,8,3,3,0,2,0,0,-1.02,-1.2,-0.027,0,-2.233,0,0,-56.3
06007,0,0,0,4,10,27,0,0,0,0.0,562.361,1.375,28,6,92.21,38.06,16,3,3,0,9,0,0,10.7,0.4,0.163,0,-2.807,0,0,-65.53
06009,0,0,0,1,3,10,0,0,0,0.0,7.658,1.321,23,6,90.68,36.83,9,3,4,0,2,0,0,-0.27,-1.8,-0.093,0,-2.113,0,0,-56.1
06011,0,0,0,1,2,7,0,0,0,0.0,8.02,1.263,25,6,94.38,38.88,5,2,3,0,0,0,0,34.08,-1.0,0.0,0,-3.12,0,0,-67.76
06013,0,0,0,0,8,19,0,0,0,0.0,0.0,1.058,25,8,86.02,41.99,5,1,4,0,0,0,0,5.61,2.8,0.76,0,-2.007,0,0,-61.51
06015,0,0,0,0,2,5,0,0,0,0.0,7.389,0.722,25,9,79.14,35.94,6,2,3,0,1,0,0,39.07,0.8,0.183,0,-3.647,0,0,-48.34
06017,0,0,0,3,9,17,0,0,0,1.0,9.92,1.13,21,5,84.86,33.41,13,3,5,0,5,0,0,-6.69,2.6,-0.193,0,-2.227,0,0,-56.99
06019,0,0,0,5,10,64,0,0,0,5.0,18.046,1.167,19,8,87.76,32.85,7,1,3,0,3,0,0,-5.71,-4.4,0.185,0,-2.647,0,0,-59.34
06021,0,0,0,1,2,14,0,0,0,1.0,5.6,1.292,24,4,92.71,37.85,6,2,4,0,0,0,0,30.42,-1.0,-0.227,0,-3.08,0,0,-68.94
06023,0,0,0,1,16,15,0,0,0,2.0,40.817,0.795,23,7,80.72,37.5,7,3,4,0,0,0,0,45.15,1.2,0.623,0,-4.307,0,0,-60.06
06025,0,0,0,0,14,28,0,0,0,2.0,33.701,1.083,18,4,106.73,46.42,3,1,1,1,0,0,0,65.95,0.0,0.538,0,-2.207,0,0,-58.47
06027,0,0,0,1,15,85,0,0,0,0.0,549.695,0.799,15,8,95.29,33.9,6,2,3,1,0,0,0,38.35,-1.2,-0.318,0,-2.6,0,0,-53.97
06029,0,0,0,3,15,79,0,0,0,1.0,0.64,0.962,15,8,94.46,37.49,9,1,2,1,4,0,0,27.36,0.8,-0.01,0,-3.187,0,0,-54.69
06031,0,0,0,0,4,17,0,0,0,0.0,0.845,1.181,23,6,97.27,39.59,4,1,3,0,0,0,0,15.82,1.8,0.82,0,-3.64,0,0,-57.3
06033,0,0,0,0,1,12,0,0,0,0.0,7.74,1.2,24,6,88.35,37.16,18,3,3,0,12,0,0,30.17,0.2,-0.463,0,-2.647,0,0,-69.24
06035,0,0,0,2,10,4,0,0,0,0.0,0.5,0.932,19,7,82.86,23.08,7,1,1,0,5,0,0,4.84,-0.2,0.283,0,-4.173,0,0,-59.07
06037,0,0,0,5,10,32,0,0,0,2.0,0.0,1.095,21,5,88.38,41.5,24,1,4,0,19,0,0,33.01,7.8,-0.527,0,-1.847,0,0,-54.66
06039,0,0,0,2,6,22,0,0,0,0.0,0.043,1.093,20,7,88.73,33.29,10,1,3,0,6,0,0,1.98,-2.4,0.432,0,-2.94,0,0,-61.8
06041,0,0,0,0,11,38,0,0,0,0.0,6.013,1.018,24,6,72.75,44.04,7,4,3,0,0,0,0,22.23,0.2,1.032,0,-2.9,0,0,-62.04
06043,0,0,0,1,6,35,0,0,0,5.0,3.113,1.05,21,8,88.13,32.61,11,3,4,0,4,0,0,4.72,-3.2,0.415,0,-2.727,0,0,-60.82
06045,0,0,0,1,0,14,0,0,0,0.0,34.9,1.116,26,8,83.46,37.97,13,4,4,0,5,0,0,35.58,1.6,-0.33,0,-3.98,0,0,-65.7
06047,0,0,0,0,2,37,0,0,0,0.0,11.017,0.893,17,5,93.19,40.04,6,2,4,0,0,0,0,33.33,1.2,0.668,0,-3.193,0,0,-59.18
06049,0,0,0,0,2,7,0,0,0,0.0,0.0,1.284,21,4,82.99,23.53,5,2,2,0,1,0,0,8.89,-0.6,0.128,0,-4.493,0,0,-59.16
06051,0,0,0,0,3,6,0,0,0,0.0,0.341,1.013,17,6,78.43,18.94,6,2,4,0,0,0,0,-6.32,0.2,0.15,0,-2.573,0,0,-58.05
06053,0,0,0,1,12,34,0,0,0,0.0,10.056,0.995,21,6,86.14,38.76,11,3,4,0,4,0,0,24.99,5.0,-0.363,0,-3.153,0,0,-43.72
06055,0,0,0,1,3,17,0,0,0,0.0,0.001,0.996,19,7,88.46,39.74,21,4,5,0,11,0,0,13.34,-0.6,0.03,0,-2.093,0,0,-63.96
06057,0,0,0,0,5,12,0,0,0,0.0,5.828,1.074,22,6,84.17,30.93,10,2,3,0,5,0,0,-4.48,0.2,-0.037,0,-2.367,0,0,-60.13
06059,0,0,0,0,10,38,0,0,0,0.0,1.379,1.137,20,4,83.17,48.01,10,0,3,0,7,0,0,26.27,1.4,-0.965,0,-1.72,0,0,-50.36
06061,0,0,0,2,5,16,0,0,0,0.0,5.129,1.06,24,6,85.3,32.49,9,1,3,0,5,0,0,-4.73,0.6,0.0,0,-2.233,0,0,-59.65
06063,0,0,0,0,6,8,0,0,0,0.0,2.816,0.801,20,8,81.67,24.69,8,2,2,0,4,0,0,7.01,-0.4,-0.022,0,-3.767,0,0,-62.05
06065,0,0,0,6,37,95,0,0,0,1.0,184.172,1.082,18,5,99.91,43.27,14,1,2,1,10,0,0,21.69,-2.0,0.067,0,-1.647,0,0,-56.89
06067,0,0,0,4,3,37,0,0,0,3.0,268.252,1.195,27,8,93.88,40.42,7,2,5,0,0,0,0,7.84,1.6,0.572,0,-3.147,0,0,-62.33
06069,0,0,0,1,2,6,0,0,0,0.0,20.076,0.996,18,6,88.24,37.95,6,2,4,0,0,0,0,33.41,0.8,-0.108,0,-2.873,0,0,-46.04
06071,0,0,0,3,57,165,0,0,0,11.0,44.459,0.889,18,10,99.77,39.92,12,1,2,0,8,0,0,32.09,2.2,0.102,0,-2.24,0,0,-58.26
06073,0,0,0,1,33,89,0,1,0,6.0,11.378,1.039,20,4,90.01,42.02,11,0,3,0,8,0,0,8.33,2.8,-0.378,0,-1.72,0,0,-47.86
06075,0,0,0,0,12,35,0,0,0,2.0,0.0,0.887,27,5,71.05,45.54,4,1,3,0,0,0,0,19.4,3.0,0.762,0,-2.527,0,0,-61.15
06077,0,0,0,1,2,22,0,0,0,0.0,107.61,1.312,33,8,93.43,40.67,5,1,4,0,0,0,0,11.61,-0.6,0.747,0,-2.507,0,0,-61.72
06079,0,0,0,0,1,6,0,0,0,2.0,0.0,1.193,28,6,88.18,38.82,8,2,5,0,1,0,0,22.19,1.2,-0.317,0,-3.5,0,0,-51.4
06081,0,0,0,0,12,23,0,0,0,0.0,0.516,0.969,30,6,74.47,43.24,8,1,5,0,2,0,0,16.17,0.4,0.7,0,-2.64,0,0,-61.38
06083,0,0,0,1,2,12,0,0,0,21.0,617.0,1.149,27,6,82.39,40.42,13,2,5,0,6,0,0,41.3,4.2,-0.653,0,-3.027,0,0,-51.67
06085,0,0,0,0,17,45,0,0,0,1.0,10.036,0.953,27,8,83.91,39.76,8,2,4,0,2,0,0,22.56,3.4,0.388,0,-2.453,0,0,-57.26
06087,0,0,0,1,12,23,0,0,0,0.0,5.015,1.254,32,9,78.41,41.19,9,2,5,0,2,0,0,13.35,0.0,0.295,0,-2.613,0,0,-48.76
06089,0,0,0,0,8,16,0,0,0,2.0,0.479,1.24,25,5,89.93,32.87,13,3,1,0,9,0,0,17.21,-1.2,-0.205,0,-3.26,0,0,-66.48
06091,0,0,0,0,2,2,0,0,0,1.0,8.39,0.976,17,7,80.09,25.15,5,2,2,0,1,0,0,-4.25,-0.2,-0.068,0,-2.98,0,0,-62.35
06093,0,0,0,0,10,10,0,0,0,0.0,0.0,1.097,24,6,82.65,28.27,11,1,2,1,7,0,0,23.92,-0.4,0.017,0,-3.547,0,0,-70.01
06095,0,0,0,0,1,10,0,0,0,1.0,0.01,0.903,22,9,89.24,41.05,11,2,3,0,5,0,0,3.49,0.6,0.893,0,-2.46,0,0,-61.56
06097,0,0,0,0,12,45,0,0,0,3.0,0.052,0.933,23,6,80.4,40.79,17,3,4,0,10,0,0,26.16,3.0,-0.092,0,-3.393,0,0,-62.7
06099,0,0,0,3,3,6,0,0,0,0.0,1.695,1.063,18,4,92.61,39.95,7,1,4,0,2,0,0,30.35,2.0,0.538,0,-2.553,0,0,-60.32
06101,0,0,0,2,3,4,0,0,0,0.0,0.005,1.134,29,8,95.87,40.26,5,1,3,0,0,0,0,16.14,0.2,0.507,0,-3.367,0,0,-65.46
06103,0,0,0,2,9,15,0,0,0,1.0,21.477,1.321,23,6,91.39,37.03,5,1,3,0,1,0,0,15.3,2.4,-0.303,0,-2.7,0,0,-68.1
06105,0,0,0,0,6,3,0,0,0,0.0,7.982,1.245,26,6,87.23,32.15,14,4,4,0,6,0,0,37.86,-0.6,-0.233,0,-3.94,0,0,-69.55
06107,0,0,0,1,10,49,0,0,0,2.0,10.362,0.863,18,6,85.67,31.75,8,1,3,0,4,0,0,-6.1,-3.2,0.082,0,-2.827,0,0,-55.17
06109,0,0,0,1,7,15,0,0,0,0.0,94.252,1.121,23,7,81.19,28.65,8,3,4,0,1,0,0,-5.8,-2.0,0.438,0,-2.193,0,0,-58.16
06111,0,0,0,1,3,16,0,0,0,0.0,0.0,1.075,21,5,83.6,38.61,13,1,2,0,10,0,0,39.69,5.0,-0.573,0,-2.053,0,0,-52.65
06113,0,0,0,2,3,16,0,0,0,0.0,11.799,0.906,25,9,93.99,39.87,9,2,4,0,3,0,0,5.38,0.0,0.467,0,-2.647,0,0,-66.02
06115,0,0,0,1,3,4,0,0,0,0.0,3.522,1.219,23,6,93.14,38.99,10,1,3,0,5,0,0,-1.11,1.6,0.108,0,-2.653,0,0,-64.9
08001,0,0,0,18,61,4,0,0,0,0.0,1.43,0.362,15,8,87.39,16.26,1,0,1,0,0,0,0,-8.41,-0.4,1.89,0,-3.253,0,0,-40.2
08003,0,0,0,1,3,0,0,0,0,0.0,0.0,1.102,17,5,80.59,9.08,0,0,0,0,0,0,0,24.5,0,0.873,0,-4.287,0,0,11.14
08005,0,0,0,8,81,8,0,0,0,2.0,490.75,0.324,14,9,86.23,16.3,1,0,1,0,0,0,0,-9.06,-0.8,1.985,0,-3.14,0,0,-41.11
08007,0,0,0,0,3,5,0,0,0,0.0,0.376,0.904,14,4,78.51,14.26,0,0,0,0,0,0,0,-0.33,-0.6,0.472,0,-1.447,0,0,-4.62
08009,0,0,0,8,73,4,0,0,0,1.0,2.13,0.287,15,16,89.98,19.6,2,0,2,0,0,0,0,10.55,-0.2,1.715,0,-3.593,0,0,-46.57
08011,0,0,0,7,27,8,0,0,0,0.0,0.025,0.382,15,13,91.39,18.35,0,0,0,0,0,0,0,-14.34,-0.4,2.142,0,-3.38,0,0,-50.26
08013,0,0,0,1,43,5,0,0,0,1.0,0.175,0.421,13,6,78.29,17.34,4,0,1,0,3,0,0,0.31,-0.6,0.892,0,-1.42,0,0,-17.99
08014,0,0,0,0,10,1,0,0,0,0.0,0.211,0.376,13,7,86.91,19.77,0,0,0,0,0,0,0,2.94,-0.2,1.503,0,-2.327,0,0,-22.22
08015,0,0,0,0,4,9,0,0,0,1.0,0.0,0.601,17,6,71.81,9.53,0,0,0,0,0,0,0,20.43,-1.4,0.505,0,-3.187,0,0,-54.17
08017,0,0,0,11,96,8,0,0,0,0.0,0.737,0.346,19,14,88.99,16.74,1,0,1,0,0,0,0,-10.94,-1.0,2.275,0,-3.527,0,0,-42.33
08019,0,0,0,0,3,0,0,0,0,0.0,0.0,0.616,16,7,68.69,12.66,0,0,0,0,0,0,0,5.0,0,0.177,0,-1.567,0,0,-34.73
08021,0,0,0,1,1,0,0,0,0,0.0,0.0,1.073,22,4,74.46,10.54,0,0,0,0,0,0,0,16.5,0,0.398,0,-2.26,0,0,9.49
08023,0,0,0,1,0,8,0,0,0,0.0,0.15,0.995,20,7,76.79,12.68,1,0,0,0,1,0,0,14.39,-1.6,0.02,0,-0.627,0,0,4.28
08025,0,0,0,1,25,1,0,0,0,0.0,0.0,0.466,17,11,90.67,16.17,0,0,0,0,0,0,0,0.97,0,2.13,0,-3.927,0,0,-71.53
08027,0,0,0,1,14,10,0,0,0,0.0,0.0,0.74,17,4,74.58,13.67,1,0,0,0,1,0,0,19.62,-1.0,0.648,0,-3.08,0,0,-51.41
08029,0,0,0,1,7,7,0,0,0,0.0,2.033,0.706,14,7,82.92,17.86,0,0,0,0,0,0,0,-7.64,-1.2,0.525,0,-3.187,0,0,-27.98
08031,0,0,0,4,57,6,0,0,0,0.0,0.931,0.421,12,7,86.98,19.37,1,0,1,0,0,0,0,-2.3,0.2,1.685,0,-2.847,0,0,-28.29
08033,0,0,0,0,1,5,0,0,0,1.0,0.029,0.722,21,7,77.39,15.75,0,0,0,0,0,0,0,-6.48,-0.8,0.612,0,-2.013,0,0,-35.83
08035,0,0,0,4,74,5,0,0,0,1.0,0.132,0.312,12,7,81.19,17.15,1,0,1,0,0,0,0,14.0,0.8,1.192,0,-2.547,0,0,-35.91
08037,0,0,0,0,6,11,0,0,0,4.0,0.61,0.638,19,7,73.99,11.6,2,0,0,0,2,0,0,10.27,-0.4,0.472,0,-1.873,0,0,-56.98
08039,0,0,0,9,72,8,0,0,0,0.0,0.285,0.537,19,10,84.62,14.83,2,0,2,0,0,0,0,-1.43,-0.6,2.533,0,-3.227,0,0,-56.75
08041,0,0,0,9,163,58,0,0,0,0.0,342.159,0.75,17,8,83.64,16.61,2,0,2,0,0,0,0,2.99,-3.2,1.617,0,-3.453,0,0,-55.57
08043,0,0,0,2,19,23,0,0,0,0.0,0.015,0.411,15,6,80.19,14.98,1,0,1,0,0,0,0,18.83,-0.6,0.823,0,-3.54,0,0,-54.84
08045,0,0,0,0,21,13,0,0,0,1.0,153.435,0.628,19,5,78.01,16.11,2,0,0,0,2,0,0,-3.02,1.0,1.003,0,-3.647,0,0,-59.77
08047,0,0,0,0,0,0,0,0,0,0,0,0.442,12,6,70.62,14.94,0,0,0,0,0,0,0,6.69,0,0.478,0,-1.733,0,0,-26.95
08049,0,0,0,0,8,11,0,0,0,0.0,0.15,0.614,17,7,71.97,9.1,2,0,0,0,2,0,0,6.17,-1.0,0.338,0,-1.76,0,0,-35.16
08051,0,0,0,1,0,7,0,0,0,2.0,0.602,0.579,20,8,72.79,8.73,0,0,0,0,0,0,0,3.5,0.0,0.893,0,-3.54,0,0,-40.65
08053,0,0,0,0,0,3,0,0,0,1.0,0.007,1.053,22,6,66.94,9.19,0,0,0,0,0,0,0,3.77,-0.4,-0.102,0,-0.773,0,0,-33.98
08055,0,0,0,1,12,32,0,0,0,0.0,0.008,0.767,17,4,81.28,18.43,1,0,0,0,1,0,0,15.08,-3.6,0.632,0,-1.427,0,0,-56.49
08057,0,0,0,2,2,0,0,0,0,0.0,0.0,0.434,15,10,71.99,8.74,0,0,0,0,0,0,0,0.84,0,0.607,0,-1.133,0,0,-27.42
08059,0,0,0,0,53,6,0,0,0,2.0,2300.16,0.233,11,6,79.76,17.93,1,0,1,0,0,0,0,5.91,0.6,0.925,0,-2.84,0,0,-24.58
08061,0,0,0,10,45,4,0,0,0,0.0,0.046,0.239,16,17,89.98,16.99,1,0,1,0,0,0,0,-19.23,-0.4,2.455,0,-3.88,0,0,-48.79
08063,0,0,0,16,137,23,0,0,0,0.0,0.842,0.631,21,10,88.32,17.67,1,0,1,0,0,0,0,-4.92,-1.2,2.103,0,-3.107,0,0,-42.66
08065,0,0,0,0,0,0,0,0,0,0.0,0.0,0.571,21,8,67.56,6.78,0,0,0,0,0,0,0,20.72,0,0.368,0,-1.787,0,0,-53.09
08067,0,0,0,0,11,10,0,0,0,1.0,3.062,1.016,18,6,79.57,16.62,0,0,0,0,0,0,0,-3.07,-0.8,0.673,0,-2.733,0,0,-19.65
08069,0,0,0,2,63,29,0,0,0,9.0,1.837,0.494,17,10,76.67,15.31,2,0,0,0,2,0,0,-1.79,-1.8,0.982,0,-1.76,0,0,-15.47
08071,0,0,0,8,37,5,0,0,0,0.0,0.008,0.595,18,7,86.41,19.9,0,0,0,0,0,0,0,6.68,-0.4,0.635,0,-2.027,0,0,-57.47
08073,0,0,0,14,79,5,0,0,0,0.0,0.68,0.473,18,11,87.67,15.46,1,0,1,0,0,0,0,-1.95,0.4,2.652,0,-3.447,0,0,-64.91
08075,0,0,0,11,87,8,0,0,0,0.0,0.91,-0.011,15,12,87.76,16.44,2,0,2,0,0,0,0,13.15,0.4,2.347,0,-3.607,0,0,-49.86
08077,0,0,0,1,21,24,0,0,0,4.0,0.92,0.757,21,6,83.74,18.79,1,0,0,0,1,0,0,-7.48,2.4,1.28,0,-3.713,0,0,-24.85
08079,0,0,0,0,1,1,0,0,0,0.0,0.0,1.057,19,6,68.35,9.2,0,0,0,0,0,0,0,1.44,-0.2,-0.137,0,-0.313,0,0,-16.64
08081,0,0,0,0,13,6,0,0,0,1.0,0.342,0.615,17,9,82.45,13.25,0,0,0,0,0,0,0,-5.26,1.2,1.648,0,-5.033,0,0,-60.31
08083,0,0,0,0,9,6,0,0,0,0.0,0.131,0.873,18,5,85.07,19.68,0,0,0,0,0,0,0,-8.34,1.4,0.967,0,-2.933,0,0,-32.06
08085,0,0,0,0,10,16,0,0,0,0.0,0.706,0.822,18,7,84.29,18.58,0,0,0,0,0,0,0,-6.38,-1.4,0.892,0,-3.607,0,0,-20.93
08087,0,0,0,12,57,7,0,0,0,0.0,2.08,0.438,15,9,88.13,15.51,1,0,1,0,0,0,0,-4.42,-0.2,1.623,0,-4.12,0,0,-47.24
08089,0,0,0,7,55,20,0,0,0,1.0,0.021,0.331,14,11,90.93,18.45,0,0,0,0,0,0,0,-6.12,1.2,1.948,0,-3.333,0,0,-61.4
08091,0,0,0,0,0,3,0,0,0,0.0,0.603,0.86,26,10,76.81,13.26,0,0,0,0,0,0,0,-0.76,-0.4,0.975,0,-4.087,0,0,-23.8
08093,0,0,0,5,8,3,0,0,0,0.0,0.045,0.486,14,7,72.01,9.49,1,0,1,0,0,0,0,14.55,-0.2,0.412,0,-2.893,0,0,-42.49
08095,0,0,0,8,44,2,0,0,0,0.0,0.085,0.252,18,13,88.01,16.1,0,0,0,0,0,0,0,11.01,-0.4,2.517,0,-4.707,0,0,-47.17
08097,0,0,0,0,1,11,0,0,0,1.0,0.905,0.546,17,7,70.7,10.91,0,0,0,0,0,0,0,6.21,-1.8,0.3,0,-1.567,0,0,-58.11
08099,0,0,0,8,74,15,0,0,0,0.0,0.165,0.299,14,15,91.1,18.18,1,0,1,0,0,0,0,-19.01,-1.0,2.208,0,-3.927,0,0,-41.83
08101,0,0,0,1,82,39,0,0,0,0.0,0.547,0.641,15,8,88.82,19.49,3,0,1,0,2,0,0,18.3,1.6,1.227,0,-3.193,0,0,-61.17
08103,0,0,0,0,16,4,0,0,0,0.0,0.207,0.665,19,5,81.03,14.93,0,0,0,0,0,0,0,-2.73,-0.2,1.235,0,-4.68,0,0,-50.72
08105,0,0,0,0,0,0,0,0,0,0.0,0.0,1.462,22,3,74.63,9.09,0,0,0,0,0,0,0,8.55,0,0.632,0,-3.0,0,0,4.95
08107,0,0,0,1,4,5,0,0,0,0.0,0.005,0.748,20,7,75.24,11.49,0,0,0,0,0,0,0,4.34,2.2,0.882,0,-2.347,0,0,-49.46
08109,0,0,0,0,3,3,0,0,0,0.0,0.0,0.693,19,9,73.86,8.85,1,0,1,0,0,0,0,9.41,-0.6,1.188,0,-3.827,0,0,-12.12
08111,0,0,0,0,0,0,0,0,0,0.0,0.022,0.969,23,6,64.24,10.61,0,0,0,0,0,0,0,-3.16,0,0.165,0,-0.313,0,0,-31.94
08113,0,0,0,0,1,6,0,0,0,0.0,0.547,0.743,21,8,79.94,16.41,0,0,0,0,0,0,0,-0.09,0.4,0.8,0,-2.527,0,0,-28.92
08115,0,0,0,7,34,0,0,0,0,0.0,0.025,0.047,16,12,87.23,16.02,1,0,1,0,0,0,0,11.58,0,2.315,0,-4.34,0,0,-46.97
08117,0,0,0,0,3,0,0,0,0,1.0,0.005,0.719,17,7,68.39,9.15,0,0,0,0,0,0,0,10.24,0,0.117,0,-1.227,0,0,-46.09
08119,0,0,0,4,20,5,0,0,0,0.0,0.019,0.572,14,5,73.97,10.85,2,0,1,0,1,0,0,9.73,-0.2,0.663,0,-3.173,0,0,-36.33
08121,0,0,0,21,88,6,0,0,0,0.0,5.955,0.216,14,10,87.75,16.24,2,0,2,0,0,0,0,8.41,-0.4,1.94,0,-3.72,0,0,-54.95
08123,0,0,0,26,132,18,0,0,0,1.0,4.335,0.201,11,9,86.59,15.84,0,0,0,0,0,0,0,-5.92,1.0,2.145,0,-3.133,0,0,-35.6
08125,0,0,0,12,129,13,0,0,0,0.0,2.959,0.342,15,11,88.63,17.39,1,0,1,0,0,0,0,3.9,0.2,2.355,0,-4.46,0,0,-50.65
09001,0,0,0,2,54,24,0,0,0,4.0,5.774,1.046,22,5,82.07,24.24,5,0,0,4,0,0,1,31.39,2.4,1.058,0,-2.94,0,0,
09003,0,0,0,0,58,32,0,0,0,0.0,7.598,0.82,18,6,82.51,21.98,3,0,0,3,0,0,0,30.17,0.2,0.88,0,-3.54,0,0,
09005,0,0,0,6,68,18,0,0,0,2.0,3.348,0.868,20,5,79.91,19.38,4,0,0,4,0,0,0,27.51,5.0,1.182,0,-3.8,0,0,
09007,0,0,0,0,21,5,0,0,0,0.0,0.172,0.847,21,7,81.39,23.74,5,1,0,4,0,0,0,30.75,-0.8,0.692,0,-2.993,0,0,
09009,0,0,0,5,35,21,0,0,0,0.0,1.528,0.889,18,4,81.62,23.47,6,1,0,4,0,0,1,30.79,0.6,0.875,0,-2.887,0,0,
09011,0,0,0,2,18,17,0,0,0,2.0,0.927,0.946,17,7,80.47,24.59,6,2,0,4,0,0,0,26.8,-1.6,0.548,0,-2.933,0,0,
09013,0,0,0,4,43,5,0,0,0,0.0,0.605,0.882,21,7,80.8,21.74,4,1,0,3,0,0,0,25.38,-1.0,0.742,0,-3.253,0,0,
09015,0,0,0,6,42,8,0,0,0,0.0,0.812,0.88,19,8,80.36,22.18,4,1,0,3,0,0,0,22.54,1.2,0.647,0,-2.96,0,0,
09110,0,0,0,0,0,0,0,0,0,0,0,,,,,,0,0,0,0,0,0,0,,0,,0,,0,0,-11.95
09120,0,0,0,0,0,0,0,0,0,0,0,,,,,,0,0,0,0,0,0,0,,0,,0,,0,0,-4.05
09130,0,0,0,0,0,0,0,0,0,0,0,,,,,,0,0,0,0,0,0,0,,0,,0,,0,0,-7.94
09140,0,0,0,0,0,0,0,0,0,0,0,,,,,,0,0,0,0,0,0,0,,0,,0,,0,0,-5.48
09150,0,0,0,0,0,0,0,0,0,0,0,,,,,,0,0,0,0,0,0,0,,0,,0,,0,0,-13.02
09160,0,0,0,0,0,0,0,0,0,0,0,,,,,,0,0,0,0,0,0,0,,0,,0,,0,0,-9.65
09170,0,0,0,0,0,0,0,0,0,0,0,,,,,,0,0,0,0,0,0,0,,0,,0,,0,0,-4.26
09180,0,0,0,0,0,0,0,0,0,0,0,,,,,,0,0,0,0,0,0,0,,0,,0,,0,0,-11.81
09190,0,0,0,0,0,0,0,0,0,0,0,,,,,,0,0,0,0,0,0,0,,0,,0,,0,0,-4.8
10001,0,0,0,3,62,11,0,0,0,0.0,0.202,0.804,17,6,85.41,29.13,1,0,0,1,0,0,0,7.25,-0.6,0.248,0,-1.367,0,0,1.12
10003,0,0,0,4,64,44,0,0,0,0.0,4.125,0.712,15,8,84.87,28.22,2,0,0,2,0,0,0,0.29,-0.2,0.273,0,-1.707,0,0,-2.01
10005,0,0,0,6,70,18,0,0,0,1.0,0.011,0.976,19,5,85.95,30.16,1,0,0,0,0,1,0,8.18,-1.0,-0.383,0,-1.113,0,0,-1.15
11001,1,0,0,2,75,58,0,0,0,3.0,27.415,,,,,,2,0,0,0,0,1,0,,-1.4,,0,,0,0,3.79
12001,0,0,0,3,92,18,0,0,0,1.0,2.074,0.931,20,3,91.26,46.76,13,1,0,12,0,0,0,-9.62,0.0,-0.385,0,1.447,0,0,-3.59
12003,0,0,0,1,32,8,0,0,0,0.0,0.033,0.958,22,4,91.74,44.98,12,1,0,11,0,0,0,-4.66,-0.2,0.26,0,2.473,0,0,-6.3
12005,0,0,0,12,57,38,0,0,0,1.0,10.911,1.323,24,6,90.88,46.25,15,1,0,12,2,0,0,5.82,-1.8,-0.602,0,3.307,0,0,2.22
12007,0,0,0,5,32,5,0,0,0,0.0,0.154,0.929,23,2,91.32,46.31,12,1,0,11,0,0,0,-8.53,0.6,-0.097,0,1.487,0,0,-0.03
12009,0,0,0,11,81,7,0,0,0,4.0,8.825,0.933,13,2,89.87,55.33,13,0,0,13,0,0,0,-2.24,0.6,-0.52,0,0.053,0,0,0.47
12011,0,0,0,16,75,44,0,0,0,4.0,32.173,1.121,28,1,91.83,60.13,12,0,1,11,0,0,0,4.55,-0.2,-0.377,0,0.8,0,0,-2.47
12013,0,0,0,5,47,9,0,0,0,1.0,6.476,1.254,21,6,91.48,44.36,15,1,0,13,1,0,0,10.27,-1.6,-0.168,0,3.58,0,0,3.96
12015,0,0,0,9,19,0,0,0,0,1.0,3.234,1.129,25,1,92.35,55.22,10,1,0,9,0,0,0,-1.78,0,-1.22,0,2.467,0,0,10.26
12017,0,0,0,2,25,2,0,0,0,0.0,11.203,1.255,23,1,91.22,50.03,15,1,0,14,0,0,0,-6.59,-0.2,-0.633,0,0.88,0,0,-8.35
12019,0,0,0,1,67,8,0,0,0,1.0,1.306,1.274,24,2,91.29,47.99,13,1,0,12,0,0,0,-5.13,-0.4,0.047,0,0.973,0,0,1.83
12021,0,0,0,6,29,19,0,0,0,2.0,2.424,0.893,17,1,91.95,58.15,12,1,0,9,2,0,0,-2.58,2.0,-0.65,0,0.693,0,0,-5.41
12023,0,0,0,4,52,9,0,0,0,1.0,0.428,0.73,19,6,91.48,44.48,11,1,0,10,0,0,0,-3.98,-1.0,0.312,0,3.073,0,0,-8.46
12027,0,0,0,1,2,1,0,0,0,0.0,1.12,1.093,22,1,92.27,53.38,10,1,0,9,0,0,0,-1.48,0,-0.837,0,2.053,0,0,3.76
12029,0,0,0,0,24,10,0,0,0,0.0,10.785,1.381,22,2,91.28,46.7,14,1,0,13,0,0,0,-8.28,-1.0,0.462,0,2.673,0,0,-2.34
12031,0,0,0,7,145,54,0,0,0,2.0,3.297,1.329,24,2,91.1,48.09,14,1,0,13,0,0,0,-1.95,0.4,0.15,0,1.273,0,0,-4.77
12033,0,0,0,6,46,21,0,0,0,2.0,177.486,1.077,18,6,90.48,44.92,11,1,0,10,0,0,0,-25.19,-1.6,0.302,0,2.853,0,0,18.26
12035,0,0,0,5,93,20,0,0,0,0.0,0.118,1.432,22,1,90.91,51.2,13,0,0,13,0,0,0,-8.19,-1.2,-0.375,0,0.787,0,0,-6.13
12037,0,0,0,7,24,4,0,0,0,0.0,0.146,1.305,20,3,90.63,46.78,15,1,0,14,0,0,0,13.02,0.6,-0.142,0,2.807,0,0,-12.47
12039,0,0,0,5,61,7,0,0,0,0.0,0.25,1.234,21,3,91.28,44.16,14,0,0,14,0,0,0,18.15,1.8,0.498,0,2.953,0,0,-3.19
12041,0,0,0,2,26,1,0,0,0,0.0,0.03,1.189,22,3,91.46,45.78,14,1,0,13,0,0,0,-8.92,0,0.133,0,2.42,0,0,-3.03
12043,0,0,0,2,6,3,0,0,0,0.0,0.105,1.087,21,0,92.09,55.57,8,0,0,8,0,0,0,-1.43,-0.2,-0.628,0,1.207,0,0,-1.48
12045,0,0,0,1,27,9,0,0,0,0.0,0.352,1.397,21,3,90.5,46.5,13,0,0,13,0,0,0,13.1,1.8,-0.468,0,3.18,0,0,-6.91
12047,0,0,0,0,34,3,0,0,0,1.0,0.049,0.741,17,6,91.27,44.07,11,1,0,10,0,0,0,11.01,-0.6,0.335,0,3.44,0,0,-9.61
12049,0,0,0,2,10,2,0,0,0,0.0,1.88,1.162,27,2,92.34,52.75,10,1,0,9,0,0,0,2.46,-0.2,-0.595,0,1.64,0,0,3.8
12051,0,0,0,1,8,4,0,0,0,0.0,0.085,0.953,22,1,92.16,56.93,8,0,0,8,0,0,0,0.23,0.6,-0.788,0,1.167,0,0,-6.05
12053,0,0,0,3,21,3,0,0,0,2.0,5.723,1.467,31,1,91.26,51.33,14,1,0,13,0,0,0,-2.35,-0.4,-0.498,0,1.093,0,0,-8.77
12055,0,0,0,1,12,0,0,0,0,0.0,0.791,1.115,22,1,92.2,53.73,8,0,0,8,0,0,0,1.15,0,-0.447,0,1.26,0,0,-0.66
12057,0,0,0,8,57,15,0,0,0,2.0,14.441,1.38,33,2,91.66,53.92,13,1,0,12,0,0,0,-10.1,0.0,-0.465,0,2.1,0,0,15.14
12059,0,0,0,4,63,16,0,0,0,0.0,10.644,0.905,18,7,91.61,42.28,12,1,0,11,0,0,0,-5.63,0.4,-0.202,0,3.533,0,0,10.75
12061,0,0,0,4,16,5,0,0,0,0.0,1.258,1.185,21,2,90.53,55.24,11,0,0,11,0,0,0,-11.32,0.8,-0.477,0,-0.013,0,0,3.35
12063,0,0,0,10,94,24,0,0,0,0.0,14.805,0.936,19,6,91.63,43.63,12,1,0,11,0,0,0,2.35,-0.2,0.013,0,3.427,0,0,9.85
12065,0,0,0,3,78,5,0,0,0,0.0,0.292,1.293,21,4,91.16,45.2,15,1,0,14,0,0,0,16.36,0.2,0.413,0,3.133,0,0,-14.99
12067,0,0,0,0,35,8,0,0,0,0.0,1.021,1.183,21,3,91.36,44.94,12,1,0,11,0,0,0,5.61,-0.4,0.337,0,3.287,0,0,-7.48
12069,0,0,0,6,41,4,0,0,0,2.0,6.34,1.363,25,2,92.0,51.61,12,1,0,11,0,0,0,-0.32,-0.4,-0.567,0,1.14,0,0,-8.53
12071,0,0,0,12,41,14,0,0,0,5.0,514.973,1.117,28,1,91.88,57.23,11,1,0,9,1,0,0,4.7,0.0,-1.177,0,2.267,0,0,6.7
12073,0,0,0,8,122,18,0,0,0,1.0,2.811,1.3,22,2,91.49,44.71,12,0,0,12,0,0,0,20.98,1.2,0.628,0,2.633,0,0,-19.2
12075,0,0,0,0,38,2,0,0,0,1.0,3.117,1.473,26,3,91.37,48.37,14,1,0,13,0,0,0,-11.83,-0.2,-0.028,0,1.9,0,0,-6.51
12077,0,0,0,7,26,3,0,0,0,0.0,0.561,1.381,22,3,91.38,44.72,14,0,0,14,0,0,0,16.24,-0.6,0.015,0,3.213,0,0,-7.43
12079,0,0,0,4,78,3,0,0,0,0.0,0.288,1.146,19,3,91.12,44.85,12,1,0,11,0,0,0,15.31,0.4,0.212,0,3.727,0,0,-7.94
12081,0,0,0,12,28,7,0,0,0,5.0,4.028,1.022,24,1,91.69,53.69,14,1,0,13,0,0,0,-4.34,-1.0,-0.485,0,2.167,0,0,37.66
12083,0,0,0,7,83,9,0,0,0,1.0,0.282,1.161,21,1,91.53,49.06,13,1,0,12,0,0,0,-8.72,1.0,-0.65,0,1.153,0,0,-7.1
12085,0,0,0,5,19,10,0,0,0,3.0,1.287,1.495,30,2,91.42,58.25,11,0,0,11,0,0,0,-1.29,-1.4,-0.678,0,0.647,0,0,2.36
12086,0,0,0,12,56,83,0,0,0,2.0,4.436,1.244,25,1,91.59,61.56,11,1,0,9,0,0,0,16.67,-1.0,-1.077,0,0.58,0,0,-5.03
12087,0,0,0,9,9,7,0,0,0,0.0,0.05,1.183,21,0,91.4,62.47,8,1,0,7,0,0,0,20.6,2.4,-1.018,0,0.567,0,0,-8.36
12089,0,0,0,3,62,6,0,0,0,0.0,0.109,1.204,24,3,91.47,46.28,14,1,0,13,0,0,0,3.01,0.4,0.107,0,1.34,0,0,-8.61
12091,0,0,0,7,50,19,0,0,0,2.0,3.143,1.294,21,4,91.05,43.62,11,1,0,10,0,0,0,-13.6,0.2,0.288,0,2.98,0,0,15.99
12093,0,0,0,2,10,3,0,0,0,0.0,0.369,1.244,24,1,91.65,55.07,9,0,0,9,0,0,0,-4.26,-0.2,-0.505,0,0.633,0,0,0.85
12095,0,0,0,6,62,6,0,0,0,1.0,209.409,1.288,23,1,91.99,53.5,12,0,0,12,0,0,0,-4.08,-0.6,-0.422,0,0.88,0,0,-3.66
12097,0,0,0,3,22,3,0,0,0,1.0,248.599,1.278,22,0,91.96,53.94,13,0,0,13,0,0,0,-5.17,-0.4,-0.422,0,0.827,0,0,2.54
12099,0,0,0,27,72,36,0,0,0,5.0,2.782,1.236,29,1,91.75,58.87,11,0,0,11,0,0,0,-6.57,-2.0,-0.497,0,1.027,0,0,-1.87
12101,0,0,0,8,29,7,0,0,0,0.0,100.222,1.48,31,1,91.44,52.2,13,1,0,12,0,0,0,-11.02,0.6,-0.435,0,1.713,0,0,-1.17
12103,0,0,0,14,48,7,0,0,0,7.0,25.578,1.362,33,2,91.03,55.59,13,1,0,12,0,0,0,-15.32,-0.6,-0.218,0,2.207,0,0,45.72
12105,0,0,0,6,51,1,0,0,0,0.0,11.666,1.296,25,1,92.49,53.31,11,0,0,10,1,0,0,-4.81,0,-0.43,0,1.713,0,0,-1.81
12107,0,0,0,1,61,10,0,0,0,1.0,0.057,1.285,20,2,91.2,49.35,14,1,0,13,0,0,0,-7.29,0.0,-0.333,0,0.8,0,0,-2.41
12109,0,0,0,11,99,25,0,0,0,0.0,1.563,1.582,24,2,90.38,50.56,13,0,0,13,0,0,0,-7.08,1.2,0.023,0,1.153,0,0,1.34
12111,0,0,0,6,21,7,0,0,0,1.0,30.358,1.327,27,3,91.02,56.81,11,0,0,11,0,0,0,-3.02,-0.4,-0.583,0,0.327,0,0,1.89
12113,0,0,0,5,45,21,0,0,0,1.0,17.788,0.995,18,6,90.44,44.25,12,1,0,10,1,0,0,-20.9,-1.4,0.575,0,3.0,0,0,17.81
12115,0,0,0,9,18,6,0,0,0,4.0,14.005,0.713,18,3,91.8,54.01,12,1,0,11,0,0,0,-5.51,1.6,-0.763,0,2.113,0,0,37.98
12117,0,0,0,2,40,7,0,0,0,3.0,242.411,1.116,16,0,91.8,53.21,13,0,0,13,0,0,0,-3.42,-0.8,-0.508,0,0.833,0,0,-5.23
12119,0,0,0,1,22,0,0,0,0,0.0,0.694,1.347,23,1,91.8,50.46,12,1,0,11,0,0,0,-5.46,0,-0.722,0,1.027,0,0,-9.15
12121,0,0,0,4,55,3,0,0,0,0.0,0.176,0.933,18,3,91.37,44.67,12,1,0,11,0,0,0,10.0,-0.6,0.222,0,3.38,0,0,-8.27
12123,0,0,0,4,54,14,0,0,0,0.0,6.043,1.424,23,4,91.11,46.18,14,1,0,13,0,0,0,9.07,-0.4,0.292,0,3.64,0,0,-10.76
12125,0,0,0,1,22,0,0,0,0,0.0,0.024,0.773,21,4,91.38,45.18,11,1,0,10,0,0,0,-9.96,0,0.108,0,2.273,0,0,-6.09
12127,0,0,0,8,46,10,0,0,0,10.0,353.345,1.157,19,1,91.26,52.3,13,0,0,13,0,0,0,-2.06,0.2,-0.563,0,0.733,0,0,-6.66
12129,0,0,0,8,80,6,0,0,0,1.0,0.865,1.408,23,2,91.46,45.71,14,1,0,13,0,0,0,20.92,1.6,0.438,0,2.84,0,0,-20.2
12131,0,0,0,16,102,25,0,0,0,1.0,14.127,1.26,25,6,91.24,43.56,12,1,0,10,1,0,0,-7.07,0.6,-0.155,0,3.127,0,0,13.24
12133,0,0,0,7,61,18,0,0,0,2.0,33.52,0.983,21,7,91.59,43.59,12,1,0,11,0,0,0,-2.75,1.6,-0.258,0,3.527,0,0,9.56
13001,0,0,0,2,41,6,0,0,0,0.0,0.032,0.856,16,6,92.13,42.04,7,0,0,6,0,0,1,20.63,1.8,0.16,0,2.033,0,0,-6.6
13003,0,0,0,3,32,2,0,0,0,0.0,0.008,0.84,19,5,91.73,42.57,6,0,0,6,0,0,0,27.96,-0.4,0.245,0,2.193,0,0,-8.84
13005,0,0,0,2,22,1,0,0,0,0.0,0.004,0.843,16,5,92.01,42.45,6,0,0,6,0,0,0,38.44,0,0.322,0,1.38,0,0,-5.23
13007,0,0,0,4,24,3,0,0,0,0.0,0.214,0.756,18,5,90.65,42.41,7,2,0,4,0,0,1,3.96,1.8,-0.025,0,3.44,0,0,5.08
13009,0,0,0,4,27,3,0,0,0,0.0,0.644,1.1,21,6,91.33,38.47,5,0,0,3,0,2,0,6.29,-0.4,0.115,0,2.613,0,0,0.18
13011,0,0,0,4,26,3,0,0,0,0.0,1.138,0.998,20,8,87.92,35.94,5,0,0,3,0,2,0,-14.61,-0.6,1.01,0,2.333,0,0,18.69
13013,0,0,0,1,25,1,0,0,0,0.0,0.35,1.148,21,8,88.29,36.39,4,0,0,2,0,2,0,-9.47,-0.2,0.82,0,2.087,0,0,21.47
13015,0,0,0,4,55,8,0,0,0,1.0,1.831,0.604,17,10,88.45,34.53,3,0,0,2,0,1,0,-25.82,-0.2,0.788,0,2.7,0,0,28.13
13017,0,0,0,1,26,2,0,0,0,0.0,0.418,0.961,21,6,91.29,41.98,4,0,0,4,0,0,0,3.12,2.6,-0.043,0,2.96,0,0,-9.55
13019,0,0,0,3,51,4,0,0,0,2.0,0.72,0.707,19,6,91.12,42.04,6,0,0,5,0,0,1,8.3,4.6,0.24,0,2.9,0,0,-6.78
13021,0,0,0,5,53,3,0,0,0,0.0,4.457,1.181,24,10,91.51,38.49,4,0,0,3,0,1,0,-0.07,-0.4,-0.045,0,3.207,0,0,4.19
13023,0,0,0,4,12,1,0,0,0,0.0,0.098,1.046,20,9,91.61,40.31,5,0,0,4,0,1,0,-4.48,0,-0.147,0,3.307,0,0,-1.0
13025,0,0,0,0,32,2,0,0,0,0.0,0.011,1.21,21,4,92.09,43.27,8,0,0,7,0,0,1,13.17,0.8,0.143,0,1.86,0,0,-1.83
13027,0,0,0,3,50,8,0,0,0,2.0,0.622,0.705,18,5,90.58,43.01,6,0,0,5,0,0,1,9.05,1.0,0.332,0,2.867,0,0,-4.64
13029,0,0,0,2,32,0,0,0,0,1.0,0.004,1.021,19,6,91.69,42.77,6,0,0,6,0,0,0,-1.38,0,-0.425,0,2.633,0,0,-13.94
13031,0,0,0,2,70,4,0,0,0,0.0,0.082,1.014,19,6,91.51,41.34,10,0,0,7,0,2,1,9.48,1.0,-0.427,0,2.647,0,0,-13.93
13033,0,0,0,3,39,5,0,0,0,0.0,0.233,1.027,17,9,90.97,39.29,8,0,0,6,0,2,0,0.71,1.4,-0.447,0,2.88,0,0,-6.64
13035,0,0,0,2,35,1,0,0,0,2.0,0.343,1.451,23,7,90.72,36.92,6,1,0,3,0,2,0,12.4,-0.2,0.357,0,3.373,0,0,2.57
13037,0,0,0,4,12,2,0,0,0,0.0,0.863,0.91,18,5,90.51,41.93,6,1,0,4,0,0,1,2.09,0.6,-0.052,0,3.487,0,0,3.19
13039,0,0,0,6,45,0,0,0,0,0.0,0.01,1.132,22,5,91.09,45.57,7,0,0,7,0,0,0,8.68,1.0,0.012,0,1.48,0,0,-10.24
13043,0,0,0,0,29,2,0,0,0,0.0,0.101,0.952,17,8,91.56,41.32,9,0,0,7,0,2,0,10.56,2.0,-0.23,0,2.813,0,0,-12.4
13045,0,0,0,3,33,4,0,0,0,0.0,2.029,1.412,20,6,88.28,35.73,6,1,0,3,0,2,0,-19.37,-0.2,0.638,0,3.147,0,0,26.64
13047,0,0,0,3,36,4,0,0,0,0.0,1.091,1.024,16,7,87.92,34.79,3,0,0,2,0,1,0,-25.41,-0.4,0.95,0,2.767,0,0,37.31
13049,0,0,0,1,18,3,0,0,0,0.0,0.101,1.178,21,4,92.15,44.71,7,0,0,6,1,0,0,8.6,-0.6,0.28,0,1.867,0,0,-3.95
13051,0,0,0,9,84,6,0,0,0,2.0,2.664,1.177,21,4,91.13,43.6,6,0,0,6,0,0,0,-3.25,1.0,-0.455,0,2.14,0,0,-11.07
13053,0,0,0,4,11,3,0,0,0,0.0,0.174,0.465,15,8,90.19,39.07,5,1,0,4,0,0,0,-7.04,0,0.342,0,3.36,0,0,6.96
13055,0,0,0,1,50,7,0,0,0,0.0,0.716,0.722,16,4,87.79,35.22,3,0,0,2,0,1,0,-25.04,-0.8,0.397,0,3.12,0,0,38.06
13057,0,0,0,4,73,2,0,0,0,0.0,8.176,0.637,15,8,86.88,34.25,4,0,0,3,0,1,0,-20.82,-0.2,0.825,0,2.2,0,0,23.03
13059,0,0,0,0,33,4,0,0,0,0.0,2.992,1.21,21,8,88.92,36.76,4,0,0,3,0,1,0,-6.91,-0.2,0.482,0,2.453,0,0,22.93
13061,0,0,0,6,24,0,0,0,0,0.0,0.315,0.926,19,6,90.78,41.46,5,0,0,4,0,0,1,-6.37,0,0.153,0,2.66,0,0,2.88
13063,0,0,0,3,25,5,0,0,0,1.0,0.765,1.332,21,6,89.12,37.5,3,0,0,2,0,1,0,-2.07,-0.8,0.68,0,2.653,0,0,8.31
13065,0,0,0,3,34,1,0,0,0,0.0,0.677,0.859,19,4,91.83,43.61,6,0,0,5,1,0,0,21.38,-0.2,0.497,0,2.513,0,0,-7.34
13067,0,0,0,4,57,7,0,0,0,0.0,3.084,1.087,18,7,88.11,36.03,3,0,0,2,0,1,0,-19.36,-0.6,0.643,0,2.647,0,0,25.2
13069,0,0,0,6,59,2,0,0,0,0.0,0.054,0.875,19,6,91.56,42.23,6,0,0,6,0,0,0,22.17,-0.2,0.127,0,2.187,0,0,-8.06
13071,0,0,0,7,53,3,0,0,0,1.0,1.654,0.532,17,7,90.13,41.93,6,0,0,5,0,0,1,5.32,1.6,0.242,0,2.76,0,0,0.45
13073,0,0,0,1,55,7,0,0,0,0.0,0.291,1.182,19,5,90.52,38.83,5,0,0,3,0,2,0,-5.63,0.4,0.213,0,2.067,0,0,-4.17
13075,0,0,0,7,30,3,0,0,0,7.0,2.354,0.586,16,6,90.68,41.99,6,0,0,5,0,0,1,5.29,3.8,0.29,0,2.76,0,0,-5.78
13077,0,0,0,6,81,6,0,0,0,2.0,22.655,1.467,21,6,89.0,37.06,5,1,0,2,0,2,0,-13.64,-0.6,0.625,0,3.227,0,0,16.62
13079,0,0,0,5,28,2,0,0,0,0.0,0.641,1.067,23,9,90.9,38.25,6,1,0,4,0,1,0,-1.6,-0.4,0.115,0,3.107,0,0,2.72
13081,0,0,0,3,34,3,0,0,0,0.0,0.523,1.383,23,5,91.4,41.23,6,1,0,4,0,0,1,4.57,-0.4,-0.002,0,3.167,0,0,-7.76
13083,0,0,0,2,34,6,0,0,0,0.0,2.865,0.885,15,6,85.44,34.57,6,1,0,2,1,2,0,-26.27,-0.8,0.868,0,2.893,0,0,38.67
13085,0,0,0,0,36,2,0,0,0,1.0,0.655,0.643,16,10,85.06,33.26,5,0,0,3,0,2,0,-13.62,-0.4,0.938,0,1.807,0,0,20.46
13087,0,0,0,4,60,8,0,0,0,0.0,0.601,0.941,19,5,91.23,43.17,5,1,0,4,0,0,0,10.31,-1.0,0.303,0,3.127,0,0,10.04
13089,0,0,0,4,54,19,0,0,0,0.0,5.346,1.254,21,6,88.76,36.81,3,0,0,2,0,1,0,-9.43,-0.6,0.713,0,2.407,0,0,11.22
13091,0,0,0,5,36,5,0,0,0,0.0,0.473,1.053,19,6,91.41,41.37,4,0,0,4,0,0,0,-2.67,-0.6,-0.157,0,2.533,0,0,-3.09
13093,0,0,0,2,23,1,0,0,0,0.0,0.446,1.349,22,6,91.5,40.51,4,0,0,4,0,0,0,1.33,-0.2,-0.035,0,3.413,0,0,-4.63
13095,0,0,0,2,54,19,0,0,0,5.0,317.643,0.797,18,6,90.66,42.33,6,1,0,4,0,0,1,5.91,0.8,0.065,0,3.68,0,0,1.68
13097,0,0,0,1,49,6,0,0,0,0.0,1.473,1.394,20,6,88.43,36.34,5,1,0,3,0,1,0,-16.67,0.4,0.593,0,2.893,0,0,25.76
13099,0,0,0,10,47,3,0,0,0,0.0,2.081,0.968,19,6,90.95,42.41,5,1,0,4,0,0,0,-4.7,1.4,-0.057,0,3.14,0,0,5.37
13101,0,0,0,1,22,1,0,0,0,0.0,0.001,0.708,16,5,91.35,43.65,7,0,0,6,0,0,1,12.28,-0.2,0.405,0,3.173,0,0,-8.48
13103,0,0,0,4,53,1,0,0,0,0.0,0.143,1.109,19,5,91.35,41.52,6,0,0,6,0,0,0,4.17,0,-0.38,0,2.253,0,0,-14.45
13105,0,0,0,2,24,7,0,0,0,0.0,0.457,1.218,20,9,89.58,36.22,5,0,0,3,0,2,0,-9.9,0.0,1.622,0,2.793,0,0,27.2
13107,0,0,0,3,31,2,0,0,0,0.0,0.314,0.84,16,9,91.13,40.43,9,0,0,7,0,2,0,9.37,0,0.128,0,2.447,0,0,-11.44
13109,0,0,0,0,20,1,0,0,0,0.0,0.012,0.926,17,7,92.02,41.78,6,0,0,6,0,0,0,2.23,-0.2,-0.272,0,2.887,0,0,-11.8
13111,0,0,0,2,25,5,0,0,0,0.0,0.769,0.678,18,10,83.21,30.53,7,2,0,3,0,2,0,-17.77,0.6,0.865,0,2.567,0,0,31.5
13113,0,0,0,2,44,4,0,0,0,0.0,1.358,1.476,20,5,89.22,37.57,5,1,0,2,0,2,0,-5.35,-0.4,0.618,0,3.107,0,0,10.45
13115,0,0,0,2,53,10,0,0,0,0.0,0.687,0.68,17,9,88.96,35.11,3,0,0,2,0,1,0,-22.81,-1.2,0.74,0,2.98,0,0,30.56
13117,0,0,0,3,47,4,0,0,0,0.0,5.837,0.765,18,8,86.5,34.59,5,0,0,3,0,2,0,-16.39,-0.4,0.86,0,1.88,0,0,19.37
13119,0,0,0,1,27,2,0,0,0,0.0,0.19,0.915,19,10,88.54,35.71,5,0,0,3,0,2,0,-13.69,-0.4,1.163,0,2.427,0,0,21.98
13121,0,0,0,10,92,22,0,0,0,1.0,18.291,1.259,19,6,88.38,36.5,4,0,0,2,0,2,0,-13.48,-0.6,0.72,0,2.467,0,0,20.84
13123,0,0,0,2,39,7,0,0,0,0.0,2.336,0.572,17,12,83.67,31.62,7,2,0,3,0,2,0,-15.52,-0.4,1.008,0,1.873,0,0,23.39
13125,0,0,0,0,5,1,0,0,0,0.0,0.029,0.848,17,8,90.24,38.36,6,0,0,4,0,2,0,0.21,1.0,0.318,0,2.08,0,0,-3.95
13127,0,0,0,3,33,8,0,0,0,0.0,0.006,0.979,21,7,91.17,45.01,7,0,0,7,0,0,0,6.68,0.0,-0.647,0,1.567,0,0,-6.72
13129,0,0,0,3,32,8,0,0,0,0.0,1.981,0.521,17,10,88.43,34.04,4,1,0,2,0,1,0,-21.97,0.6,0.745,0,2.453,0,0,24.27
13131,0,0,0,4,47,2,0,0,0,0.0,1.221,0.783,18,5,90.64,43.11,4,0,0,4,0,0,0,8.14,0.6,0.347,0,2.893,0,0,-2.36
13133,0,0,0,2,21,3,0,0,0,0.0,0.722,1.316,21,7,90.25,37.19,5,1,0,3,0,1,0,5.09,-0.2,0.457,0,2.753,0,0,-6.62
13135,0,0,0,1,83,8,0,0,0,0.0,10.214,1.085,22,8,87.84,35.99,3,0,0,2,0,1,0,-13.83,0.8,0.818,0,1.993,0,0,15.78
13137,0,0,0,1,30,8,0,0,0,0.0,0.287,0.811,13,9,85.35,34.54,6,0,0,3,0,3,0,-15.32,-0.6,0.988,0,2.047,0,0,21.26
13139,0,0,0,3,45,5,0,0,0,0.0,7.809,0.94,20,8,86.75,35.36,5,0,0,3,0,2,0,-10.72,-0.8,0.945,0,1.993,0,0,18.76
13141,0,0,0,2,18,2,0,0,0,0.0,0.2,1.025,19,7,90.6,37.94,6,0,0,4,0,2,0,4.68,-0.4,0.335,0,2.207,0,0,-5.32
13143,0,0,0,2,24,0,0,0,0,0.0,1.941,1.384,20,6,87.73,35.28,6,1,0,3,0,2,0,-21.05,0,0.647,0,3.133,0,0,28.5
13145,0,0,0,6,36,4,0,0,0,0.0,1.411,0.577,16,11,89.15,37.67,3,1,0,2,0,0,0,-7.27,-0.4,0.605,0,3.02,0,0,2.7
13147,0,0,0,2,28,2,0,0,0,0.0,0.455,1.049,20,9,89.02,35.92,4,0,0,2,0,2,0,-13.22,-0.2,1.313,0,2.593,0,0,27.01
13149,0,0,0,4,21,1,0,0,0,0.0,0.766,1.184,19,6,88.95,36.2,6,1,0,3,0,2,0,-14.43,1.0,1.003,0,3.26,0,0,24.71
13151,0,0,0,3,36,3,0,0,0,0.0,0.603,1.34,22,6,89.83,37.28,4,1,0,2,0,1,0,2.56,0.6,0.538,0,2.96,0,0,5.78
13153,0,0,0,5,60,5,0,0,0,1.0,2.039,1.134,22,9,91.59,39.71,5,0,0,4,0,1,0,-2.56,-0.6,-0.112,0,3.447,0,0,-2.89
13155,0,0,0,3,34,3,0,0,0,0.0,0.647,0.869,19,7,91.18,41.8,4,0,0,4,0,0,0,4.47,1.4,0.092,0,3.14,0,0,-6.74
13157,0,0,0,3,35,5,0,0,0,1.0,2.134,1.13,21,8,88.22,36.42,4,0,0,2,0,2,0,-12.02,-0.8,0.94,0,2.193,0,0,21.61
13159,0,0,0,1,18,3,0,0,0,2.0,0.047,1.543,24,8,91.06,36.62,6,1,0,3,0,2,0,21.19,-0.4,0.177,0,3.64,0,0,1.08
13161,0,0,0,3,22,2,0,0,0,0.0,0.027,0.871,18,7,91.68,41.77,7,1,0,6,0,0,0,21.22,0.6,0.103,0,1.893,0,0,-9.41
13163,0,0,0,3,19,1,0,0,0,0.0,0.16,0.729,17,9,90.49,38.84,6,0,0,4,0,2,0,0.4,-0.2,0.382,0,2.22,0,0,-1.84
13165,0,0,0,0,19,0,0,0,0,0.0,0.003,0.971,16,7,91.05,39.85,9,0,0,7,0,2,0,9.65,0,-0.32,0,2.813,0,0,-11.86
13167,0,0,0,3,30,1,0,0,0,0.0,0.285,0.806,18,9,91.06,39.78,6,0,0,4,0,2,0,3.74,0,0.307,0,1.94,0,0,-2.83
13169,0,0,0,3,26,2,0,0,0,0.0,0.46,1.303,23,7,91.28,37.88,6,0,0,4,0,2,0,9.08,-0.4,0.058,0,3.273,0,0,3.37
13171,0,0,0,3,14,1,0,0,0,0.0,0.476,1.328,18,6,90.03,37.58,6,1,0,3,0,2,0,3.24,-0.2,0.468,0,3.207,0,0,1.19
13173,0,0,0,2,40,1,0,0,0,0.0,0.501,0.676,17,6,91.26,42.66,4,0,0,4,0,0,0,18.93,2.8,0.377,0,2.747,0,0,-11.71
13175,0,0,0,11,62,4,0,0,0,0.0,1.828,1.001,17,8,91.55,40.7,5,0,0,4,0,1,0,1.3,-0.8,-0.035,0,2.293,0,0,-3.9
13177,0,0,0,4,52,10,0,0,0,0.0,1.027,1.081,19,5,90.8,41.86,4,0,0,4,0,0,0,5.68,1.8,0.2,0,3.547,0,0,1.8
13179,0,0,0,6,58,1,0,0,0,0.0,5.865,0.946,18,6,91.83,43.11,6,0,0,6,0,0,0,-3.46,0,-0.552,0,2.8,0,0,-12.16
13181,0,0,0,0,32,3,0,0,0,0.0,0.099,0.991,18,6,89.93,37.69,4,0,0,3,0,1,0,0.45,-0.4,0.945,0,2.46,0,0,6.07
13183,0,0,0,1,34,0,0,0,0,0.0,0.009,0.921,17,6,92.32,42.59,6,0,0,6,0,0,0,-2.18,0,-0.372,0,2.887,0,0,-11.69
13185,0,0,0,4,104,15,0,0,0,1.0,2.657,0.657,16,5,90.84,43.12,5,0,0,4,0,0,1,14.29,3.2,0.355,0,3.12,0,0,-9.17
13187,0,0,0,2,15,5,0,0,0,0.0,0.406,0.764,16,10,84.46,32.65,6,1,0,3,0,2,0,-13.15,-0.8,0.957,0,2.28,0,0,20.91
13189,0,0,0,1,34,0,0,0,0,0.0,0.053,1.058,18,5,90.02,38.18,5,0,0,3,0,2,0,-1.05,1.0,0.4,0,2.313,0,0,-5.73
13191,0,0,0,0,26,1,0,0,0,0.0,0.031,0.944,20,4,91.46,44.59,6,0,0,6,0,0,0,2.21,0,-1.047,0,1.973,0,0,-10.18
13193,0,0,0,4,24,2,0,0,0,0.0,0.214,1.193,21,6,91.03,39.57,5,1,0,4,0,0,0,1.26,-0.4,0.113,0,3.44,0,0,2.32
13195,0,0,0,2,17,1,0,0,0,0.0,0.279,1.135,21,9,88.57,36.09,5,0,0,2,0,3,0,-12.89,0,1.278,0,2.413,0,0,27.09
13197,0,0,0,1,19,2,0,0,0,0.0,0.126,0.723,15,8,89.62,39.18,5,1,0,4,0,0,0,-0.89,-0.4,0.318,0,3.647,0,0,5.52
13199,0,0,0,7,36,3,0,0,0,0.0,0.485,1.124,17,6,88.98,37.36,6,2,0,2,0,2,0,-11.17,-0.6,0.705,0,3.173,0,0,2.78
13201,0,0,0,4,30,3,0,0,0,2.0,0.421,0.894,20,6,91.02,42.6,4,0,0,4,0,0,0,2.0,1.4,0.005,0,3.307,0,0,11.26
13205,0,0,0,4,59,8,0,0,0,0.0,8.028,0.597,17,6,90.37,42.36,5,1,0,4,0,0,0,4.7,1.6,0.072,0,3.213,0,0,6.75
13207,0,0,0,5,30,3,0,0,0,0.0,10.943,1.319,22,8,90.92,37.31,5,0,0,3,0,2,0,6.9,-0.6,0.245,0,3.34,0,0,3.27
13209,0,0,0,0,24,2,0,0,0,0.0,0.185,0.937,17,7,91.71,41.41,6,1,0,5,0,0,0,12.55,-0.2,-0.043,0,2.313,0,0,-7.08
13211,0,0,0,0,30,5,0,0,0,0.0,0.568,1.458,23,6,90.38,36.78,6,1,0,3,0,2,0,12.77,0.6,0.202,0,3.187,0,0,1.86
13213,0,0,0,2,32,5,0,0,0,8.0,0.803,0.756,17,9,86.94,33.39,3,0,0,2,0,1,0,-17.67,-0.2,0.988,0,2.267,0,0,29.35
13215,0,0,0,3,49,7,0,0,0,0.0,1.173,0.423,16,10,90.16,38.63,4,1,0,3,0,0,0,-8.43,0.4,0.387,0,2.973,0,0,4.57
13217,0,0,0,5,39,3,0,0,0,3.0,2.546,1.403,23,9,90.17,36.46,6,2,0,2,0,2,0,10.87,-0.2,0.378,0,3.14,0,0,3.19
13219,0,0,0,0,22,2,0,0,0,0.0,0.226,1.269,21,7,89.36,36.91,4,0,0,3,0,1,0,-4.18,1.0,0.373,0,2.54,0,0,13.2
13221,0,0,0,1,26,2,0,0,0,0.0,0.381,1.242,21,8,89.52,36.46,6,1,0,3,0,2,0,-3.0,0,0.922,0,2.613,0,0,11.52
13223,0,0,0,1,56,6,0,0,0,1.0,2.451,1.149,17,6,88.14,35.63,4,0,0,3,0,1,0,-22.72,-1.2,0.638,0,2.987,0,0,26.15
13225,0,0,0,4,23,2,0,0,0,0.0,1.085,1.119,21,8,91.19,38.96,5,0,0,4,0,1,0,-1.75,-0.4,-0.092,0,3.333,0,0,1.15
13227,0,0,0,1,39,3,0,0,0,0.0,0.758,0.481,15,9,85.14,33.16,8,2,0,3,0,3,0,-16.27,-0.4,1.015,0,1.64,0,0,21.37
13229,0,0,0,3,23,1,0,0,0,0.0,0.02,1.063,21,4,92.37,42.97,7,0,0,7,0,0,0,26.4,-0.2,0.315,0,1.733,0,0,-1.76
13231,0,0,0,3,23,4,0,0,0,0.0,0.215,1.302,18,5,89.43,37.88,5,1,0,2,0,2,0,-5.07,1.2,0.64,0,3.167,0,0,-3.94
13233,0,0,0,0,37,5,0,0,0,0.0,6.272,1.249,18,8,88.77,35.57,3,0,0,2,0,1,0,-22.74,-0.6,0.825,0,3.18,0,0,30.24
13235,0,0,0,3,15,1,0,0,0,0.0,0.092,1.11,20,8,91.73,40.58,4,0,0,4,0,0,0,-3.39,-0.2,-0.12,0,3.547,0,0,-4.36
13237,0,0,0,2,23,4,0,0,0,0.0,0.406,1.409,22,6,91.08,37.35,6,0,0,4,0,1,1,20.99,-0.6,0.158,0,3.22,0,0,-1.74
13239,0,0,0,4,22,0,0,0,0,0.0,0.189,0.763,18,9,90.83,40.4,4,0,0,4,0,0,0,-4.15,1.0,0.312,0,2.753,0,0,7.53
13241,0,0,0,1,30,7,0,0,0,1.0,0.045,0.856,12,7,82.93,32.5,5,1,0,3,0,1,0,-19.82,-1.0,0.702,0,1.953,0,0,25.55
13243,0,0,0,7,29,2,0,0,0,0.0,0.514,0.936,18,5,90.32,40.88,5,0,0,4,0,0,1,2.15,-0.4,0.125,0,3.46,0,0,6.61
13245,0,0,0,0,55,8,0,0,0,2.0,0.48,1.25,17,6,91.18,39.68,5,0,0,3,0,2,0,-7.39,0.0,-0.495,0,2.587,0,0,-3.37
13247,0,0,0,0,28,4,0,0,0,0.0,0.439,1.291,22,7,89.6,36.71,3,0,0,2,0,1,0,-0.59,-0.4,0.582,0,2.667,0,0,7.4
13249,0,0,0,1,14,0,0,0,0,0.0,0.58,1.066,18,6,90.03,39.95,4,0,0,4,0,0,0,1.95,0,0.317,0,3.713,0,0,5.42
13251,0,0,0,3,59,1,0,0,0,0.0,0.256,0.996,18,8,91.13,40.0,9,0,0,7,0,2,0,12.78,-0.2,-0.488,0,2.733,0,0,-15.25
13253,0,0,0,2,29,4,0,0,0,0.0,0.528,1.001,18,5,91.51,43.37,4,0,0,4,0,0,0,7.36,-0.6,0.123,0,3.26,0,0,12.95
13255,0,0,0,5,40,2,0,0,0,2.0,0.507,1.417,23,6,89.74,37.86,5,1,0,2,0,2,0,0.38,0.6,0.553,0,3.24,0,0,4.02
13257,0,0,0,1,30,1,0,0,0,0.0,0.125,0.657,13,10,87.77,35.46,5,0,0,3,0,2,0,-11.45,-0.2,0.86,0,2.153,0,0,20.19
13259,0,0,0,7,12,0,0,0,0,0.0,0.721,0.673,17,7,90.31,39.6,5,1,0,4,0,0,0,-2.96,0,0.295,0,3.507,0,0,10.7
13261,0,0,0,5,27,3,0,0,0,0.0,0.643,1.258,19,5,90.49,41.09,4,0,0,4,0,0,0,3.52,-0.2,0.233,0,3.7,0,0,-1.09
13263,0,0,0,9,26,3,0,0,0,0.0,1.565,0.672,15,10,89.44,37.81,4,1,0,3,0,0,0,-6.13,0.8,0.47,0,2.98,0,0,-2.06
13265,0,0,0,0,11,1,0,0,0,0.0,0.05,1.118,19,5,89.93,37.39,6,1,0,3,0,2,0,2.55,-0.2,0.797,0,2.44,0,0,-9.37
13267,0,0,0,1,34,1,0,0,0,0.0,0.019,0.868,17,6,92.14,41.88,8,0,0,7,0,0,1,2.63,0,-0.127,0,2.787,0,0,-9.81
13269,0,0,0,6,25,1,0,0,0,0.0,0.341,0.896,16,9,90.15,38.6,4,1,0,3,0,0,0,-1.0,0,0.282,0,3.227,0,0,-0.69
13271,0,0,0,3,31,3,0,0,0,0.0,0.339,0.977,20,7,91.58,41.84,4,0,0,4,0,0,0,5.57,-0.4,-0.093,0,2.327,0,0,-7.43
13273,0,0,0,3,41,3,0,0,0,0.0,7.043,1.005,18,5,90.33,41.54,4,0,0,4,0,0,0,6.17,1.6,0.132,0,3.86,0,0,6.72
13275,0,0,0,4,69,7,0,0,0,0.0,0.601,0.716,20,4,90.38,43.04,6,0,0,5,0,0,1,7.05,2.6,0.342,0,2.713,0,0,0.26
13277,0,0,0,6,40,7,0,0,0,0.0,0.482,0.726,18,7,90.74,41.47,5,0,0,5,0,0,0,2.9,-0.2,0.307,0,3.193,0,0,-5.16
13279,0,0,0,2,20,3,0,0,0,0.0,0.514,0.881,15,6,91.94,41.52,7,0,0,7,0,0,0,10.18,-0.4,-0.04,0,2.553,0,0,-7.58
13281,0,0,0,0,7,1,0,0,0,0.0,0.03,0.902,15,9,82.4,30.98,5,1,0,3,0,1,0,-15.1,0,0.81,0,2.567,0,0,25.73
13283,0,0,0,2,15,0,0,0,0,0.0,0.103,0.928,15,10,91.44,41.0,7,0,0,6,0,1,0,9.74,0,0.06,0,2.293,0,0,-8.53
13285,0,0,0,6,53,5,0,0,0,1.0,4.864,0.913,17,7,89.2,36.78,5,2,0,2,0,1,0,-10.46,0.4,0.98,0,3.26,0,0,13.05
13287,0,0,0,3,31,5,0,0,0,1.0,5.452,1.02,20,5,90.87,41.26,6,1,0,4,0,0,1,4.25,1.0,0.127,0,3.233,0,0,-8.46
13289,0,0,0,9,43,1,0,0,0,0.0,0.712,1.072,19,9,91.49,39.58,6,0,0,4,0,2,0,-3.19,-0.2,-0.128,0,3.093,0,0,-0.89
13291,0,0,0,0,22,5,0,0,0,0.0,0.676,0.764,16,11,82.65,30.74,5,1,0,3,0,1,0,-16.4,0.2,0.833,0,2.873,0,0,28.83
13293,0,0,0,6,41,6,0,0,0,0.0,1.552,1.046,19,7,89.87,37.85,7,1,0,3,0,2,1,-4.16,-0.8,0.512,0,3.02,0,0,-3.77
13295,0,0,0,2,39,6,0,0,0,0.0,1.086,0.976,16,6,86.78,34.99,4,0,0,2,0,2,0,-23.2,-0.6,0.53,0,3.087,0,0,38.68
13297,0,0,0,3,62,5,0,0,0,0.0,1.913,1.281,21,6,89.15,36.48,3,0,0,2,0,1,0,-1.66,1.2,0.502,0,2.613,0,0,10.21
13299,0,0,0,5,34,3,0,0,0,0.0,0.07,1.036,20,4,92.24,43.73,8,0,0,6,1,0,1,25.44,-0.4,0.428,0,1.887,0,0,-2.93
13301,0,0,0,1,14,0,0,0,0,0.0,0.061,0.95,18,7,89.93,37.93,5,0,0,3,0,2,0,0.81,0,0.453,0,2.173,0,0,-6.17
13303,0,0,0,5,28,4,0,0,0,0.0,1.211,0.84,19,8,90.92,38.97,6,0,0,4,0,2,0,0.9,-0.6,0.237,0,1.793,0,0,-1.93
13305,0,0,0,3,50,3,0,0,0,0.0,0.043,1.004,21,4,92.26,42.67,7,0,0,7,0,0,0,7.68,1.6,-0.105,0,2.38,0,0,-5.82
13307,0,0,0,4,13,0,0,0,0,0.0,0.355,0.937,17,6,89.97,40.27,5,1,0,4,0,0,0,4.71,0,0.27,0,4.08,0,0,4.42
13309,0,0,0,0,23,1,0,0,0,0.0,0.096,0.987,19,7,91.79,41.53,4,0,0,4,0,0,0,9.2,0,-0.087,0,2.12,0,0,-5.4
13311,0,0,0,1,37,9,0,0,0,2.0,2.045,0.84,14,9,84.64,33.28,7,1,0,3,0,3,0,-13.58,-1.4,1.092,0,2.347,0,0,22.46
13313,0,0,0,2,44,6,0,0,0,1.0,0.931,0.94,16,7,87.97,34.5,4,0,0,2,0,2,0,-20.32,-0.6,0.892,0,2.707,0,0,33.25
13315,0,0,0,5,17,2,0,0,0,0.0,1.008,1.165,22,7,91.45,41.42,5,0,0,4,0,0,1,0.09,-0.4,-0.097,0,3.1,0,0,-5.72
13317,0,0,0,0,24,2,0,0,0,0.0,0.284,1.109,20,7,89.67,37.27,6,1,0,3,0,2,0,-0.23,-0.2,1.312,0,2.713,0,0,2.24
13319,0,0,0,6,25,2,0,0,0,1.0,0.474,1.002,18,10,91.5,39.51,5,0,0,4,0,1,0,-1.36,-0.4,-0.018,0,2.44,0,0,-1.12
13321,0,0,0,7,65,10,0,0,0,0.0,6.67,0.826,18,5,90.46,41.72,6,1,0,4,0,0,1,5.82,-0.2,0.237,0,3.24,0,0,-2.31
15001,0,0,0,0,3,45,0,0,0,5.0,7.128,,,,,,11,1,0,4,4,0,0,,0.8,,0,,0,0,20.09
15003,0,0,0,1,4,49,0,0,0,0.0,6.731,,,,,,5,1,1,3,0,0,0,,2.8,,0,,0,0,6.83
15005,0,0,0,0,0,0,0,0,0,0,0,,,,,,0,0,0,0,0,0,0,,0,,0,,0,0,-5.69
15007,0,0,0,0,1,48,0,0,0,2.0,83.71,,,,,,6,1,1,4,0,0,0,,-1.6,,0,,0,0,-1.6
15009,0,0,0,0,1,46,0,0,0,4.0,15.5,,,,,,13,2,1,4,5,0,0,,0.6,,0,,0,0,0.7
16001,0,0,0,1,17,10,0,0,0,0.0,6.01,0.553,15,11,88.92,25.51,1,0,1,0,0,0,0,25.08,-1.0,0.61,0,-3.093,0,0,-31.77
16003,0,0,0,0,3,1,0,0,0,0.0,0.403,0.542,18,10,78.96,19.32,2,0,1,0,1,0,0,1.06,-0.2,1.292,0,-3.967,0,0,-38.66
16005,0,0,0,0,24,17,0,0,0,0.0,2.727,0.809,13,7,81.48,19.0,0,0,0,0,0,0,0,26.46,0.4,0.972,0,-3.853,0,0,-50.69
16007,0,0,0,0,10,6,0,0,0,4.0,1.016,0.501,17,9,77.06,12.49,0,0,0,0,0,0,0,8.93,0,1.475,0,-4.733,0,0,-51.16
16009,0,0,0,0,7,8,0,0,0,0.0,1.734,0.889,19,9,79.67,24.81,4,3,1,0,0,0,0,-14.94,0,0.448,0,-3.113,0,0,74.3
16011,0,0,0,4,27,7,0,0,0,0.0,5.526,0.586,15,14,82.55,15.68,1,0,1,0,0,0,0,20.02,-0.2,1.588,0,-6.02,0,0,-34.8
16013,0,0,0,0,16,18,0,0,0,1.0,22.37,0.547,17,11,78.89,14.37,2,0,1,0,1,0,0,6.95,-1.6,1.172,0,-5.3,0,0,-52.17
16015,0,0,0,0,4,5,0,0,0,0.0,8.1,0.568,17,10,78.67,18.28,0,0,0,0,0,0,0,3.95,-0.4,0.938,0,-3.307,0,0,-37.68
16017,0,0,0,0,15,8,0,0,0,1.0,6.153,0.911,18,8,77.0,22.19,5,3,1,0,1,0,0,11.15,0.6,0.493,0,-2.753,0,0,56.1
16019,0,0,0,1,38,13,0,0,0,0.0,37.729,0.5,16,13,78.05,14.5,1,0,0,0,1,0,0,13.88,-0.8,1.52,0,-5.907,0,0,-31.09
16021,0,0,0,0,4,6,0,0,0,0.0,5.176,1.119,20,7,73.22,20.16,2,1,1,0,0,0,0,14.26,-0.2,0.365,0,-2.667,0,0,33.61
16023,0,0,0,1,27,9,0,0,0,0.0,3.538,0.379,18,12,80.23,10.44,0,0,0,0,0,0,0,12.53,-0.4,1.91,0,-7.567,0,0,-43.67
16025,0,0,0,0,2,3,0,0,0,0.0,0.0,0.928,20,9,76.3,15.21,1,0,1,0,0,0,0,-5.53,1.0,0.75,0,-4.047,0,0,-56.86
16027,0,0,0,0,11,5,0,0,0,0.0,1.5,0.496,15,10,90.0,24.81,1,0,1,0,0,0,0,21.25,-0.4,0.702,0,-2.987,0,0,-40.94
16029,0,0,0,2,12,6,0,0,0,0.0,5.048,0.394,14,8,77.61,14.99,0,0,0,0,0,0,0,13.02,-0.2,0.993,0,-4.073,0,0,-47.03
16031,0,0,0,2,30,6,0,0,0,0.0,11.46,0.469,14,11,81.92,20.27,1,0,1,0,0,0,0,35.47,-0.6,0.683,0,-4.14,0,0,-49.86
16033,0,0,0,0,9,4,0,0,0,0.0,4.757,0.491,16,12,77.18,11.14,1,0,0,0,1,0,0,2.88,0,1.667,0,-5.433,0,0,-34.06
16035,0,0,0,0,7,2,0,0,0,0.0,5.052,0.726,19,9,76.91,22.18,2,0,1,0,1,0,0,-10.82,0,0.868,0,-2.033,0,0,77.66
16037,0,0,0,1,4,9,0,0,0,0.0,7.781,0.616,16,9,73.47,11.05,1,0,1,0,0,0,0,8.42,-0.6,0.903,0,-4.813,0,0,-41.04
16039,0,0,0,1,16,6,0,0,0,3.0,0.102,1.001,20,9,83.64,21.49,2,0,2,0,0,0,0,5.5,0.8,0.947,0,-4.007,0,0,-35.33
16041,0,0,0,0,6,6,0,0,0,0.0,1.846,0.781,17,7,81.36,17.16,1,0,1,0,0,0,0,19.33,-0.2,0.932,0,-4.153,0,0,-61.31
16043,0,0,0,0,28,5,0,0,0,2.0,2.261,0.688,17,9,76.74,11.31,0,0,0,0,0,0,0,3.31,-0.4,1.578,0,-5.1,0,0,-21.8
16045,0,0,0,0,3,3,0,0,0,0.0,0.001,0.4,13,10,86.13,22.98,1,0,0,0,1,0,0,12.9,0,0.813,0,-2.987,0,0,-42.99
16047,0,0,0,0,10,4,0,0,0,0.0,1.85,1.024,19,8,86.77,21.97,2,0,2,0,0,0,0,11.14,-0.2,0.625,0,-5.24,0,0,-41.5
16049,0,0,0,0,12,6,0,0,0,0.0,6.605,0.579,19,9,76.15,18.1,4,0,2,0,2,0,0,-2.39,0.0,0.925,0,-2.467,0,0,19.42
16051,0,0,0,3,32,8,0,0,0,0.0,7.28,0.577,17,13,84.27,11.3,1,0,1,0,0,0,0,9.02,-0.4,2.26,0,-8.647,0,0,-35.01
16053,0,0,0,1,9,2,0,0,0,0.0,10.75,0.962,17,8,86.57,22.65,1,0,1,0,0,0,0,20.71,0,0.74,0,-5.053,0,0,-45.44
16055,0,0,0,0,10,10,0,0,0,0.0,2.126,0.846,22,10,78.85,24.59,5,3,1,0,1,0,0,-12.6,-0.6,0.227,0,-1.913,0,0,71.77
16057,0,0,0,0,8,12,0,0,0,0.0,1.36,0.739,20,8,80.57,24.78,2,0,2,0,0,0,0,-12.14,-1.6,0.688,0,-2.933,0,0,74.09
16059,0,0,0,0,8,8,0,0,0,0.0,0.162,0.567,18,9,74.41,13.2,0,0,0,0,0,0,0,3.78,0.4,0.958,0,-3.593,0,0,3.87
16061,0,0,0,0,8,3,0,0,0,0.0,0.285,0.396,13,10,79.09,22.86,2,0,1,0,1,0,0,-10.53,-0.6,1.577,0,-2.813,0,0,29.83
16063,0,0,0,0,7,3,0,0,0,0.0,5.428,1.015,21,7,85.7,18.9,1,0,1,0,0,0,0,28.6,0,1.043,0,-6.593,0,0,-57.22
16065,0,0,0,0,13,10,0,0,0,0.0,4.386,0.795,17,8,79.9,14.87,0,0,0,0,0,0,0,4.71,-0.4,1.688,0,-6.153,0,0,-28.46
16067,0,0,0,0,10,4,0,0,0,0.0,10.592,0.517,15,10,85.29,18.7,1,0,1,0,0,0,0,37.55,-0.2,1.208,0,-5.487,0,0,-38.7
16069,0,0,0,0,11,7,0,0,0,0.0,2.911,0.59,19,9,83.79,25.9,1,0,0,0,1,0,0,-9.4,-1.0,1.198,0,-2.867,0,0,41.8
16071,0,0,0,0,8,6,0,0,0,0.0,3.379,0.608,16,6,82.95,19.1,0,0,0,0,0,0,0,22.88,0.6,1.322,0,-4.793,0,0,-58.83
16073,0,0,0,2,10,3,0,0,0,0.0,0.0,0.573,16,12,84.3,21.63,0,0,0,0,0,0,0,18.21,-0.4,0.725,0,-3.7,0,0,-50.06
16075,0,0,0,0,3,1,0,0,0,0.0,0.002,0.704,16,9,89.09,25.04,0,0,0,0,0,0,0,12.88,0,1.03,0,-3.067,0,0,-46.7
16077,0,0,0,1,19,10,0,0,0,0.0,7.409,0.449,12,10,82.84,18.6,0,0,0,0,0,0,0,38.76,1.0,0.935,0,-4.887,0,0,-44.48
16079,0,0,0,0,4,7,0,0,0,0.0,0.769,0.777,20,10,75.25,22.29,2,1,1,0,0,0,0,-9.28,-0.4,0.658,0,-2.667,0,0,73.39
16081,0,0,0,0,8,4,0,0,0,0.0,2.173,0.841,17,9,75.78,13.06,0,0,0,0,0,0,0,13.5,1.0,0.863,0,-3.853,0,0,-28.31
16083,0,0,0,1,16,2,0,0,0,0.0,2.5,0.363,16,11,84.06,21.35,1,0,1,0,0,0,0,12.7,0,0.995,0,-4.08,0,0,-46.82
16085,0,0,0,0,6,2,0,0,0,0.0,0.92,0.656,18,11,75.4,13.22,3,0,2,0,1,0,0,4.22,-0.2,0.643,0,-3.353,0,0,-28.8
16087,0,0,0,0,3,6,0,0,0,0.0,1.002,0.537,15,10,84.36,22.77,1,0,1,0,0,0,0,6.07,-0.2,1.092,0,-2.793,0,0,-50.36
17001,0,0,0,1,56,9,0,0,0,0.0,0.097,0.439,13,12,84.63,21.77,1,0,1,0,0,0,0,-9.63,-1.0,3.23,0,-5.247,0,0,59.73
17003,0,0,0,1,23,71,0,0,0,0.0,19.764,0.486,16,12,87.63,29.18,1,0,1,0,0,0,0,-6.63,-0.2,1.573,0,-1.953,0,0,8.06
17005,0,0,0,3,20,4,0,0,0,0.0,0.123,0.434,18,13,86.1,24.86,1,0,0,0,0,0,1,1.6,-0.4,2.633,0,-4.0,0,0,20.71
17007,0,0,0,7,38,11,0,0,0,1.0,0.726,0.349,14,11,81.67,16.62,0,0,0,0,0,0,0,16.2,2.0,2.81,0,-6.98,0,0,-3.03
17009,0,0,0,2,23,2,0,0,0,0.0,0.412,0.342,13,12,84.33,21.73,0,0,0,0,0,0,0,-3.73,-0.2,3.295,0,-5.327,0,0,46.65
17011,0,0,0,7,43,11,0,0,0,0.0,0.022,0.096,12,14,82.54,17.53,1,0,1,0,0,0,0,4.73,-0.6,3.002,0,-7.167,0,0,-2.37
17013,0,0,0,0,19,4,0,0,0,0.0,0.005,0.381,16,15,85.87,23.81,2,1,1,0,0,0,0,2.71,-0.2,2.798,0,-3.847,0,0,15.6
17015,0,0,0,4,34,15,0,0,0,0.0,0.062,0.283,12,10,82.31,16.06,1,0,1,0,0,0,0,-3.09,0.4,2.778,0,-7.433,0,0,3.28
17017,0,0,0,5,25,5,0,0,0,0.0,0.531,0.175,13,14,84.86,21.33,2,0,1,0,0,0,1,-2.82,-0.6,2.907,0,-4.827,0,0,20.63
17019,0,0,0,9,73,17,0,0,0,0.0,57.312,0.402,12,12,83.87,21.68,0,0,0,0,0,0,0,9.91,0.4,2.307,0,-4.66,0,0,-13.07
17021,0,0,0,14,45,17,0,0,0,4.0,131.355,0.244,15,13,84.94,22.66,1,1,0,0,0,0,0,-8.71,-0.2,2.755,0,-4.72,0,0,-0.52
17023,0,0,0,1,22,9,0,0,0,0.0,0.662,0.414,16,13,84.9,23.92,1,1,0,0,0,0,0,-21.28,-0.4,2.833,0,-3.527,0,0,21.86
17025,0,0,0,2,32,26,0,0,0,0.0,1.134,0.488,14,11,85.17,25.77,0,0,0,0,0,0,0,-11.4,0.4,2.292,0,-2.513,0,0,18.72
17027,0,0,0,2,30,4,0,0,0,1.0,0.218,0.557,18,13,86.93,25.74,0,0,0,0,0,0,0,2.53,-0.6,2.368,0,-3.527,0,0,25.29
17029,0,0,0,2,41,13,0,0,0,0.0,2.685,0.297,14,13,84.41,23.11,2,1,0,0,0,0,1,-11.33,-1.0,2.62,0,-3.813,0,0,7.27
17031,0,0,0,8,113,78,0,0,0,2.0,605.959,0.566,13,9,82.33,20.5,2,1,1,0,0,0,0,5.76,7.0,2.548,0,-6.44,0,0,-9.68
17033,0,0,0,2,23,18,0,0,0,3.0,0.846,0.32,13,11,84.91,24.87,0,0,0,0,0,0,0,-20.4,-1.6,2.455,0,-2.707,0,0,25.02
17035,0,0,0,3,15,9,0,0,0,0.0,0.319,0.295,14,12,84.44,23.91,1,1,0,0,0,0,0,-14.93,-0.8,2.708,0,-3.56,0,0,13.97
17037,0,0,0,7,46,7,0,0,0,2.0,8.587,0.205,13,11,81.79,17.23,0,0,0,0,0,0,0,1.51,0.0,2.862,0,-6.967,0,0,-7.2
17039,0,0,0,1,33,5,0,0,0,0.0,5.67,0.533,12,11,84.08,21.18,1,1,0,0,0,0,0,3.65,-0.2,2.155,0,-4.847,0,0,-10.82
17041,0,0,0,0,29,10,0,0,0,0.0,102.558,0.386,14,13,84.17,22.86,1,1,0,0,0,0,0,-1.43,0.4,2.427,0,-4.193,0,0,-3.55
17043,0,0,0,10,60,35,0,0,0,3.0,1.029,0.424,13,9,82.56,19.08,0,0,0,0,0,0,0,0.06,-2.0,2.647,0,-6.567,0,0,-11.55
17045,0,0,0,2,32,11,0,0,0,0.0,0.84,0.239,14,13,84.14,22.84,1,1,0,0,0,0,0,-13.02,-0.6,2.615,0,-3.727,0,0,13.82
17047,0,0,0,1,17,8,0,0,0,0.0,0.256,0.556,16,12,86.21,26.92,0,0,0,0,0,0,0,-13.83,0.0,1.693,0,-2.02,0,0,13.57
17049,0,0,0,4,34,23,0,0,0,0.0,1.419,0.192,10,12,84.43,24.48,1,0,0,0,0,0,1,-15.56,-0.6,2.667,0,-3.493,0,0,21.39
17051,0,0,0,3,22,5,0,0,0,0.0,0.025,0.257,14,12,85.4,24.56,1,0,0,0,0,0,1,-4.76,-0.2,2.83,0,-3.647,0,0,25.3
17053,0,0,0,3,23,11,0,0,0,0.0,12.714,0.388,10,11,83.35,20.52,0,0,0,0,0,0,0,10.69,0.0,2.36,0,-5.073,0,0,-8.04
17055,0,0,0,5,43,45,0,0,0,0.0,2.149,0.491,14,11,85.97,27.51,0,0,0,0,0,0,0,-23.65,-2.8,2.525,0,-2.407,0,0,17.19
17057,0,0,0,8,59,12,0,0,0,0.0,3.717,0.432,13,11,84.39,20.48,1,0,1,0,0,0,0,3.82,3.4,3.137,0,-5.94,0,0,8.77
17059,0,0,0,0,19,58,0,0,0,0.0,2.26,0.229,15,14,86.48,27.75,0,0,0,0,0,0,0,-22.2,-3.0,1.818,0,-1.9,0,0,5.82
17061,0,0,0,4,17,5,0,0,0,0.0,0.165,0.339,15,14,85.45,23.33,1,0,1,0,0,0,0,-1.18,-0.6,2.718,0,-4.153,0,0,14.55
17063,0,0,0,7,25,10,0,0,0,0.0,25.535,0.256,13,12,83.37,19.56,0,0,0,0,0,0,0,9.57,-0.2,2.897,0,-6.127,0,0,-8.42
17065,0,0,0,2,26,18,0,0,0,0.0,0.799,0.584,16,12,86.38,27.3,0,0,0,0,0,0,0,-25.66,-2.0,1.928,0,-2.04,0,0,10.48
17067,0,0,0,3,51,17,0,0,0,0.0,0.0,0.244,10,11,83.77,20.83,2,1,1,0,0,0,0,-3.05,-2.6,3.03,0,-5.74,0,0,35.51
17069,0,0,0,1,5,15,0,0,0,0.0,0.14,0.286,13,13,86.32,28.56,0,0,0,0,0,0,0,-17.64,-0.6,1.745,0,-1.12,0,0,0.74
17071,0,0,0,1,22,17,0,0,0,0.0,0.125,0.277,11,12,83.77,18.98,1,0,1,0,0,0,0,13.33,-0.8,2.987,0,-6.44,0,0,9.38
17073,0,0,0,12,67,14,0,0,0,0.0,0.095,0.268,13,13,82.9,17.9,1,0,1,0,0,0,0,1.34,-1.4,3.078,0,-6.993,0,0,-1.25
17075,0,0,0,7,38,18,0,0,0,0.0,1.706,0.256,9,11,83.23,20.15,0,0,0,0,0,0,0,13.62,-0.6,2.118,0,-5.007,0,0,-9.4
17077,0,0,0,7,65,54,0,0,0,0.0,9.196,0.304,13,12,86.38,27.16,1,0,1,0,0,0,0,-13.61,-3.0,2.14,0,-2.6,0,0,24.42
17079,0,0,0,2,17,13,0,0,0,0.0,0.461,0.365,13,9,84.09,25.09,0,0,0,0,0,0,0,-13.15,-0.4,2.57,0,-3.067,0,0,17.27
17081,0,0,0,3,41,15,0,0,0,2.0,0.913,0.607,16,11,85.94,26.73,0,0,0,0,0,0,0,-19.3,-1.0,2.565,0,-2.047,0,0,23.47
17083,0,0,0,3,23,4,0,0,0,1.0,0.016,0.425,16,14,85.79,24.46,2,0,1,0,0,0,1,-3.6,-0.4,2.805,0,-3.773,0,0,8.84
17085,0,0,0,3,52,15,0,0,0,0.0,7.868,0.173,13,13,81.6,15.24,0,0,0,0,0,0,0,2.68,2.2,3.075,0,-7.887,0,0,-7.94
17087,0,0,0,1,26,3,0,0,0,1.0,0.29,0.256,12,12,86.14,28.33,0,0,0,0,0,0,0,-13.34,0.6,1.453,0,-2.293,0,0,10.47
17089,0,0,0,8,74,17,0,0,0,0.0,1.418,0.247,14,11,82.1,17.7,0,0,0,0,0,0,0,-0.49,-0.2,2.725,0,-7.04,0,0,-9.23
17091,0,0,0,6,43,14,0,0,0,0.0,2.687,0.207,10,14,83.06,19.91,0,0,0,0,0,0,0,16.21,1.4,2.317,0,-5.853,0,0,-7.95
17093,0,0,0,10,36,9,0,0,0,0.0,0.157,0.07,12,14,82.87,18.64,0,0,0,0,0,0,0,10.51,-0.6,2.912,0,-6.54,0,0,-8.88
17095,0,0,0,4,58,11,0,0,0,0.0,1.664,0.225,11,12,83.22,18.7,1,0,1,0,0,0,0,7.58,-0.8,3.152,0,-6.667,0,0,-2.82
17097,0,0,0,4,54,19,0,0,0,0.0,13.831,0.532,14,9,81.08,19.05,0,0,0,0,0,0,0,10.27,2.2,2.632,0,-6.76,0,0,-18.84
17099,0,0,0,9,52,15,0,0,0,2.0,2.89,0.179,9,11,82.92,18.73,0,0,0,0,0,0,0,10.17,2.2,2.673,0,-6.407,0,0,-7.15
17101,0,0,0,1,27,10,0,0,0,0.0,0.792,0.237,13,12,85.53,25.56,0,0,0,0,0,0,0,-17.73,-0.8,2.078,0,-2.333,0,0,24.22
17103,0,0,0,8,39,11,0,0,0,0.0,2.007,0.377,14,12,82.32,17.39,1,0,1,0,0,0,0,3.3,-1.0,3.017,0,-7.027,0,0,-3.83
17105,0,0,0,5,39,14,0,0,0,1.0,0.013,0.456,11,9,83.53,19.94,0,0,0,0,0,0,0,5.28,-0.4,2.843,0,-6.06,0,0,-3.73
17107,0,0,0,7,44,13,0,0,0,4.0,3.792,0.517,11,12,84.38,21.47,1,1,0,0,0,0,0,3.24,1.0,2.162,0,-4.767,0,0,-5.88
17109,0,0,0,9,53,15,0,0,0,0.0,0.206,0.269,10,11,83.47,20.31,1,1,0,0,0,0,0,-5.25,-0.4,3.247,0,-6.08,0,0,24.94
17111,0,0,0,7,62,12,0,0,0,0.0,4.184,0.464,18,11,81.83,17.0,0,0,0,0,0,0,0,10.58,0.2,2.313,0,-6.9,0,0,-8.49
17113,0,0,0,9,53,22,0,0,0,0.0,14.79,0.638,14,10,83.96,20.61,0,0,0,0,0,0,0,-3.53,-2.4,2.502,0,-5.373,0,0,-6.11
17115,0,0,0,10,47,11,0,0,0,0.0,22.178,0.363,12,11,84.26,21.83,1,1,0,0,0,0,0,3.71,0.0,2.122,0,-4.507,0,0,-6.35
17117,0,0,0,7,48,6,0,0,0,0.0,0.161,0.301,14,14,85.11,23.54,1,0,0,0,0,0,1,-5.06,-0.4,2.868,0,-4.48,0,0,4.7
17119,0,0,0,4,80,8,0,0,0,6.0,30.166,0.356,15,13,86.38,25.28,2,0,1,0,0,0,1,-5.76,-0.6,2.805,0,-4.247,0,0,16.4
17121,0,0,0,5,34,10,0,0,0,5.0,2.08,0.51,17,11,85.7,25.59,0,0,0,0,0,0,0,0.06,-0.2,2.552,0,-2.6,0,0,21.62
17123,0,0,0,1,22,9,0,0,0,0.0,1.524,0.381,10,12,83.48,19.21,0,0,0,0,0,0,0,5.12,-0.6,2.772,0,-6.58,0,0,-5.7
17125,0,0,0,6,28,7,0,0,0,0.0,1.167,0.477,12,13,84.92,21.32,0,0,0,0,0,0,0,0.38,-0.4,2.628,0,-4.993,0,0,10.81
17127,0,0,0,5,30,37,0,0,0,0.0,2.441,0.5,14,11,87.33,29.25,0,0,0,0,0,0,0,-9.36,-2.6,1.78,0,-1.667,0,0,3.26
17129,0,0,0,3,21,8,0,0,0,0.0,0.33,0.346,11,14,84.57,21.68,1,0,0,0,0,0,1,-3.82,-0.4,2.523,0,-4.607,0,0,12.14
17131,0,0,0,8,36,16,0,0,0,0.0,0.275,0.393,14,12,83.68,17.87,1,0,1,0,0,0,0,1.17,-1.4,3.175,0,-6.76,0,0,7.82
17133,0,0,0,4,30,8,0,0,0,0.0,0.007,0.754,16,13,87.58,26.8,2,1,1,0,0,0,0,-7.99,-0.8,2.38,0,-3.267,0,0,34.15
17135,0,0,0,11,43,10,0,0,0,0.0,0.185,0.277,15,15,85.1,23.44,1,0,0,0,0,0,1,-4.21,-0.6,2.847,0,-4.707,0,0,9.49
17137,0,0,0,7,39,14,0,0,0,0.0,0.719,0.259,15,14,84.92,21.95,3,1,1,0,0,0,1,-5.52,-1.2,2.802,0,-4.8,0,0,10.42
17139,0,0,0,3,21,11,0,0,0,0.0,1.18,0.177,13,13,84.11,22.6,2,1,0,0,0,0,1,-5.7,-0.4,2.36,0,-4.087,0,0,2.3
17141,0,0,0,7,41,13,0,0,0,0.0,10.045,0.453,14,12,82.26,16.82,0,0,0,0,0,0,0,3.74,-1.6,2.75,0,-6.747,0,0,-0.18
17143,0,0,0,6,68,18,0,0,0,1.0,6.841,0.795,14,9,84.42,20.22,0,0,0,0,0,0,0,1.86,-1.8,3.058,0,-6.14,0,0,-3.53
17145,0,0,0,4,35,25,0,0,0,0.0,1.225,0.424,15,12,86.17,26.69,0,0,0,0,0,0,0,-17.53,0.8,2.822,0,-2.94,0,0,24.84
17147,0,0,0,4,24,7,0,0,0,0.0,2.344,0.45,11,12,84.08,21.93,0,0,0,0,0,0,0,6.02,0.8,2.292,0,-4.647,0,0,-10.14
17149,0,0,0,4,36,4,0,0,0,2.0,1.045,0.448,14,13,85.1,22.77,3,1,1,0,0,0,1,5.3,-0.6,2.93,0,-4.733,0,0,38.68
17151,0,0,0,2,13,23,0,0,0,0.0,0.806,0.263,13,12,86.19,28.62,0,0,0,0,0,0,0,-15.18,-2.8,1.8,0,-1.613,0,0,2.22
17153,0,0,0,1,20,46,0,0,0,2.0,1.16,0.538,16,11,87.62,29.13,0,0,0,0,0,0,0,-6.14,-4.2,1.502,0,-2.22,0,0,6.75
17155,0,0,0,2,31,5,0,0,0,0.0,0.0,0.078,12,14,83.13,18.6,0,0,0,0,0,0,0,8.66,-0.2,2.712,0,-6.767,0,0,-6.01
17157,0,0,0,3,30,9,0,0,0,0.0,3.282,0.347,14,13,86.74,26.42,1,0,1,0,0,0,0,-13.53,-0.6,2.288,0,-2.627,0,0,30.82
17159,0,0,0,5,19,10,0,0,0,0.0,0.483,0.376,13,11,85.14,25.94,0,0,0,0,0,0,0,-13.56,-0.6,2.107,0,-2.273,0,0,18.69
17161,0,0,0,9,50,32,0,0,0,1.0,1.092,0.422,15,12,83.46,17.83,1,0,1,0,0,0,0,-0.37,-3.0,3.05,0,-6.867,0,0,8.98
17163,0,0,0,5,83,14,0,0,0,2.0,18.444,0.464,15,14,87.31,26.14,2,0,2,0,0,0,0,-4.76,-2.0,2.248,0,-3.78,0,0,27.23
17165,0,0,0,1,40,14,0,0,0,1.0,1.3,0.226,12,12,86.1,27.86,0,0,0,0,0,0,0,-22.27,2.2,1.785,0,-1.86,0,0,8.86
17167,0,0,0,12,89,26,0,0,0,0.0,17.473,0.345,13,14,84.8,22.29,1,1,0,0,0,0,0,-5.33,-0.2,2.765,0,-4.727,0,0,-3.2
17169,0,0,0,3,19,10,0,0,0,0.0,0.551,0.243,12,10,84.04,21.24,1,0,1,0,0,0,0,-4.68,-0.6,3.308,0,-5.473,0,0,35.65
17171,0,0,0,1,12,9,0,0,0,0.0,0.374,0.314,15,12,85.25,22.44,2,1,1,0,0,0,0,-1.13,0.6,2.783,0,-4.74,0,0,18.49
17173,0,0,0,4,27,18,0,0,0,1.0,3.063,0.053,12,14,84.47,23.15,1,0,0,0,0,0,1,-9.03,-1.8,2.538,0,-4.14,0,0,10.97
17175,0,0,0,2,13,5,0,0,0,0.0,0.62,0.278,9,13,82.99,18.37,0,0,0,0,0,0,0,8.66,-0.2,3.123,0,-7.147,0,0,-3.47
17177,0,0,0,4,48,13,0,0,0,0.0,7.51,0.293,11,11,81.72,15.61,1,0,1,0,0,0,0,1.32,-0.2,3.008,0,-7.36,0,0,1.13
17179,0,0,0,8,69,18,0,0,0,0.0,3.065,0.796,13,11,84.55,21.03,0,0,0,0,0,0,0,-1.73,0.6,2.627,0,-5.347,0,0,-3.47
17181,0,0,0,3,22,22,0,0,0,1.0,2.884,0.338,13,11,86.56,28.0,1,0,1,0,0,0,0,-15.57,-1.0,1.195,0,-2.507,0,0,16.0
17183,0,0,0,6,67,19,0,0,0,0.0,12.886,0.243,10,12,83.6,21.14,1,1,0,0,0,0,0,2.75,-0.6,2.26,0,-4.113,0,0,-4.56
17185,0,0,0,1,19,48,0,0,0,1.0,1.194,0.369,14,12,86.05,26.56,0,0,0,0,0,0,0,-19.54,-5.0,1.943,0,-2.107,0,0,21.81
17187,0,0,0,6,40,5,0,0,0,0.0,1.857,0.188,10,12,83.24,18.38,1,1,0,0,0,0,0,7.88,-0.6,3.205,0,-6.653,0,0,2.9
17189,0,0,0,2,27,3,0,0,0,0.0,1.073,0.44,16,12,86.46,25.97,1,1,0,0,0,0,0,-9.06,-0.4,2.437,0,-3.193,0,0,26.24
17191,0,0,0,4,23,33,0,0,0,0.0,0.79,0.746,17,11,86.34,26.95,0,0,0,0,0,0,0,-14.66,-0.8,1.65,0,-1.773,0,0,16.89
17193,0,0,0,7,36,76,0,0,0,1.0,3.582,0.438,15,15,86.58,27.12,0,0,0,0,0,0,0,-22.26,-7.6,1.898,0,-2.42,0,0,14.39
17195,0,0,0,16,39,21,0,0,0,0.0,1.338,0.427,14,10,82.97,17.3,1,0,1,0,0,0,0,-5.87,-0.8,3.165,0,-7.207,0,0,1.36
17197,0,0,0,19,82,36,0,0,0,4.0,1.724,0.133,13,12,82.85,19.58,0,0,0,0,0,0,0,18.14,0.0,2.56,0,-6.18,0,0,-8.73
17199,0,0,0,5,51,25,0,0,0,0.0,11.223,0.244,12,12,85.63,27.76,0,0,0,0,0,0,0,-19.21,0.8,1.817,0,-2.387,0,0,19.0
17201,0,0,0,4,65,22,0,0,0,1.0,1.437,0.362,12,11,82.12,16.56,0,0,0,0,0,0,0,11.59,2.6,2.928,0,-7.113,0,0,-0.56
17203,0,0,0,6,44,14,0,0,0,0.0,12.434,0.694,13,10,83.92,20.09,0,0,0,0,0,0,0,-2.73,-1.2,2.633,0,-5.787,0,0,-4.21
18001,0,0,0,1,17,3,0,0,0,3.0,0.017,0.394,13,11,82.18,22.12,0,0,0,0,0,0,0,-10.83,-0.4,2.078,0,-3.94,0,0,10.44
18003,0,0,0,4,61,10,0,0,0,2.0,0.903,0.407,14,11,82.16,21.45,2,2,0,0,0,0,0,-7.86,-0.8,2.103,0,-4.567,0,0,11.32
18005,0,0,0,0,25,8,0,0,0,1.0,1.092,0.648,17,10,84.05,25.4,0,0,0,0,0,0,0,-20.91,-1.0,2.15,0,-2.26,0,0,31.12
18007,0,0,0,3,12,4,0,0,0,0.0,0.0,0.202,11,12,82.65,20.25,2,1,1,0,0,0,0,8.75,1.0,2.443,0,-4.56,0,0,-6.11
18009,0,0,0,1,6,1,0,0,0,0.0,0.0,0.529,15,12,82.73,22.55,1,1,0,0,0,0,0,-8.8,0,1.992,0,-3.18,0,0,9.9
18011,0,0,0,4,41,10,0,0,0,1.0,0.92,0.46,17,11,82.06,21.82,1,1,0,0,0,0,0,-9.13,-0.6,1.817,0,-3.747,0,0,16.14
18013,0,0,0,2,29,5,0,0,0,0.0,0.464,0.51,17,10,83.58,24.42,1,1,0,0,0,0,0,-16.7,-0.4,2.08,0,-2.42,0,0,29.68
18015,0,0,0,4,19,5,0,0,0,0.0,0.339,0.326,13,12,82.82,21.69,1,0,1,0,0,0,0,6.4,-0.4,2.142,0,-4.3,0,0,9.58
18017,0,0,0,4,29,1,0,0,0,1.0,1.071,0.348,14,12,82.81,21.56,0,0,0,0,0,0,0,10.64,0,1.938,0,-4.447,0,0,1.7
18019,0,0,0,1,53,23,0,0,0,1.0,0.818,0.712,19,9,86.04,26.83,1,0,1,0,0,0,0,-19.67,-1.8,1.302,0,-0.687,0,0,7.8
18021,0,0,0,0,15,5,0,0,0,0.0,0.77,0.787,17,11,84.88,23.69,1,1,0,0,0,0,0,-17.14,0.6,2.328,0,-2.847,0,0,25.83
18023,0,0,0,2,28,6,0,0,0,0.0,1.362,0.408,15,12,82.3,21.62,2,2,0,0,0,0,0,-5.25,-1.0,1.852,0,-3.913,0,0,11.31
18025,0,0,0,1,47,14,0,0,0,0.0,4.791,0.245,15,15,85.29,25.96,1,0,1,0,0,0,0,-22.69,-0.8,1.43,0,-1.04,0,0,10.31
18027,0,0,0,3,21,9,0,0,0,0.0,1.154,0.64,16,12,85.49,25.17,0,0,0,0,0,0,0,-25.78,0.0,2.232,0,-1.807,0,0,25.14
18029,0,0,0,3,37,20,0,0,0,0.0,0.592,0.655,17,9,83.9,25.54,1,0,1,0,0,0,0,-19.32,-2.0,1.955,0,-1.907,0,0,14.81
18031,0,0,0,3,32,8,0,0,0,1.0,0.712,0.561,16,9,82.7,25.09,0,0,0,0,0,0,0,-15.62,-0.8,2.202,0,-2.233,0,0,26.34
18033,0,0,0,0,25,1,0,0,0,0.0,0.321,0.361,14,8,81.54,20.53,0,0,0,0,0,0,0,-9.2,0,1.855,0,-4.64,0,0,6.81
18035,0,0,0,2,35,15,0,0,0,0.0,0.901,0.959,18,9,83.0,23.68,0,0,0,0,0,0,0,-11.25,-1.6,1.75,0,-2.78,0,0,14.65
18037,0,0,0,4,44,28,0,0,0,0.0,0.773,0.4,17,13,85.5,25.73,0,0,0,0,0,0,0,-26.55,-1.6,1.763,0,-1.16,0,0,17.89
18039,0,0,0,1,61,5,0,0,0,0.0,1.437,0.489,12,9,81.82,20.5,1,0,1,0,0,0,0,9.65,-0.6,2.108,0,-4.527,0,0,-2.44
18041,0,0,0,1,25,10,0,0,0,0.0,0.314,0.51,14,9,82.7,23.51,0,0,0,0,0,0,0,-10.03,-1.8,1.982,0,-2.72,0,0,14.34
18043,0,0,0,1,26,13,0,0,0,0.0,0.117,0.813,20,9,86.06,27.21,1,0,1,0,0,0,0,-18.27,-0.8,1.4,0,-0.713,0,0,7.5
18045,0,0,0,1,31,4,0,0,0,1.0,1.68,0.203,12,12,83.22,21.44,0,0,0,0,0,0,0,-3.82,-0.4,2.06,0,-3.82,0,0,18.22
18047,0,0,0,1,26,23,0,0,0,9.0,1.972,0.543,16,9,83.28,24.19,0,0,0,0,0,0,0,-12.97,-2.6,2.057,0,-2.073,0,0,16.12
18049,0,0,0,1,22,3,0,0,0,1.0,0.31,0.444,14,13,82.58,20.85,2,1,1,0,0,0,0,11.39,0,1.953,0,-4.773,0,0,-6.33
18051,0,0,0,5,42,105,0,0,0,1.0,5.713,0.435,14,12,86.23,26.79,1,0,1,0,0,0,0,-21.42,-5.6,2.027,0,-1.813,0,0,21.7
18053,0,0,0,3,25,2,0,0,0,0.0,0.029,0.504,14,12,82.84,22.28,1,1,0,0,0,0,0,4.45,0,2.025,0,-3.967,0,0,9.04
18055,0,0,0,3,20,4,0,0,0,2.0,0.387,0.671,16,11,84.8,24.31,0,0,0,0,0,0,0,-22.44,0.6,2.202,0,-2.673,0,0,27.64
18057,0,0,0,2,53,15,0,0,0,3.0,1.657,0.411,15,11,82.48,22.71,1,1,0,0,0,0,0,-7.37,0.0,1.862,0,-3.507,0,0,19.43
18059,0,0,0,1,40,4,0,0,0,0.0,0.651,0.651,15,9,82.83,23.88,0,0,0,0,0,0,0,-11.6,-0.6,1.952,0,-3.127,0,0,19.83
18061,0,0,0,2,43,13,0,0,0,0.0,1.006,0.689,21,9,85.98,27.09,1,0,1,0,0,0,0,-18.82,-0.8,1.505,0,-0.807,0,0,7.39
18063,0,0,1,2,51,13,0,0,0,1.0,3.318,0.478,18,11,82.4,22.55,1,1,0,0,0,0,0,-9.62,-0.6,2.122,0,-3.507,-0.2,0,19.86
18065,0,0,0,1,22,2,0,0,0,0.0,0.226,0.67,17,10,82.35,23.31,0,0,0,0,0,0,0,-16.64,0,2.035,0,-3.14,0,0,14.65
18067,0,0,0,3,28,5,0,0,0,0.0,11.877,0.339,13,11,82.41,21.97,1,1,0,0,0,0,0,3.44,-0.4,2.063,0,-4.507,0,0,11.4
18069,0,0,0,1,52,5,0,0,0,0.0,0.034,0.19,12,13,82.02,21.48,1,1,0,0,0,0,0,2.15,0,2.023,0,-4.347,0,0,11.91
18071,0,0,0,3,28,10,0,0,1,0.0,0.626,0.626,17,10,84.56,25.65,0,0,0,0,0,0,0,-23.77,-1.0,2.043,0,-2.187,0,1.0,32.38
18073,0,0,0,3,26,4,0,0,0,0.0,0.358,0.241,12,12,82.71,20.47,2,1,1,0,0,0,0,16.01,0.6,2.19,0,-5.587,0,0,-6.16
18075,0,0,0,3,14,3,0,0,0,0.0,0.021,0.51,14,11,82.48,22.49,0,0,0,0,0,0,0,-13.08,0,1.91,0,-3.627,0,0,11.41
18077,0,0,0,2,33,13,0,0,0,1.0,0.796,0.744,15,9,84.37,26.64,1,0,1,0,0,0,0,-23.97,-0.4,1.922,0,-1.833,0,0,18.07
18079,0,0,0,1,19,6,0,0,0,0.0,0.313,0.606,16,10,83.92,25.93,0,0,0,0,0,0,0,-23.55,0.8,2.058,0,-1.993,0,0,33.58
18081,0,0,0,5,39,4,0,0,0,0.0,9.542,0.601,16,11,83.15,24.04,2,2,0,0,0,0,0,-6.61,-0.2,2.277,0,-2.84,0,0,26.65
18083,0,0,0,2,48,14,0,0,0,0.0,1.524,0.469,16,11,85.85,25.49,0,0,0,0,0,0,0,-20.3,0.0,2.195,0,-2.247,0,0,24.02
18085,0,0,0,4,53,5,0,0,0,1.0,0.464,0.433,13,15,82.11,20.53,2,1,1,0,0,0,0,8.37,0,1.775,0,-4.567,0,0,5.31
18087,0,0,0,1,23,1,0,0,0,1.0,0.083,0.464,14,8,81.42,20.53,1,1,0,0,0,0,0,2.36,0,2.032,0,-4.573,0,0,8.81
18089,0,0,0,7,51,26,0,0,0,0.0,10.912,0.3,10,14,82.22,20.46,3,2,1,0,0,0,0,14.97,0.0,2.412,0,-5.92,0,0,-4.61
18091,0,0,0,2,44,2,0,0,0,0.0,0.62,0.343,13,11,81.56,20.47,1,0,1,0,0,0,0,13.58,0,2.35,0,-5.287,0,0,-4.61
18093,0,0,0,2,23,6,0,0,0,0.0,0.63,0.476,16,10,84.22,24.84,0,0,0,0,0,0,0,-21.79,-1.0,1.792,0,-2.053,0,0,32.13
18095,0,0,0,3,48,6,0,0,0,0.0,1.194,0.76,18,10,82.9,23.59,1,1,0,0,0,0,0,-6.62,-0.6,1.593,0,-2.647,0,0,14.24
18097,0,0,0,4,75,29,0,0,0,1.0,6.854,0.445,15,10,82.9,23.3,1,1,0,0,0,0,0,-7.66,-1.0,2.088,0,-3.587,0,0,21.3
18099,0,0,0,2,41,4,0,0,0,1.0,1.363,0.491,13,13,82.25,20.49,1,0,1,0,0,0,0,9.38,0,2.14,0,-4.867,0,0,-8.51
18101,0,0,0,1,18,6,0,0,0,1.0,1.744,0.682,16,12,85.1,24.94,0,0,0,0,0,0,0,-27.25,-0.6,2.055,0,-1.54,0,0,31.64
18103,0,0,0,3,25,2,0,0,0,0.0,0.017,0.33,12,12,82.79,21.73,0,0,0,0,0,0,0,9.27,0,1.935,0,-4.48,0,0,8.23
18105,0,0,0,3,39,10,0,0,0,4.0,29.616,0.396,16,11,83.62,24.07,1,1,0,0,0,0,0,-16.4,-1.0,1.963,0,-2.62,0,0,27.56
18107,0,0,0,6,28,5,0,0,0,0.0,0.509,0.407,14,12,82.75,21.61,1,1,0,0,0,0,0,-6.97,-0.6,1.902,0,-3.74,0,0,18.89
18109,0,0,0,3,39,5,0,0,0,0.0,9.611,0.488,16,10,83.23,23.72,2,2,0,0,0,0,0,-8.47,0.6,2.338,0,-2.533,0,0,27.16
18111,0,0,0,5,25,6,0,0,0,0.0,0.092,0.231,11,14,82.95,20.21,2,1,1,0,0,0,0,18.46,-0.2,2.173,0,-5.567,0,0,-6.42
18113,0,0,0,1,37,1,0,0,0,0.0,0.015,0.369,14,10,81.45,20.43,1,1,0,0,0,0,0,-3.27,0,1.727,0,-4.46,0,0,9.17
18115,0,0,0,1,15,4,0,0,0,0.0,0.368,0.85,16,9,84.29,26.73,1,0,1,0,0,0,0,-20.87,-0.6,1.918,0,-1.98,0,0,4.44
18117,0,0,0,2,22,9,0,0,0,0.0,0.345,0.511,16,9,84.89,25.32,0,0,0,0,0,0,0,-25.41,-0.2,1.572,0,-1.3,0,0,28.0
18119,0,0,0,3,21,5,0,0,0,2.0,21.96,0.693,18,10,84.34,23.78,2,2,0,0,0,0,0,-16.33,-0.4,2.243,0,-2.7,0,0,24.28
18121,0,0,0,0,18,6,0,0,0,0.0,0.262,0.246,12,13,84.12,22.4,1,1,0,0,0,0,0,-14.31,0.8,1.92,0,-3.1,0,0,25.57
18123,0,0,0,4,25,16,0,0,0,0.0,0.145,-0.181,11,16,85.17,26.64,1,0,1,0,0,0,0,-20.59,-0.6,1.623,0,-0.98,0,0,6.3
18125,0,0,0,3,15,70,0,0,0,0.0,1.043,0.51,17,13,85.95,25.94,0,0,0,0,0,0,0,-23.73,-4.8,2.092,0,-1.587,0,0,20.94
18127,0,0,0,2,51,14,0,0,0,0.0,14.034,0.339,11,10,81.6,20.48,1,0,1,0,0,0,0,13.61,-1.2,2.408,0,-5.48,0,0,-5.17
18129,0,0,0,4,21,82,0,0,0,0.0,1.406,0.291,15,14,86.43,27.59,0,0,0,0,0,0,0,-22.74,-3.4,1.857,0,-2.22,0,0,17.69
18131,0,0,0,0,15,1,0,0,0,0.0,0.084,0.318,12,15,82.79,20.56,1,0,1,0,0,0,0,16.89,0,2.075,0,-5.093,0,0,-10.78
18133,0,0,0,2,35,6,0,0,0,0.0,0.783,0.596,18,11,83.17,22.51,1,1,0,0,0,0,0,-12.65,-0.2,2.037,0,-3.067,0,0,19.55
18135,0,0,0,1,27,5,0,0,0,0.0,0.227,0.779,17,9,82.12,22.82,0,0,0,0,0,0,0,-13.08,-0.6,1.815,0,-3.58,0,0,10.21
18137,0,0,0,5,52,40,0,0,0,0.0,1.109,0.623,14,9,82.86,25.32,0,0,0,0,0,0,0,-20.13,-0.2,2.043,0,-1.927,0,0,23.11
18139,0,0,0,4,47,5,0,0,0,0.0,2.145,0.614,14,9,82.71,24.1,0,0,0,0,0,0,0,-10.08,-0.4,2.158,0,-2.867,0,0,16.68
18141,0,0,0,5,58,9,0,0,0,1.0,6.438,0.426,13,9,81.75,20.49,1,0,1,0,0,0,0,7.34,-1.0,2.462,0,-5.027,0,0,-3.14
18143,0,0,0,2,18,5,0,0,0,0.0,0.835,0.681,18,10,85.24,26.25,0,0,0,0,0,0,0,-23.9,-0.2,1.788,0,-1.567,0,0,23.54
18145,0,0,0,2,41,5,0,0,0,0.0,0.911,0.711,16,9,83.39,24.85,0,0,0,0,0,0,0,-11.56,-0.8,2.253,0,-2.9,0,0,25.02
18147,0,0,0,9,34,20,0,0,0,0.0,1.229,0.026,13,14,85.91,27.14,1,0,1,0,0,0,0,-21.63,-2.2,1.752,0,-1.127,0,0,2.51
18149,0,0,0,2,26,1,0,0,0,1.0,1.359,0.418,13,12,82.4,20.53,1,0,1,0,0,0,0,13.48,0,2.232,0,-5.207,0,0,-11.05
18151,0,0,0,2,37,0,0,0,0,0.0,0.169,0.454,15,8,80.94,20.08,0,0,0,0,0,0,0,-8.18,0,2.108,0,-4.693,0,0,5.7
18153,0,0,0,2,18,5,0,0,0,3.0,18.394,0.7,16,10,85.43,24.59,2,2,0,0,0,0,0,-20.91,-0.8,2.542,0,-2.86,0,0,27.83
18155,0,0,0,0,31,18,0,0,0,2.0,18.257,0.94,16,9,84.35,27.12,1,0,1,0,0,0,0,-20.5,-1.2,1.958,0,-1.973,0,0,1.0
18157,0,0,0,6,52,7,0,0,0,0.0,1.869,0.226,11,12,82.72,21.49,0,0,0,0,0,0,0,-2.06,-0.2,2.325,0,-3.987,0,0,14.49
18159,0,0,0,0,18,1,0,0,0,0.0,0.123,0.435,12,12,82.57,22.16,1,1,0,0,0,0,0,-4.48,-0.2,2.082,0,-4.067,0,0,12.44
18161,0,0,0,1,17,9,0,0,0,0.0,0.222,0.438,15,9,82.77,23.4,0,0,0,0,0,0,0,-8.11,0.0,1.72,0,-2.607,0,0,5.4
18163,0,0,0,5,47,50,0,0,0,2.0,37.749,0.463,17,12,86.5,27.89,2,1,1,0,0,0,0,-18.59,-0.4,1.765,0,-1.753,0,0,8.4
18165,0,0,0,0,17,6,0,0,0,0.0,0.086,0.168,14,13,84.12,22.33,1,0,1,0,0,0,0,-10.07,-0.2,2.157,0,-3.54,0,0,23.08
18167,0,0,0,0,34,12,0,0,0,0.0,2.562,0.615,17,11,85.21,23.99,1,1,0,0,0,0,0,-17.71,-1.2,2.523,0,-3.06,0,0,27.99
18169,0,0,0,4,16,2,0,0,0,1.0,0.043,0.249,13,12,82.59,21.46,2,1,1,0,0,0,0,10.76,-0.2,1.928,0,-4.433,0,0,10.7
18171,0,0,0,1,19,1,0,0,0,0.0,0.211,0.185,10,13,82.99,20.73,1,0,1,0,0,0,0,3.61,0,2.337,0,-4.107,0,0,7.29
18173,0,0,0,3,25,48,0,0,0,0.0,27.67,0.422,17,11,86.42,27.13,1,0,1,0,0,0,0,-21.58,0.2,1.885,0,-1.253,0,0,3.11
18175,0,0,0,7,29,8,0,0,0,0.0,1.308,0.67,17,9,84.8,25.67,0,0,0,0,0,0,0,-20.97,-0.2,1.605,0,-1.407,0,0,24.2
18177,0,0,0,3,45,12,0,0,0,1.0,0.707,0.453,14,11,82.15,22.83,0,0,0,0,0,0,0,-7.4,3.0,1.645,0,-3.14,0,0,7.92
18179,0,0,0,2,25,4,0,0,0,0.0,0.233,0.304,13,11,81.96,21.99,0,0,0,0,0,0,0,-7.16,-0.2,2.11,0,-3.907,0,0,11.68
18181,0,0,0,5,20,2,0,0,0,0.0,0.28,0.225,11,13,82.8,20.94,3,2,1,0,0,0,0,9.88,0,2.325,0,-4.587,0,0,-2.87
18183,0,0,0,2,27,6,0,0,0,0.0,0.523,0.226,11,15,81.62,20.72,1,1,0,0,0,0,0,-3.19,-0.6,1.867,0,-4.38,0,0,12.25
19001,0,0,0,7,36,3,0,0,0,1.0,12.265,0.46,17,14,83.12,15.53,2,1,1,0,0,0,0,11.18,-0.4,3.468,0,-7.08,0,0,46.48
19003,0,0,0,4,19,7,0,0,0,0.0,1.735,0.448,15,14,83.55,16.27,2,1,1,0,0,0,0,2.16,-0.4,3.03,0,-7.0,0,0,47.66
19005,0,0,0,1,22,21,0,0,0,0.0,1.688,0.22,10,11,80.45,12.65,7,2,5,0,0,0,0,-5.57,2.8,3.473,0,-9.22,0,0,65.9
19007,0,0,0,3,21,8,0,0,0,0.0,3.517,0.256,17,16,84.22,16.96,3,2,1,0,0,0,0,-1.28,-0.6,3.482,0,-7.26,0,0,51.99
19009,0,0,0,1,20,2,0,0,0,0.0,0.464,0.528,14,13,82.59,14.64,3,2,1,0,0,0,0,12.87,-0.2,3.392,0,-6.867,0,0,46.69
19011,0,0,0,13,47,10,0,0,0,1.0,0.166,-0.058,14,15,82.16,13.32,2,1,1,0,0,0,0,4.79,-0.8,4.3,0,-8.147,0,0,58.45
19013,0,0,0,3,35,49,0,0,0,0.0,6.228,0.381,19,14,82.33,12.97,2,1,1,0,0,0,0,4.84,2.0,4.398,0,-8.733,0,0,59.56
19015,0,0,0,9,35,11,0,0,0,0.0,0.704,0.596,17,13,83.11,14.6,2,1,1,0,0,0,0,3.88,-0.4,3.91,0,-7.913,0,0,43.23
19017,0,0,0,4,24,9,0,0,0,0.0,3.246,0.496,18,13,81.76,12.42,3,1,2,0,0,0,0,3.15,0.4,4.035,0,-9.247,0,0,66.16
19019,0,0,0,8,43,15,0,0,0,0.0,4.205,-0.04,10,15,81.41,12.36,5,2,3,0,0,0,0,1.93,-1.4,4.133,0,-8.953,0,0,61.94
19021,0,0,0,4,24,22,0,0,0,0.0,5.018,0.552,11,8,81.97,12.69,4,2,2,0,0,0,0,28.54,1.0,3.903,0,-8.4,0,0,-25.29
19023,0,0,0,6,28,15,0,0,0,1.0,7.454,0.358,14,13,81.84,12.7,5,2,3,0,0,0,0,12.06,1.8,4.285,0,-9.153,0,0,56.82
19025,0,0,0,5,36,4,0,0,0,0.0,5.343,0.597,12,11,82.33,13.08,2,1,1,0,0,0,0,8.35,-0.2,3.715,0,-9.033,0,0,27.32
19027,0,0,0,7,28,5,0,0,0,0.0,0.672,0.734,16,12,82.88,14.13,1,0,1,0,0,0,0,12.85,-0.4,3.585,0,-7.393,0,0,35.82
19029,0,0,0,4,30,8,0,0,0,0.0,1.909,0.521,14,13,83.42,15.87,2,1,1,0,0,0,0,10.97,-0.8,3.18,0,-6.507,0,0,39.09
19031,0,0,0,6,43,8,0,0,0,0.0,0.374,0.041,15,13,82.57,15.5,2,2,0,0,0,0,0,8.32,-0.4,3.24,0,-7.213,0,0,52.33
19033,0,0,0,6,41,17,0,0,0,0.0,3.523,0.417,15,11,81.16,11.52,2,1,1,0,0,0,0,11.9,-0.2,4.377,0,-9.253,0,0,53.93
19035,0,0,0,3,28,17,0,0,0,0.0,6.586,0.424,11,10,82.51,12.45,4,2,2,0,0,0,0,51.57,4.0,3.473,0,-8.047,0,0,-26.61
19037,0,0,0,3,29,15,0,0,0,1.0,14.771,0.447,16,11,80.59,11.6,5,2,3,0,0,0,0,-1.68,-0.2,3.987,0,-9.667,0,0,69.98
19039,0,0,0,2,36,8,0,0,0,0.0,2.545,0.738,19,11,84.4,16.95,1,1,0,0,0,0,0,-0.54,-0.2,3.337,0,-7.467,0,0,61.48
19041,0,0,0,2,41,55,0,0,0,0.0,4.625,0.636,12,9,82.29,11.3,3,1,2,0,0,0,0,49.82,5.2,4.198,0,-9.233,0,0,-19.8
19043,0,0,0,3,35,75,0,0,0,1.0,18.299,0.294,11,15,80.78,13.2,6,2,4,0,0,0,0,-5.62,-3.4,3.655,0,-9.2,0,0,69.36
19045,0,0,0,12,41,27,0,0,0,0.0,0.277,0.623,18,11,82.83,16.86,2,1,1,0,0,0,0,1.73,-2.0,3.188,0,-7.593,0,0,8.06
19047,0,0,0,3,33,4,0,0,0,0.0,1.151,0.877,18,11,83.15,14.62,2,1,1,0,0,0,0,17.72,-0.2,3.675,0,-6.327,0,0,37.69
19049,0,0,0,8,57,30,0,0,0,0.0,6.25,0.574,16,12,83.78,15.68,4,3,1,0,0,0,0,12.12,-2.2,3.873,0,-7.427,0,0,49.93
19051,0,0,0,1,15,5,0,0,0,0.0,1.023,0.227,11,14,83.93,17.99,3,2,1,0,0,0,0,2.88,-0.4,3.443,0,-6.773,0,0,45.55
19053,0,0,0,2,27,5,0,0,0,0.0,2.642,0.758,18,11,84.52,17.8,2,1,1,0,0,0,0,-5.17,-0.6,3.158,0,-6.76,0,0,57.75
19055,0,0,0,7,39,7,0,0,0,0.0,0.321,0.239,10,14,80.94,13.59,2,1,1,0,0,0,0,-2.23,-0.4,3.63,0,-8.56,0,0,66.26
19057,0,0,0,4,49,30,0,0,0,0.0,0.409,0.101,10,12,83.44,18.65,5,2,3,0,0,0,0,12.91,-3.2,2.922,0,-6.373,0,0,28.52
19059,0,0,0,5,38,42,0,0,0,0.0,3.995,0.422,10,9,81.48,10.27,3,1,2,0,0,0,0,46.18,3.4,4.33,0,-9.647,0,0,-17.92
19061,0,0,0,8,47,17,0,0,0,0.0,1.1,0.213,10,13,80.92,14.77,2,1,1,0,0,0,0,5.24,2.2,3.27,0,-8.327,0,0,39.24
19063,0,0,0,3,26,24,0,0,0,0.0,2.62,0.237,11,10,81.36,10.39,4,2,2,0,0,0,0,39.32,2.2,4.978,0,-9.733,0,0,-17.98
19065,0,0,0,3,35,22,0,0,0,0.0,25.868,0.247,10,11,80.67,11.86,5,1,4,0,0,0,0,1.48,-0.4,3.923,0,-9.673,0,0,69.34
19067,0,0,0,6,36,21,0,0,0,0.0,12.22,0.363,15,12,80.99,11.77,5,2,3,0,0,0,0,0.94,-0.2,4.352,0,-9.347,0,0,61.78
19069,0,0,0,4,31,7,0,0,0,0.0,28.024,0.459,15,13,81.61,12.28,4,1,3,0,0,0,0,14.22,0.4,4.16,0,-9.233,0,0,58.47
19071,0,0,0,4,38,20,0,0,0,1.0,143.234,0.273,11,14,84.94,17.81,1,0,1,0,0,0,0,-14.54,1.0,3.09,0,-5.627,0,0,40.18
19073,0,0,0,4,22,5,0,0,0,0.0,4.112,0.577,12,12,82.9,14.44,3,2,1,0,0,0,0,3.42,-0.6,3.625,0,-7.567,0,0,33.81
19075,0,0,0,5,25,8,0,0,0,0.0,1.894,0.504,14,13,82.08,13.47,2,2,0,0,0,0,0,5.59,0.4,4.222,0,-8.82,0,0,54.36
19077,0,0,0,9,36,5,0,0,0,0.0,4.891,0.584,13,12,83.19,14.97,4,3,1,0,0,0,0,10.2,0.6,3.397,0,-7.1,0,0,47.23
19079,0,0,0,6,24,5,0,0,0,0.0,1.807,0.225,11,13,81.83,13.0,4,3,1,0,0,0,0,10.73,-0.4,4.048,0,-8.727,0,0,45.1
19081,0,0,0,2,33,5,0,0,0,0.0,1.063,0.295,13,10,81.21,11.08,4,2,2,0,0,0,0,24.25,0.4,4.37,0,-9.573,0,0,46.94
19083,0,0,0,10,38,4,0,0,0,0.0,1.11,0.473,15,13,82.18,13.19,3,2,1,0,0,0,0,10.55,0.6,4.073,0,-8.913,0,0,54.04
19085,0,0,0,4,45,6,0,0,0,0.0,2.715,0.612,14,12,84.27,15.55,1,0,1,0,0,0,0,15.45,2.2,3.118,0,-6.347,0,0,41.49
19087,0,0,0,4,33,3,0,0,0,0.0,0.114,-0.357,9,14,83.15,17.26,1,0,1,0,0,0,0,4.32,-0.2,3.187,0,-6.567,0,0,46.77
19089,0,0,0,7,20,9,0,0,0,0.0,3.942,0.405,14,13,79.97,10.51,6,3,3,0,0,0,0,-3.55,0.2,4.243,0,-9.913,0,0,72.64
19091,0,0,0,6,21,18,0,0,0,0.0,3.116,0.382,11,12,81.8,11.98,4,2,2,0,0,0,0,34.58,-0.2,4.207,0,-9.547,0,0,29.38
19093,0,0,0,2,26,7,0,0,0,0.0,2.075,0.564,15,9,82.5,13.87,3,1,2,0,0,0,0,25.44,0.4,3.643,0,-6.76,0,0,-3.38
19095,0,0,0,6,28,12,0,0,0,0.0,0.011,0.453,16,13,83.51,15.41,3,2,1,0,0,0,0,4.44,-1.4,3.842,0,-7.62,0,0,61.63
19097,0,0,0,7,34,13,0,0,0,0.0,10.268,0.456,16,13,82.18,15.98,4,2,2,0,0,0,0,4.57,-0.2,3.138,0,-7.967,0,0,13.89
19099,0,0,0,7,34,6,0,0,0,0.0,51.541,0.446,15,14,83.3,15.88,3,2,1,0,0,0,0,14.8,0.4,3.927,0,-8.087,0,0,53.15
19101,0,0,0,1,21,4,0,0,0,0.0,0.0,-0.31,8,15,83.02,16.85,1,1,0,0,0,0,0,17.61,-0.8,3.267,0,-6.427,0,0,54.5
19103,0,0,0,7,41,16,0,0,0,0.0,1.55,0.079,12,14,83.09,15.5,2,2,0,0,0,0,0,1.73,0.2,3.438,0,-7.347,0,0,64.57
19105,0,0,0,11,46,6,0,0,0,0.0,2.146,0.526,18,13,82.08,15.74,3,2,1,0,0,0,0,5.03,-0.4,3.165,0,-7.413,0,0,61.06
19107,0,0,0,4,31,8,0,0,0,2.0,0.004,0.316,12,15,83.73,16.23,2,1,1,0,0,0,0,12.54,0.2,3.455,0,-7.347,0,0,57.1
19109,0,0,0,4,44,12,0,0,0,0.0,2.688,0.39,14,9,81.8,11.1,3,1,2,0,0,0,0,41.92,3.8,4.827,0,-9.987,0,0,15.99
19111,0,0,0,6,49,14,0,0,0,0.0,0.121,-0.141,9,12,83.5,19.27,5,3,2,0,0,0,0,4.27,-0.4,2.92,0,-6.013,0,0,21.54
19113,0,0,0,13,58,18,0,0,0,4.0,2.708,0.207,16,14,82.48,14.37,3,2,1,0,0,0,0,5.55,0.0,3.843,0,-7.953,0,0,65.49
19115,0,0,0,2,23,19,0,0,0,0.0,4.71,0.125,13,13,83.71,17.51,1,0,1,0,0,0,0,1.62,-1.2,3.305,0,-7.207,0,0,48.74
19117,0,0,0,2,23,7,0,0,0,1.0,3.418,0.391,15,13,83.97,16.81,2,1,1,0,0,0,0,-5.18,-0.6,3.37,0,-7.88,0,0,64.14
19119,0,0,0,4,34,35,0,0,0,0.0,9.925,0.422,11,8,82.4,11.23,3,1,2,0,0,0,0,49.09,-2.0,3.638,0,-8.407,0,0,15.71
19121,0,0,0,7,29,7,0,0,0,6.0,77.436,0.594,20,12,84.02,16.07,1,0,1,0,0,0,0,17.07,-0.4,4.098,0,-7.513,0,0,61.14
19123,0,0,0,3,23,21,0,0,0,0.0,3.725,0.482,17,13,83.85,16.63,2,1,1,0,0,0,0,4.95,-0.8,3.6,0,-8.36,0,0,58.98
19125,0,0,0,10,46,11,0,0,0,0.0,124.57,0.139,13,15,83.77,16.41,2,2,0,0,0,0,0,2.43,1.4,3.898,0,-8.873,0,0,65.36
19127,0,0,0,5,42,8,0,0,0,0.0,203.994,0.526,16,14,82.73,14.64,3,2,1,0,0,0,0,12.28,1.0,4.02,0,-8.367,0,0,47.79
19129,0,0,0,3,29,6,0,0,0,0.0,0.001,0.396,15,15,84.76,17.16,3,2,1,0,0,0,0,-7.51,1.0,3.08,0,-5.58,0,0,47.0
19131,0,0,0,2,25,12,0,0,0,0.0,5.386,0.477,16,13,80.39,10.97,6,3,3,0,0,0,0,1.96,1.4,4.555,0,-9.68,0,0,70.05
19133,0,0,0,0,27,4,0,0,0,0.0,4.25,0.484,12,11,83.94,14.85,1,0,1,0,0,0,0,23.32,1.6,3.477,0,-5.313,0,0,25.76
19135,0,0,0,4,21,5,0,0,0,0.0,2.626,0.336,16,15,83.81,17.12,2,1,1,0,0,0,0,-4.46,1.8,3.638,0,-7.893,0,0,61.08
19137,0,0,0,3,31,9,0,0,0,0.0,0.322,0.468,13,14,83.99,16.89,2,1,1,0,0,0,0,-5.85,-0.4,3.115,0,-5.647,0,0,43.77
19139,0,0,0,3,37,22,0,0,0,1.0,0.257,-0.211,14,14,83.18,16.01,3,2,1,0,0,0,0,3.51,-2.0,3.172,0,-6.96,0,0,44.11
19141,0,0,0,3,36,25,0,0,0,0.0,3.681,0.615,14,9,82.25,11.21,2,1,1,0,0,0,0,55.04,3.8,3.825,0,-8.687,0,0,-22.89
19143,0,0,0,3,28,3,0,0,0,0.0,7.893,0.446,13,9,81.69,10.45,3,1,2,0,0,0,0,48.9,1.6,3.997,0,-9.04,0,0,-16.85
19145,0,0,0,3,32,7,0,0,0,0.0,0.061,0.568,13,13,84.41,17.9,1,0,1,0,0,0,0,-8.16,0,2.903,0,-5.22,0,0,40.83
19147,0,0,0,2,28,15,0,0,0,0.0,2.179,0.565,13,11,82.32,11.4,4,2,2,0,0,0,0,40.32,1.6,4.59,0,-9.6,0,0,-10.41
19149,0,0,0,3,42,47,0,0,0,0.0,11.329,0.533,11,9,83.44,12.98,2,0,2,0,0,0,0,51.14,-1.8,3.09,0,-7.567,0,0,-29.1
19151,0,0,0,8,27,2,0,0,0,0.0,0.71,0.371,10,9,82.02,11.91,4,2,2,0,0,0,0,24.05,-0.2,4.278,0,-9.547,0,0,-9.26
19153,0,0,0,6,69,42,0,0,0,2.0,91.898,0.422,12,13,83.6,16.19,3,2,1,0,0,0,0,12.17,-0.8,4.04,0,-7.653,0,0,53.73
19155,0,0,0,8,40,11,0,0,0,0.0,6.415,0.553,14,12,84.35,16.28,2,1,1,0,0,0,0,7.22,1.6,3.035,0,-5.98,0,0,47.21
19157,0,0,0,6,23,4,0,0,0,2.0,1.253,0.582,21,13,83.0,15.4,2,2,0,0,0,0,0,6.59,0.2,3.835,0,-7.893,0,0,56.83
19159,0,0,0,3,19,7,0,0,0,1.0,1.257,0.716,18,13,83.94,17.51,2,1,1,0,0,0,0,-5.02,-0.2,3.268,0,-6.86,0,0,47.78
19161,0,0,0,6,25,5,0,0,0,0.0,0.723,0.748,17,9,82.42,13.59,3,1,2,0,0,0,0,14.11,-0.6,3.652,0,-8.067,0,0,11.72
19163,0,0,0,12,65,25,0,0,0,0.0,2.49,0.519,14,11,83.1,17.72,3,1,2,0,0,0,0,1.28,-1.4,3.212,0,-7.187,0,0,9.71
19165,0,0,0,3,41,1,0,0,0,0.0,1.25,0.681,13,12,83.23,15.04,2,1,1,0,0,0,0,13.4,0,3.345,0,-6.687,0,0,44.41
19167,0,0,0,6,48,42,0,0,0,0.0,11.429,0.471,9,8,82.85,11.78,3,1,2,0,0,0,0,53.83,0.2,3.438,0,-8.133,0,0,-22.66
19169,0,0,0,7,55,22,0,0,0,0.0,5.55,0.545,14,13,82.94,14.62,2,2,0,0,0,0,0,12.59,-1.2,4.142,0,-8.227,0,0,35.13
19171,0,0,0,6,27,13,0,0,0,0.0,1.881,0.409,15,14,82.36,14.1,3,2,1,0,0,0,0,4.43,-1.2,4.145,0,-8.26,0,0,60.19
19173,0,0,0,4,32,5,0,0,0,0.0,0.962,0.619,12,12,83.79,17.55,1,1,0,0,0,0,0,-3.72,-0.2,2.95,0,-6.14,0,0,39.71
19175,0,0,0,4,33,5,0,0,0,0.0,1.099,0.598,17,14,83.51,16.23,1,0,1,0,0,0,0,0.59,-0.4,3.462,0,-7.627,0,0,56.54
19177,0,0,0,4,39,6,0,0,0,0.0,0.005,-0.336,7,14,83.13,17.95,2,2,0,0,0,0,0,8.16,-1.2,3.39,0,-6.5,0,0,45.91
19179,0,0,0,4,40,24,0,0,0,0.0,4.839,0.342,11,14,83.78,17.62,1,0,1,0,0,0,0,4.77,-2.2,3.363,0,-6.84,0,0,56.32
19181,0,0,0,7,49,18,0,0,0,0.0,29.721,0.435,17,14,84.39,16.48,2,2,0,0,0,0,0,8.61,-1.2,3.735,0,-7.847,0,0,65.48
19183,0,0,0,3,43,11,0,0,0,0.0,0.134,0.082,13,14,83.43,16.45,2,2,0,0,0,0,0,5.0,-1.0,3.367,0,-7.2,0,0,53.11
19185,0,0,0,3,21,9,0,0,0,0.0,3.04,0.34,14,15,83.96,16.99,3,2,1,0,0,0,0,-5.84,-0.4,3.397,0,-7.313,0,0,50.65
19187,0,0,0,8,40,26,0,0,0,0.0,5.344,0.359,10,13,81.76,12.98,3,2,1,0,0,0,0,13.68,1.2,3.932,0,-8.98,0,0,32.77
19189,0,0,0,4,20,1,0,0,0,0.0,0.529,0.188,14,12,80.3,10.46,3,1,2,0,0,0,0,28.89,0,4.525,0,-10.14,0,0,38.1
19191,0,0,0,4,26,22,0,0,0,0.0,8.427,0.478,14,10,80.46,11.53,7,3,4,0,0,0,0,0.3,-1.0,4.063,0,-9.9,0,0,70.43
19193,0,0,0,2,50,25,0,0,0,0.0,11.28,0.529,12,11,83.62,14.17,3,1,2,0,0,0,0,34.19,1.6,3.312,0,-6.047,0,0,-8.61
19195,0,0,0,2,18,3,0,0,0,0.0,0.546,0.309,16,12,80.38,10.58,2,1,1,0,0,0,0,14.9,0.8,4.48,0,-9.787,0,0,55.81
19197,0,0,0,6,24,5,0,0,0,0.0,2.464,0.219,9,14,81.36,11.84,6,3,3,0,0,0,0,15.27,0.2,4.055,0,-9.18,0,0,48.46
20001,0,0,0,0,41,24,0,0,0,0.0,2.08,0.502,17,11,87.79,25.25,3,3,0,0,0,0,0,-10.43,-1.4,2.775,0,-3.08,0,0,39.16
20003,0,0,0,0,43,16,0,0,0,0.0,0.0,0.46,13,11,87.34,24.56,3,3,0,0,0,0,0,-8.86,-0.2,2.772,0,-3.747,0,0,31.19
20005,0,0,0,1,25,10,0,0,0,0.0,0.4,0.488,16,14,86.58,21.05,2,2,0,0,0,0,0,-10.84,-1.2,3.29,0,-4.547,0,0,38.12
20007,0,0,0,5,57,5,0,0,0,0.0,0.1,0.372,16,14,91.3,23.31,4,3,0,0,1,0,0,3.5,-0.8,2.832,0,-4.84,0,0,-6.89
20009,0,0,0,8,84,22,0,0,0,0.0,1.311,0.114,12,16,89.69,21.02,7,5,0,0,0,2,0,-21.6,-1.4,2.918,0,-4.06,0,0,41.48
20011,0,0,0,1,38,10,0,0,0,0.0,1.465,0.338,15,12,87.71,25.96,1,1,0,0,0,0,0,-1.73,0.8,2.933,0,-3.0,0,0,16.7
20013,0,0,0,4,30,7,0,0,0,0.0,0.0,0.539,14,13,86.11,19.67,3,3,0,0,0,0,0,-10.79,-0.6,3.292,0,-4.86,0,0,32.95
20015,0,0,0,8,95,31,0,0,0,2.0,41.809,0.675,20,10,89.32,23.87,3,3,0,0,0,0,0,-17.62,-3.8,3.24,0,-4.327,0,0,19.4
20017,0,0,0,3,33,7,0,0,0,0.0,0.103,0.408,15,14,88.48,22.48,2,2,0,0,0,0,0,-8.64,0.6,2.835,0,-4.313,0,0,25.72
20019,0,0,0,4,30,8,0,0,0,0.0,0.036,0.271,14,13,89.15,25.43,3,3,0,0,0,0,0,-8.59,0.2,3.812,0,-3.387,0,0,43.51
20021,0,0,0,4,67,25,0,0,0,0.0,11.94,0.388,16,13,89.01,27.47,4,3,0,0,0,1,0,-6.89,0.2,2.87,0,-2.64,0,0,-20.13
20023,0,0,0,7,89,11,0,0,0,0.0,0.89,0.341,13,11,88.94,18.02,3,2,0,0,0,1,0,-2.57,-0.2,2.568,0,-3.927,0,0,-30.46
20025,0,0,0,2,46,2,0,0,0,0.0,0.015,0.521,15,12,91.69,22.26,5,2,0,0,1,2,0,3.38,1.0,2.352,0,-4.293,0,0,-6.6
20027,0,0,0,6,41,6,0,0,0,0.0,0.0,0.797,17,8,89.11,21.23,4,4,0,0,0,0,0,-11.5,-1.0,2.828,0,-3.993,0,0,57.87
20029,0,0,0,4,67,4,0,0,0,0.0,0.0,0.828,18,10,89.08,20.85,3,3,0,0,0,0,0,-8.72,-0.6,3.233,0,-4.273,0,0,54.18
20031,0,0,0,1,56,7,0,0,0,0.0,0.001,0.937,19,12,88.48,24.33,3,3,0,0,0,0,0,-8.79,-1.2,3.888,0,-4.347,0,0,22.86
20033,0,0,0,4,36,5,0,0,0,0.0,0.085,0.594,18,14,91.39,22.65,6,2,0,0,2,2,0,5.34,0.6,1.59,0,-3.62,0,0,-7.93
20035,0,0,0,6,72,14,0,0,0,0.0,0.408,0.407,20,14,89.22,25.01,5,5,0,0,0,0,0,-11.23,-1.2,3.347,0,-3.993,0,0,13.52
20037,0,0,0,2,56,25,0,0,0,0.0,2.258,0.371,16,12,88.39,26.49,3,2,0,0,0,1,0,-1.83,-3.2,2.987,0,-2.967,0,0,-10.29
20039,0,0,0,5,53,7,0,0,0,0.0,0.17,0.436,16,13,89.32,17.51,1,0,0,0,0,1,0,11.78,-0.8,2.533,0,-4.067,0,0,10.49
20041,0,0,0,4,66,9,0,0,0,0.0,0.0,0.817,17,9,89.93,22.28,2,2,0,0,0,0,0,-5.27,1.0,2.563,0,-3.34,0,0,67.97
20043,0,0,0,1,22,8,0,0,0,0.0,0.2,0.421,16,17,86.12,20.64,5,5,0,0,0,0,0,-6.5,-0.8,3.568,0,-5.353,0,0,27.78
20045,0,0,0,3,65,15,0,0,0,0.0,0.55,0.685,15,12,87.52,23.34,2,2,0,0,0,0,0,-11.52,-1.0,3.108,0,-3.78,0,0,10.32
20047,0,0,1,7,37,2,0,0,0,0.0,0.1,0.448,14,16,90.2,21.35,6,4,0,0,0,2,0,8.09,0,2.343,0,-4.34,1.0,0,30.33
20049,0,0,0,1,19,6,0,0,0,0.0,0.071,0.381,16,11,88.36,24.8,3,3,0,0,0,0,0,-7.27,2.2,3.598,0,-4.12,0,0,40.37
20051,0,0,0,4,88,23,0,0,0,0.0,0.1,0.285,13,13,90.67,19.67,3,2,0,0,0,1,0,-15.03,-1.0,2.702,0,-4.367,0,0,30.15
20053,0,0,0,2,58,12,0,0,0,0.0,0.099,0.882,22,8,90.91,22.01,5,3,0,0,1,1,0,-21.47,-0.6,3.185,0,-4.007,0,0,40.15
20055,0,0,0,7,94,7,0,0,0,0.0,0.0,0.526,14,9,91.33,19.13,2,1,0,0,0,1,0,17.19,0.6,2.145,0,-4.333,0,0,-29.2
20057,0,0,0,12,99,6,0,0,0,0.0,1.181,0.625,16,10,90.78,20.97,6,3,0,0,1,2,0,9.51,3.2,2.463,0,-4.5,0,0,12.69
20059,0,0,0,1,50,10,0,0,0,0.0,3.205,0.656,12,11,87.39,24.34,3,3,0,0,0,0,0,-4.28,-0.2,2.795,0,-3.513,0,0,18.69
20061,0,0,0,4,56,5,0,0,0,0.0,0.0,0.879,14,7,88.42,22.19,3,3,0,0,0,0,0,1.82,0.6,2.805,0,-3.42,0,0,66.24
20063,0,0,0,6,83,12,0,0,0,0.0,0.779,0.397,14,10,90.52,18.71,2,1,0,0,0,1,0,-6.38,-0.6,2.262,0,-4.193,0,0,-17.29
20065,0,0,0,4,72,12,0,0,0,0.0,1.07,0.246,15,14,90.23,18.91,4,2,0,0,0,2,0,-7.79,-0.6,2.632,0,-4.2,0,0,34.21
20067,0,0,0,4,56,8,0,0,0,0.0,0.0,0.296,12,14,91.32,19.74,2,1,0,0,0,1,0,-13.27,-0.8,2.373,0,-4.227,0,0,-34.62
20069,0,0,0,12,72,3,0,0,0,0.0,1.313,0.536,15,12,91.07,20.16,4,3,0,0,0,1,0,19.1,1.0,2.417,0,-4.687,0,0,-17.95
20071,0,0,0,8,54,7,0,0,0,0.0,0.757,0.03,13,14,89.19,17.83,3,2,0,0,0,1,0,-11.3,-0.6,2.305,0,-3.547,0,0,-41.45
20073,0,0,0,6,50,17,0,0,0,0.0,17.931,0.635,15,11,88.47,24.1,5,5,0,0,0,0,0,-21.52,-0.4,3.432,0,-4.38,0,0,16.23
20075,0,0,0,6,67,3,0,0,0,0.0,0.0,0.168,16,21,91.04,18.65,2,1,0,0,0,1,0,-12.34,-0.2,2.467,0,-3.693,0,0,-40.8
20077,0,0,0,3,39,10,0,0,0,0.0,0.039,0.172,15,12,91.16,24.65,2,2,0,0,0,0,0,-5.97,-1.0,3.235,0,-4.287,0,0,-6.0
20079,0,0,0,3,50,15,0,0,0,0.0,0.365,0.681,21,11,90.55,23.17,5,4,0,0,1,0,0,-18.58,-1.6,2.273,0,-4.027,0,0,56.95
20081,0,0,0,3,42,3,0,0,0,0.0,3.41,0.463,11,11,91.14,19.9,3,2,0,0,0,1,0,3.45,0.6,2.277,0,-4.453,0,0,-25.71
20083,0,0,0,6,62,4,0,0,0,0.0,3.225,0.633,14,12,91.27,20.61,5,3,0,0,0,2,0,7.4,-0.2,2.588,0,-4.333,0,0,29.61
20085,0,0,0,4,48,6,0,0,0,0.0,0.0,0.641,13,10,87.14,20.41,1,1,0,0,0,0,0,-6.19,-0.6,3.002,0,-3.687,0,0,55.48
20087,0,0,0,2,53,13,0,0,0,0.0,0.0,0.669,13,12,87.11,22.08,3,3,0,0,0,0,0,-13.91,-1.6,3.148,0,-3.82,0,0,37.87
20089,0,0,0,1,63,2,0,0,0,0.0,41.958,0.77,17,9,88.24,19.36,3,2,0,0,0,1,0,-6.09,-0.2,2.755,0,-4.107,0,0,47.22
20091,0,0,0,5,88,17,0,0,0,0.0,0.65,0.546,15,12,86.71,23.39,2,2,0,0,0,0,0,-1.09,0.2,3.22,0,-4.187,0,0,7.46
20093,0,0,0,4,60,4,0,0,0,0.0,0.0,0.348,14,14,91.21,19.27,3,2,0,0,0,1,0,-11.74,-0.6,2.31,0,-3.767,0,0,-37.75
20095,0,0,0,3,44,10,0,0,0,0.0,0.321,0.128,13,13,90.35,23.35,4,4,0,0,0,0,0,-15.95,-0.2,3.023,0,-4.373,0,0,6.3
20097,0,0,0,2,41,2,0,0,0,0.0,0.12,0.576,19,14,90.3,21.95,3,1,0,0,0,2,0,11.3,0.8,1.977,0,-4.167,0,0,19.31
20099,0,0,0,5,45,19,0,0,0,0.0,0.224,0.282,16,12,88.78,26.81,0,0,0,0,0,0,0,-15.56,-1.0,3.037,0,-2.693,0,0,-2.24
20101,0,0,0,6,38,2,0,0,0,0.0,0.0,0.577,17,11,91.11,18.96,3,1,0,0,0,2,0,14.72,0,2.225,0,-4.307,0,0,-14.7
20103,0,0,0,1,57,23,0,0,0,0.0,27.015,0.622,15,12,87.09,22.76,2,2,0,0,0,0,0,-9.81,-2.2,3.058,0,-3.847,0,0,11.37
20105,0,0,0,3,62,9,0,0,0,0.0,0.741,0.737,22,10,90.73,20.75,3,2,0,0,1,0,0,-22.61,-0.8,3.55,0,-4.387,0,0,55.15
20107,0,0,0,1,35,3,0,0,0,0.0,0.03,0.395,13,13,87.28,25.12,2,2,0,0,0,0,0,-11.81,-0.2,2.715,0,-3.26,0,0,22.88
20109,0,0,0,7,108,19,0,0,0,0.0,1.067,0.492,14,12,90.21,18.5,2,1,0,0,0,1,0,-12.01,-1.4,2.29,0,-3.9,0,0,-41.61
20111,0,0,0,4,68,15,0,0,0,2.0,0.0,0.74,16,11,88.24,23.04,3,3,0,0,0,0,0,-5.48,0.2,3.288,0,-4.527,0,0,14.91
20113,0,0,0,2,72,21,0,0,0,0.0,2.096,0.651,18,11,90.63,22.69,3,2,0,0,1,0,0,-19.84,0.4,2.443,0,-3.84,0,0,56.2
20115,0,0,0,1,49,15,0,0,0,0.0,0.441,0.653,21,11,89.45,22.82,2,2,0,0,0,0,0,-10.39,2.2,2.29,0,-4.007,0,0,52.33
20117,0,0,0,6,56,14,0,0,0,0.0,0.0,0.382,13,12,87.27,18.69,5,5,0,0,0,0,0,-1.17,-0.8,1.802,0,-4.46,0,0,26.72
20119,0,0,0,4,50,5,0,0,0,0.0,1.75,0.381,15,14,91.36,21.51,5,3,0,0,0,2,0,1.5,-0.4,2.638,0,-4.873,0,0,-18.59
20121,0,0,0,3,32,9,0,0,0,2.0,0.052,0.515,12,12,86.73,24.24,2,2,0,0,0,0,0,-2.79,-1.2,3.105,0,-3.847,0,0,18.75
20123,0,0,0,5,58,3,0,0,0,0.0,42.483,0.511,15,10,89.32,19.96,1,1,0,0,0,0,0,-22.85,-0.2,3.333,0,-4.687,0,0,71.75
20125,0,0,0,2,63,21,0,0,0,3.0,0.812,0.336,14,13,89.31,26.59,2,2,0,0,0,0,0,-16.23,-1.2,3.203,0,-2.873,0,0,36.98
20127,0,0,0,6,35,6,0,0,0,0.0,0.0,0.691,15,9,88.07,22.29,4,4,0,0,0,0,0,-0.13,-0.8,2.56,0,-3.707,0,0,53.69
20129,0,0,0,1,61,2,0,0,0,0.0,0.08,0.275,11,14,91.22,21.34,2,1,0,0,0,1,0,12.32,0,2.243,0,-3.773,0,0,-47.61
20131,0,0,0,3,49,8,0,0,0,0.0,0.0,0.477,13,12,86.19,18.87,3,3,0,0,0,0,0,-4.13,-0.4,2.363,0,-4.2,0,0,18.84
20133,0,0,0,0,45,18,0,0,0,1.0,0.412,0.434,15,12,88.22,25.88,5,4,0,0,0,1,0,-9.58,0.6,3.038,0,-3.107,0,0,17.03
20135,0,0,0,3,60,5,0,0,0,0.0,0.0,0.446,14,10,90.97,20.01,5,2,0,0,1,2,0,-2.52,-0.2,2.382,0,-4.06,0,0,29.91
20137,0,0,0,3,63,6,0,0,0,1.0,3.28,0.116,17,18,89.46,17.51,3,2,0,0,0,1,0,8.87,1.6,2.625,0,-4.393,0,0,1.42
20139,0,0,0,3,53,10,0,0,0,0.0,0.0,1.066,16,8,88.2,24.07,3,3,0,0,0,0,0,-1.29,1.4,2.845,0,-3.627,0,0,14.23
20141,0,0,0,5,58,8,0,0,0,0.0,9.17,0.42,13,9,89.79,19.43,2,2,0,0,0,0,0,-16.33,-0.6,3.095,0,-4.567,0,0,38.77
20143,0,0,0,6,55,7,0,0,0,0.0,0.0,0.802,17,9,90.39,21.71,3,3,0,0,0,0,0,-17.7,-1.2,3.083,0,-4.073,0,0,58.34
20145,0,0,0,4,54,6,0,0,0,0.0,0.0,0.081,11,15,89.9,21.12,6,4,0,0,0,2,0,-6.85,-0.6,2.632,0,-4.073,0,0,33.94
20147,0,0,0,0,70,7,0,0,0,0.0,11.973,0.222,13,10,89.08,18.49,5,4,0,0,0,1,0,2.79,0.6,2.293,0,-4.3,0,0,-3.55
20149,0,0,0,5,61,3,0,0,0,0.0,0.0,0.687,13,7,87.46,20.81,3,3,0,0,0,0,0,0.1,-0.4,2.733,0,-3.787,0,0,60.04
20151,0,0,0,4,47,5,0,0,0,0.0,2.665,0.366,11,15,89.96,22.5,4,3,0,0,0,1,0,-5.12,-0.6,2.57,0,-4.413,0,0,34.36
20153,0,0,0,4,94,12,0,0,0,0.0,0.492,0.418,15,11,88.89,17.93,2,1,0,0,0,1,0,-3.43,-1.2,2.413,0,-3.787,0,0,-18.12
20155,0,0,0,5,78,17,0,0,0,1.0,0.817,0.279,12,12,90.51,22.6,5,3,0,0,2,0,0,-22.69,-1.6,2.8,0,-4.12,0,0,54.68
20157,0,0,0,6,49,4,0,0,0,0.0,0.0,0.72,17,10,87.96,19.54,2,2,0,0,0,0,0,-5.49,-0.2,2.95,0,-4.147,0,0,46.67
20159,0,0,0,5,59,14,0,0,0,0.0,0.184,0.414,15,11,90.35,22.04,8,6,0,0,1,1,0,-20.21,-2.2,2.768,0,-3.96,0,0,55.49
20161,0,0,0,5,64,8,0,0,0,0.0,27.22,0.83,14,7,88.31,21.34,4,4,0,0,0,0,0,-1.8,-1.0,2.832,0,-3.793,0,0,57.36
20163,0,0,0,4,60,8,0,0,0,0.0,12.559,0.198,14,12,90.26,19.2,4,2,0,0,1,1,0,-14.95,-0.8,2.673,0,-4.207,0,0,30.23
20165,0,0,0,5,58,7,0,0,0,0.0,0.002,0.131,13,16,90.36,20.25,4,2,0,0,0,2,0,-15.01,-1.0,2.597,0,-4.153,0,0,41.69
20167,0,0,0,5,70,9,0,0,0,0.0,0.4,0.627,18,9,90.89,20.43,6,4,0,0,1,1,0,-13.88,-1.4,3.258,0,-4.547,0,0,42.13
20169,0,0,0,8,58,20,0,0,0,0.0,0.731,0.875,21,8,91.16,22.45,3,3,0,0,0,0,0,-26.81,-1.6,2.9,0,-3.84,0,0,67.21
20171,0,0,0,5,58,0,0,0,0,1.0,0.2,0.607,15,9,90.65,18.61,2,1,0,0,0,1,0,22.36,0,2.142,0,-4.187,0,0,-34.57
20173,0,0,0,3,123,49,0,0,0,1.0,9.175,0.569,19,11,90.68,24.25,1,1,0,0,0,0,0,-10.28,-0.4,2.733,0,-3.927,0,0,31.25
20175,0,0,0,5,61,3,0,0,0,0.0,0.525,0.285,14,15,91.44,21.01,2,0,0,0,0,2,0,2.55,0.6,2.46,0,-4.487,0,0,-21.33
20177,0,0,0,5,83,18,0,0,0,0.0,0.002,0.875,15,10,88.18,22.3,0,0,0,0,0,0,0,-13.49,1.2,3.052,0,-3.673,0,0,37.55
20179,0,0,0,9,70,6,0,0,0,0.0,0.398,0.451,15,12,89.79,18.3,3,1,0,0,0,2,0,-8.24,-0.6,2.238,0,-3.867,0,0,9.71
20181,0,0,0,8,143,17,0,0,0,0.0,0.753,0.581,17,10,88.81,17.98,1,0,0,0,0,1,0,-17.42,-0.8,2.302,0,-3.58,0,0,-14.65
20183,0,0,0,2,52,1,0,0,0,0.0,7.6,0.461,12,9,88.5,18.6,2,2,0,0,0,0,0,5.63,0,2.297,0,-4.113,0,0,5.17
20185,0,0,0,3,44,1,0,0,0,0.0,0.0,0.009,10,16,89.58,21.62,5,3,0,0,0,2,0,-26.38,1.0,2.635,0,-4.22,0,0,44.35
20187,0,0,0,3,50,6,0,0,0,0.0,0.0,0.2,12,19,91.43,19.9,2,1,0,0,0,1,0,-0.53,-0.2,2.273,0,-4.073,0,0,-40.75
20189,0,0,0,1,52,2,0,0,0,0.0,0.1,0.261,12,14,91.24,20.94,3,2,0,0,0,1,0,-0.88,1.0,2.47,0,-4.14,0,0,-34.21
20191,0,0,0,5,54,17,0,0,0,0.0,2.651,0.335,20,13,90.84,25.15,6,6,0,0,0,0,0,-12.31,-1.8,3.122,0,-3.88,0,0,9.94
20193,0,0,0,7,105,12,0,0,0,0.0,0.519,0.52,16,12,89.34,17.85,2,1,0,0,0,1,0,-21.66,-1.0,2.363,0,-3.78,0,0,-5.8
20195,0,0,0,3,63,1,0,0,0,0.0,0.0,0.211,13,11,90.38,19.51,3,1,0,0,0,2,0,-7.8,0,2.478,0,-4.227,0,0,20.9
20197,0,0,0,7,48,5,0,0,0,0.0,0.0,0.826,14,9,87.77,22.19,5,4,0,0,1,0,0,-5.24,-0.2,2.908,0,-3.853,0,0,31.54
20199,0,0,0,7,75,7,0,0,0,0.0,0.569,0.349,17,10,89.42,18.54,5,3,0,0,0,2,0,-14.19,-1.0,2.2,0,-3.493,0,0,-35.35
20201,0,0,0,3,47,5,0,0,0,0.0,0.0,0.382,12,9,87.8,19.22,4,3,0,0,1,0,0,-9.67,0,2.305,0,-4.307,0,0,40.1
20203,0,0,0,5,65,6,0,0,0,0.0,0.534,0.345,13,11,89.83,18.46,3,2,0,0,0,1,0,6.97,-0.4,2.208,0,-3.72,0,0,-44.98
20205,0,0,0,2,29,14,0,0,0,0.0,0.109,0.661,16,11,88.85,26.12,2,2,0,0,0,0,0,-11.78,-0.2,3.125,0,-3.16,0,0,31.28
20207,0,0,0,0,25,5,0,0,0,0.0,0.087,0.838,18,11,88.44,25.23,4,4,0,0,0,0,0,-10.59,-0.6,3.445,0,-3.567,0,0,26.44
20209,0,0,0,0,38,8,0,0,0,0.0,0.0,0.586,15,12,87.0,23.11,4,4,0,0,0,0,0,-2.57,-0.8,3.015,0,-4.053,0,0,4.35
21001,0,0,0,3,38,6,0,0,0,0.0,1.14,0.965,15,7,85.76,29.58,4,3,0,0,0,1,0,-23.09,0.4,0.968,0,1.46,0,0,22.53
21003,0,0,0,2,33,6,0,0,0,1.0,0.465,0.499,15,11,87.78,30.58,1,1,0,0,0,0,0,-9.75,0.6,1.37,0,0.587,0,0,5.42
21005,0,0,0,1,28,8,0,0,0,0.0,0.154,0.836,18,8,85.65,27.82,4,1,2,0,0,1,0,-23.7,-0.2,2.242,0,-0.967,0,0,20.73
21007,0,0,0,7,33,30,0,0,0,0.0,3.334,0.703,16,11,87.97,29.78,3,1,1,0,0,1,0,-6.52,0.8,1.757,0,-1.773,0,0,5.13
21009,0,0,0,4,38,12,0,0,0,0.0,0.693,0.529,18,12,88.11,29.55,2,1,0,0,0,0,1,-11.65,0.8,1.398,0,0.367,0,0,12.25
21011,0,0,0,1,39,18,0,0,0,6.0,0.276,0.177,12,10,84.4,27.4,3,0,2,0,0,1,0,-26.68,-2.4,1.73,0,-1.193,0,0,8.18
21013,0,0,0,0,35,32,0,0,0,0.0,4.384,0.424,11,13,82.76,28.57,6,2,4,0,0,0,0,-13.73,-1.6,1.878,0,1.747,0,0,17.4
21015,0,0,0,1,45,17,0,0,0,0.0,0.601,0.752,14,9,84.36,26.75,0,0,0,0,0,0,0,-20.04,-2.0,1.905,0,-1.927,0,0,7.06
21017,0,0,0,1,22,21,0,0,0,1.0,0.71,0.614,14,9,84.77,27.25,3,1,2,0,0,0,0,-24.16,-1.2,2.082,0,-1.08,0,0,4.34
21019,0,0,0,0,24,31,0,0,0,0.0,1.105,0.737,14,8,85.11,27.41,8,3,3,0,0,2,0,-23.67,1.0,2.292,0,-0.833,0,0,23.86
21021,0,0,0,3,26,9,0,0,0,0.0,0.44,0.655,18,11,84.67,27.84,3,1,0,0,0,2,0,-19.52,-0.6,1.978,0,-0.713,0,0,27.59
21023,0,0,0,0,30,11,0,0,0,1.0,1.033,0.425,15,11,84.54,26.21,1,1,0,0,0,0,0,-19.19,-1.2,1.72,0,-1.147,0,0,-5.24
21025,0,0,0,0,56,29,0,0,0,11.0,0.322,0.851,18,9,85.36,28.85,11,3,6,0,1,1,0,-24.95,-2.8,1.188,0,-0.36,0,0,17.29
21027,0,0,0,3,41,11,0,0,0,0.0,0.785,0.302,11,12,85.93,27.36,3,1,0,0,0,0,2,-20.77,0.0,1.572,0,-0.52,0,0,5.8
21029,0,0,0,3,32,13,0,0,0,0.0,1.943,0.697,17,10,86.16,28.34,6,1,3,0,0,0,2,-21.45,-0.8,1.892,0,-0.873,0,0,5.99
21031,0,0,0,2,45,29,0,0,0,0.0,0.445,0.627,20,10,87.76,29.42,7,4,2,0,0,1,0,-12.5,-1.2,1.398,0,-0.333,0,0,3.16
21033,0,0,0,4,19,11,0,0,0,5.0,0.675,0.336,15,12,86.4,29.66,7,2,2,0,0,1,2,-10.93,0.0,1.907,0,-0.953,0,0,-2.25
21035,0,0,0,8,61,31,0,0,0,2.0,6.423,0.472,15,12,87.38,30.21,4,2,2,0,0,0,0,-9.11,1.8,1.408,0,-0.733,0,0,-1.88
21037,0,0,0,0,35,18,0,0,0,0.0,0.335,0.527,15,10,84.91,26.78,2,1,1,0,0,0,0,-16.01,-0.4,2.188,0,-1.833,0,0,4.89
21039,0,0,0,2,20,22,0,0,0,1.0,0.812,0.674,16,11,87.92,30.12,3,2,1,0,0,0,0,-10.18,0.6,1.948,0,-1.447,0,0,4.91
21041,0,0,0,0,26,15,0,0,0,0.0,0.543,0.985,15,9,85.09,27.63,3,2,1,0,0,0,0,-21.48,-1.2,1.875,0,-1.68,0,0,1.71
21043,0,0,0,0,17,26,0,0,0,1.0,4.811,0.439,11,10,84.46,26.43,9,3,5,0,0,1,0,-22.24,0.2,2.027,0,-0.947,0,0,9.2
21045,0,0,0,1,33,10,0,0,0,0.0,0.588,0.857,15,8,84.38,28.45,6,2,3,0,0,1,0,-20.42,-1.6,1.138,0,0.727,0,0,27.39
21047,0,0,0,14,63,37,0,0,0,1.0,11.936,0.707,15,10,86.52,30.87,4,3,0,0,0,0,1,-15.62,4.4,1.57,0,-0.507,0,0,-3.9
21049,0,0,0,0,28,8,0,0,0,0.0,1.085,0.621,15,9,84.83,27.93,5,1,2,0,0,2,0,-25.52,-1.0,2.073,0,-1.113,0,0,22.81
21051,0,0,0,0,29,19,0,0,0,3.0,0.312,0.965,12,9,85.0,29.05,12,6,5,0,0,1,0,-19.38,-2.4,1.355,0,1.047,0,0,16.14
21053,0,0,0,2,31,6,0,0,0,0.0,0.066,1.2,18,6,85.31,30.83,2,1,0,0,0,1,0,-19.51,-0.8,0.763,0,1.673,0,0,19.94
21055,0,0,0,0,11,17,0,0,0,0.0,0.269,0.322,14,13,86.52,29.06,4,3,1,0,0,0,0,-13.77,-1.8,1.838,0,-0.94,0,0,-0.28
21057,0,0,0,2,24,7,0,0,0,0.0,0.25,0.994,14,6,86.62,30.73,5,3,2,0,0,0,0,-21.86,-0.2,1.027,0,1.533,0,0,18.65
21059,0,0,0,3,45,48,0,0,0,1.0,3.366,0.173,15,14,86.62,27.97,3,2,1,0,0,0,0,-19.03,-2.0,1.548,0,-1.087,0,0,2.07
21061,0,0,0,4,34,11,0,0,0,1.0,0.443,0.734,20,10,88.03,29.47,5,3,1,0,0,1,0,-12.11,-1.0,1.32,0,-0.14,0,0,13.31
21063,0,0,0,0,18,6,0,0,0,0.0,0.041,0.341,10,9,84.27,26.78,7,2,4,0,0,1,0,-26.45,0,1.69,0,-0.733,0,0,17.56
21065,0,0,0,1,46,24,0,0,0,1.0,0.149,0.628,17,10,84.81,28.64,9,3,4,0,0,2,0,-27.82,-2.6,1.687,0,-0.607,0,0,15.13
21067,0,0,0,0,55,18,0,0,0,0.0,8.697,0.805,15,8,84.78,27.77,2,1,1,0,0,0,0,-23.57,-1.8,2.517,0,-1.393,0,0,23.65
21069,0,0,0,3,26,15,0,0,0,0.0,2.689,0.149,11,10,84.11,26.5,3,1,1,0,0,1,0,-25.49,-1.6,1.637,0,-1.187,0,0,-3.91
21071,0,0,0,0,41,45,0,0,0,1.0,1.868,0.758,16,10,85.35,28.89,13,5,6,0,0,2,0,-23.0,-3.8,1.175,0,0.62,0,0,14.55
21073,0,0,0,1,37,20,0,0,0,1.0,0.341,0.978,18,8,85.7,27.85,5,1,3,0,0,1,0,-25.6,-1.8,1.972,0,-0.873,0,0,7.94
21075,0,0,0,7,16,17,0,0,0,2.0,4.218,0.305,16,11,87.31,30.74,5,1,2,0,0,0,2,1.65,1.0,2.318,0,-1.093,0,0,-2.49
21077,0,0,0,2,22,9,0,0,0,0.0,0.529,0.963,17,9,84.98,27.56,3,1,2,0,0,0,0,-17.56,0.0,1.968,0,-1.9,0,0,0.07
21079,0,0,0,2,32,11,0,0,0,0.0,0.177,0.647,18,11,84.44,28.11,2,1,0,0,0,1,0,-22.99,-0.8,1.995,0,-0.667,0,0,26.13
21081,0,0,0,2,25,9,0,0,0,0.0,0.443,0.781,16,10,84.49,27.11,4,2,2,0,0,0,0,-17.1,-0.8,1.94,0,-1.493,0,0,-3.57
21083,0,0,0,15,57,27,0,0,0,26.0,12.477,0.521,16,12,87.49,30.17,5,1,2,0,0,0,2,-13.14,-1.2,1.808,0,-1.06,0,0,1.0
21085,0,0,0,3,33,8,0,0,0,0.0,0.83,0.667,16,11,86.92,28.17,3,1,0,0,0,0,2,-18.66,-1.2,1.405,0,-0.333,0,0,20.2
21087,0,0,0,4,33,8,0,0,0,0.0,0.952,0.71,17,9,86.66,28.95,2,2,0,0,0,0,0,-26.91,-1.0,1.273,0,0.58,0,0,26.66
21089,0,0,0,1,38,25,0,0,0,1.0,0.529,0.585,15,8,84.9,26.49,5,1,3,0,0,1,0,-17.28,1.2,2.153,0,-1.033,0,0,16.62
21091,0,0,0,1,23,9,0,0,0,0.0,0.103,-0.15,11,16,85.56,27.53,4,2,2,0,0,0,0,-19.88,-0.6,1.65,0,-0.84,0,0,5.61
21093,0,0,0,5,41,15,0,0,0,0.0,2.688,0.612,15,11,85.76,27.84,2,1,1,0,0,0,0,-21.89,-1.2,1.717,0,-0.607,0,0,12.95
21095,0,0,0,0,37,15,0,0,0,0.0,6.142,0.514,11,11,80.96,27.99,10,2,5,0,1,2,0,-15.56,-1.0,2.057,0,1.807,0,0,20.15
21097,0,0,0,1,30,13,0,0,0,0.0,1.191,0.584,17,9,84.79,26.94,2,1,1,0,0,0,0,-23.6,-2.0,1.887,0,-0.953,0,0,-2.48
21099,0,0,0,3,45,14,0,0,0,0.0,0.325,0.674,19,11,87.28,28.73,5,2,2,0,0,0,1,-20.16,-0.2,1.388,0,-0.033,0,0,24.3
21101,0,0,0,6,32,28,0,0,0,1.0,1.41,0.32,14,12,86.79,28.11,4,3,1,0,0,0,0,-19.16,7.2,1.483,0,-1.827,0,0,3.13
21103,0,0,0,3,29,10,0,0,0,0.0,0.696,0.93,17,9,85.26,27.28,4,3,1,0,0,0,0,-23.41,-0.2,1.658,0,-0.933,0,0,5.52
21105,0,0,0,7,18,19,0,0,0,0.0,1.612,0.44,16,11,87.44,30.4,6,3,1,0,0,0,2,-5.78,0.8,2.195,0,-1.1,0,0,-1.12
21107,0,0,0,3,31,28,0,0,0,16.0,0.419,0.59,18,12,87.18,29.6,4,2,0,0,0,0,2,-14.92,-1.8,1.155,0,-1.16,0,0,-0.09
21109,0,0,0,0,36,17,0,0,0,0.0,0.157,0.834,17,9,83.71,28.26,7,3,2,0,0,2,0,-23.42,-1.6,1.423,0,0.327,0,0,15.84
21111,0,0,0,5,88,41,0,0,0,3.0,3.723,0.754,19,10,86.54,28.22,3,1,2,0,0,0,0,-20.34,-1.8,1.39,0,-0.52,0,0,6.13
21113,0,0,0,0,28,6,0,0,0,0.0,0.369,0.765,18,10,84.94,28.12,3,1,1,0,0,1,0,-22.45,-0.2,2.462,0,-1.28,0,0,26.27
21115,0,0,0,0,28,14,0,0,0,4.0,6.708,0.735,15,9,85.13,27.8,13,6,6,0,0,1,0,-24.4,-0.8,1.282,0,0.167,0,0,23.86
21117,0,0,0,1,41,18,0,0,0,0.0,0.624,0.639,14,9,84.41,26.72,1,0,1,0,0,0,0,-17.51,-1.4,2.05,0,-1.847,0,0,4.9
21119,0,0,0,0,23,18,0,0,0,16.0,0.3,0.715,18,10,84.22,28.72,11,5,5,0,0,1,0,-21.39,-1.8,1.21,0,0.613,0,0,14.59
21121,0,0,0,0,35,21,0,0,0,0.0,2.601,0.796,12,11,84.66,29.34,7,2,3,0,1,1,0,-16.03,-2.8,1.523,0,1.613,0,0,15.73
21123,0,0,0,3,25,12,0,0,0,0.0,0.485,0.601,15,10,85.62,28.16,2,1,1,0,0,0,0,-24.39,-0.6,1.752,0,-0.38,0,0,24.0
21125,0,0,0,0,53,18,0,0,0,1.0,0.339,0.989,14,9,84.51,29.07,4,2,1,0,0,1,0,-18.65,-1.6,1.265,0,1.173,0,0,18.38
21127,0,0,0,2,32,28,0,0,0,0.0,2.936,0.766,15,8,85.31,27.52,12,4,6,0,0,2,0,-24.76,-1.0,1.74,0,-0.393,0,0,27.23
21129,0,0,0,0,26,16,0,0,0,0.0,0.07,0.74,15,10,85.13,28.81,11,3,6,0,0,2,0,-26.44,-1.4,1.41,0,-0.513,0,0,13.75
21131,0,0,0,1,29,17,0,0,0,2.0,0.682,0.741,13,11,83.88,28.96,9,3,5,0,0,1,0,-20.22,-1.6,1.583,0,1.093,0,0,15.4
21133,0,0,0,0,28,16,0,0,0,3.0,0.559,0.539,14,11,82.72,28.26,10,3,5,0,1,1,0,-18.14,-1.0,1.465,0,1.547,0,0,14.64
21135,0,0,0,1,21,15,0,0,0,0.0,0.612,0.256,14,11,84.25,26.0,6,2,2,0,0,2,0,-21.29,-0.4,1.705,0,-1.1,0,0,-3.98
21137,0,0,0,0,33,10,0,0,0,0.0,0.661,0.698,17,9,83.83,27.94,7,2,3,0,0,2,0,-21.96,-1.0,1.532,0,0.047,0,0,24.8
21139,0,0,0,3,20,19,0,0,0,0.0,1.262,0.407,14,12,86.95,29.43,4,3,1,0,0,0,0,-12.4,-2.0,2.075,0,-1.16,0,0,1.07
21141,0,0,0,5,49,11,0,0,0,1.0,1.258,0.506,15,9,87.16,30.56,2,1,0,0,0,0,1,-8.55,2.0,1.613,0,-0.067,0,0,-1.61
21143,0,0,0,6,18,7,0,0,0,1.0,4.073,0.324,14,12,86.79,29.89,5,2,0,0,0,1,2,-8.07,-1.0,2.123,0,-1.053,0,0,-3.33
21145,0,0,0,7,54,64,0,0,0,1.0,7.619,0.704,16,11,87.96,29.84,5,3,1,0,0,1,0,-11.6,-5.2,1.832,0,-1.34,0,0,5.04
21147,0,0,0,1,40,12,0,0,0,0.0,2.4,0.875,16,6,84.1,29.64,4,3,0,0,0,1,0,-19.55,-1.4,0.97,0,1.667,0,0,19.44
21149,0,0,0,0,16,25,0,0,0,0.0,0.54,0.506,18,12,87.37,28.73,2,1,1,0,0,0,0,-15.98,0.2,1.117,0,-1.273,0,0,2.69
21151,0,0,0,4,44,17,0,0,0,1.0,0.645,0.661,18,10,84.63,28.29,5,2,2,0,0,1,0,-25.56,-1.2,1.975,0,-0.72,0,0,23.15
21153,0,0,0,1,43,19,0,0,0,0.0,0.713,0.731,16,8,84.86,28.18,11,3,6,0,0,2,0,-24.26,-1.6,1.192,0,-0.127,0,0,19.99
21155,0,0,0,5,30,12,0,0,0,1.0,0.655,0.663,16,9,85.45,28.28,5,2,1,0,0,1,1,-23.11,-1.2,1.725,0,-0.253,0,0,26.96
21157,0,0,0,10,47,25,0,0,0,3.0,5.242,0.491,14,12,87.6,30.03,7,3,1,0,0,1,2,-13.48,-2.2,1.797,0,-1.06,0,0,0.77
21159,0,0,0,0,23,15,0,0,0,0.0,0.151,0.82,20,8,85.88,28.4,7,2,4,0,0,1,0,-25.03,-1.4,1.248,0,0.047,0,0,15.45
21161,0,0,0,2,24,15,0,0,0,0.0,1.089,0.337,15,11,84.31,25.82,2,0,2,0,0,0,0,-21.35,-2.4,1.55,0,-1.067,0,0,-5.45
21163,0,0,0,3,29,7,0,0,0,0.0,0.4,0.382,16,13,85.68,27.19,3,1,0,0,0,0,2,-19.14,-0.6,1.618,0,-0.753,0,0,4.49
21165,0,0,0,0,23,11,0,0,0,0.0,2.746,0.23,12,11,84.0,27.71,7,3,2,0,0,2,0,-28.43,-1.4,1.58,0,-1.093,0,0,15.32
21167,0,0,0,1,23,9,0,0,0,0.0,0.045,0.725,18,10,85.25,28.02,2,1,0,0,0,1,0,-21.23,-0.6,2.333,0,-1.093,0,0,28.17
21169,0,0,0,3,30,9,0,0,0,0.0,1.445,0.668,16,10,86.91,28.95,9,4,4,0,0,1,0,-20.78,-0.8,1.293,0,0.787,0,0,18.74
21171,0,0,0,3,22,6,0,0,0,1.0,0.135,0.53,15,10,87.11,29.85,2,2,0,0,0,0,0,-15.43,-1.2,1.457,0,0.967,0,0,15.14
21173,0,0,0,0,37,23,0,0,0,0.0,0.989,0.456,16,8,84.69,27.67,2,1,0,0,0,1,0,-25.68,-1.8,1.83,0,-1.127,0,0,21.89
21175,0,0,0,0,47,19,0,0,0,0.0,0.617,0.356,13,10,84.51,27.51,9,3,4,0,0,2,0,-26.92,-2.0,1.397,0,-0.707,0,0,17.13
21177,0,0,0,5,38,66,0,0,0,11.0,1.641,0.594,22,10,87.39,29.32,3,1,0,0,0,0,2,-13.18,-4.6,1.288,0,-0.867,0,0,-0.72
21179,0,0,0,1,38,17,0,0,0,0.0,0.415,0.627,17,10,85.81,28.19,2,1,0,0,0,1,0,-22.27,0.4,2.085,0,-0.68,0,0,21.98
21181,0,0,0,0,13,20,0,0,0,2.0,2.015,0.417,15,9,84.58,26.79,6,3,2,0,0,1,0,-24.25,-1.8,1.783,0,-1.007,0,0,-3.17
21183,0,0,0,5,39,22,0,0,0,0.0,1.015,0.473,20,13,87.15,28.4,7,2,3,0,0,0,2,-16.94,-0.8,1.352,0,-0.66,0,0,5.1
21185,0,0,0,4,36,8,0,0,0,0.0,0.654,0.706,19,9,85.74,27.03,0,0,0,0,0,0,0,-20.81,0.8,1.207,0,-0.427,0,0,7.1
21187,0,0,0,1,37,16,0,0,0,2.0,0.392,0.938,16,9,84.92,27.5,5,2,3,0,0,0,0,-20.44,-0.8,1.958,0,-1.293,0,0,-2.98
21189,0,0,0,0,24,10,0,0,0,0.0,0.086,0.924,16,9,85.23,29.03,12,5,6,0,0,1,0,-23.68,-1.0,1.295,0,0.06,0,0,15.58
21191,0,0,0,2,28,14,0,0,0,0.0,0.42,0.558,15,9,84.78,26.89,3,1,1,0,0,1,0,-17.96,-2.0,1.93,0,-1.313,0,0,-3.45
21193,0,0,0,0,37,23,0,0,0,7.0,0.198,0.723,16,9,84.49,28.91,10,3,5,0,0,2,0,-21.7,-2.0,1.415,0,0.547,0,0,15.26
21195,0,0,0,1,54,34,0,0,0,0.0,1.325,0.795,17,10,85.14,29.21,11,4,5,0,1,1,0,-22.84,-2.6,1.41,0,1.06,0,0,0.64
21197,0,0,0,0,44,26,0,0,0,1.0,0.427,0.475,15,10,84.75,28.33,10,3,5,0,0,2,0,-28.68,-3.2,1.675,0,-1.0,0,0,15.1
21199,0,0,0,2,67,29,0,0,0,0.0,0.5,0.963,14,7,84.39,29.28,3,1,1,0,0,1,0,-19.92,-2.8,1.008,0,1.293,0,0,19.5
21201,0,0,0,1,7,3,0,0,0,0.0,0.108,0.429,15,12,84.65,26.37,3,2,1,0,0,0,0,-22.53,-0.4,1.695,0,-0.927,0,0,-1.26
21203,0,0,0,1,49,20,0,0,0,0.0,1.031,0.772,16,10,83.51,28.41,7,3,2,0,0,2,0,-23.25,-2.0,1.395,0,0.46,0,0,19.47
21205,0,0,0,0,35,14,0,0,0,2.0,0.615,-0.08,9,12,83.57,26.67,4,1,2,0,0,1,0,-28.98,-1.2,1.643,0,-1.233,0,0,1.51
21207,0,0,0,1,27,7,0,0,0,0.0,0.105,1.112,15,6,85.22,30.03,2,2,0,0,0,0,0,-19.02,-0.8,0.833,0,1.72,0,0,18.28
21209,0,0,0,2,39,12,0,0,0,0.0,0.73,0.841,16,8,84.94,27.45,1,0,1,0,0,0,0,-23.81,-0.8,2.18,0,-1.147,0,0,1.46
21211,0,0,0,3,40,7,0,0,0,0.0,0.056,0.822,18,9,85.58,27.14,3,1,0,0,0,0,2,-23.97,-0.8,1.648,0,-0.553,0,0,5.91
21213,0,0,0,3,30,20,0,0,0,3.0,0.551,0.632,15,9,87.42,30.84,2,1,0,0,0,1,0,-8.81,-0.8,1.28,0,0.34,0,0,2.56
21215,0,0,0,2,23,10,0,0,0,1.0,0.307,0.712,18,9,85.95,27.73,7,2,3,0,0,0,2,-22.83,-0.8,1.823,0,-0.66,0,0,9.84
21217,0,0,0,3,39,15,0,0,0,1.0,1.367,0.764,14,8,85.54,28.76,5,2,0,0,0,2,1,-24.99,-1.8,1.23,0,0.613,0,0,28.98
21219,0,0,0,6,30,24,0,0,0,0.0,3.452,0.665,12,8,86.75,30.88,3,2,0,0,0,0,1,-10.29,1.8,1.61,0,-0.2,0,0,-2.82
21221,0,0,0,8,33,11,0,0,0,0.0,1.563,0.535,14,9,86.77,30.66,5,3,2,0,0,0,0,-7.59,1.8,1.668,0,-0.48,0,0,-3.45
21223,0,0,0,0,20,9,0,0,0,0.0,0.665,0.854,17,9,85.07,27.18,3,2,1,0,0,0,0,-23.51,-0.4,1.672,0,-1.28,0,0,6.49
21225,0,0,0,4,17,45,0,0,0,1.0,0.592,0.24,13,14,86.73,28.23,7,4,2,0,0,1,0,-21.26,0.8,1.547,0,-1.607,0,0,0.7
21227,0,0,0,6,56,28,0,0,0,17.0,1.628,0.71,19,9,88.17,30.5,4,1,1,0,0,0,2,-8.96,-2.4,1.332,0,0.16,0,0,2.2
21229,0,0,0,0,23,6,0,0,0,1.0,0.35,0.674,18,10,85.48,27.98,6,3,2,0,0,1,0,-21.4,-0.4,2.185,0,-0.793,0,0,26.05
21231,0,0,0,1,39,5,0,0,0,0.0,0.255,1.119,18,6,84.76,30.17,4,2,0,0,0,2,0,-18.38,0.8,0.727,0,1.72,0,0,19.96
21233,0,0,0,5,25,19,0,0,0,0.0,0.855,0.404,16,13,87.01,28.85,5,3,2,0,0,0,0,-16.36,-0.2,1.165,0,-1.207,0,0,0.68
21235,0,0,0,0,48,24,0,0,0,4.0,4.251,0.688,13,10,84.17,29.77,10,3,6,0,0,1,0,-18.27,-2.8,1.283,0,1.767,0,0,16.38
21237,0,0,0,0,33,14,0,0,0,0.0,0.604,0.553,13,9,84.71,28.25,10,3,5,0,0,2,0,-26.71,-1.6,1.355,0,-0.827,0,0,13.87
21239,0,0,0,0,30,4,0,0,0,0.0,0.128,0.907,16,8,85.38,28.09,4,1,2,0,0,1,0,-23.69,-0.4,2.522,0,-1.333,0,0,23.11
22001,0,0,0,9,32,11,0,0,0,1.0,246.398,0.485,16,12,91.04,44.78,17,3,1,11,0,2,0,-3.52,1.2,1.633,0,0.78,0,0,38.17
22003,0,0,0,7,24,7,0,0,0,0.0,2.404,0.35,13,11,90.82,42.98,18,3,1,12,0,2,0,2.97,2.4,2.123,0,1.18,0,0,42.21
22005,0,0,0,6,27,10,0,0,0,1.0,1530.418,0.938,20,9,91.55,45.12,18,3,3,10,0,2,0,-6.03,-1.0,0.997,0,1.633,0,0,36.47
22007,0,0,0,4,10,0,0,0,0,0.0,0.101,1.024,21,9,91.32,46.59,21,3,4,12,0,2,0,7.65,0,0.613,0,2.113,0,0,33.11
22009,0,0,0,11,21,8,0,0,0,0.0,14.685,0.407,16,11,91.52,42.0,15,3,2,8,0,2,0,-7.85,0.2,1.353,0,2.013,0,0,41.24
22011,0,0,0,12,40,10,0,0,0,0.0,61.989,0.7,18,10,91.49,43.06,18,3,1,11,1,2,0,2.13,2.0,2.282,0,1.8,0,0,45.01
22013,0,0,0,10,52,8,0,0,0,1.0,0.67,1.059,18,9,92.21,38.86,13,2,1,8,0,2,0,2.03,1.6,1.203,0,1.253,0,0,29.13
22015,0,0,0,10,88,19,0,0,0,4.0,13.496,0.922,17,8,92.4,38.9,14,2,2,8,0,2,0,8.12,2.4,1.152,0,1.3,0,0,17.35
22017,0,0,0,20,117,31,0,0,0,5.0,65.075,0.738,18,9,92.55,39.3,14,2,2,8,0,2,0,13.05,6.2,1.495,0,1.087,0,0,12.61
22019,0,0,0,14,50,42,0,0,0,1.0,690.23,0.774,19,10,91.31,45.28,18,3,2,11,0,2,0,0.75,8.8,1.938,0,1.64,0,0,40.03
22021,0,0,0,5,31,7,0,0,0,1.0,4.8,0.466,15,14,91.74,38.96,14,2,2,8,0,2,0,-11.44,-0.6,2.007,0,1.773,0,0,37.12
22023,0,0,0,10,21,6,0,0,0,0.0,25.163,0.765,18,9,90.17,47.28,18,3,1,12,0,2,0,1.32,0.4,1.603,0,1.287,0,0,36.13
22025,0,0,0,3,46,8,0,0,0,0.0,3.095,0.515,19,11,91.74,40.32,16,3,3,8,0,2,0,-4.5,-1.0,1.933,0,2.26,0,0,41.84
22027,0,0,0,6,36,4,0,0,0,0.0,0.17,0.696,15,10,91.38,37.3,13,2,1,8,0,2,0,-0.7,-0.2,1.247,0,0.58,0,0,22.36
22029,0,0,0,4,33,8,0,0,0,0.0,1.043,0.5,17,11,91.63,40.89,16,3,3,8,0,2,0,-7.57,-0.8,1.665,0,2.313,0,0,42.64
22031,0,0,0,11,50,14,0,0,0,2.0,2.13,0.736,19,9,92.3,39.48,14,2,1,9,0,2,0,17.0,3.4,1.558,0,1.353,0,0,32.74
22033,0,0,0,6,52,35,0,0,0,8.0,2406.691,0.918,20,8,91.36,44.01,17,3,2,10,0,2,0,-13.55,-3.0,1.698,0,1.353,0,0,36.97
22035,0,0,0,1,35,9,0,0,0,0.0,1.366,0.656,15,11,91.13,39.58,14,2,2,8,0,2,0,-6.92,1.4,1.567,0,1.44,0,0,31.02
22037,0,0,0,0,12,6,0,0,0,0.0,24.2,0.993,17,6,91.17,42.88,16,3,1,10,0,2,0,-16.87,-0.4,1.788,0,2.04,0,0,36.9
22039,0,0,0,9,14,11,0,0,0,0.0,19.293,0.361,16,12,91.09,42.97,15,3,1,9,0,2,0,-13.64,0.6,1.622,0,1.353,0,0,41.49
22041,0,0,0,5,53,14,0,0,0,1.0,5.148,0.532,16,13,91.86,39.67,14,2,2,8,0,2,0,-12.9,0.0,2.288,0,1.9,0,0,30.65
22043,0,0,0,5,42,13,0,0,0,0.0,0.725,0.352,13,12,91.65,40.36,14,2,2,8,0,2,0,-2.41,-0.2,1.502,0,2.167,0,0,45.62
22045,0,0,0,2,20,15,0,0,0,1.0,141.793,0.71,18,10,90.12,46.71,19,3,1,13,0,2,0,-5.89,0.0,0.95,0,1.58,0,0,32.03
22047,0,0,0,3,17,4,0,0,0,0.0,6.774,0.841,18,9,91.19,44.99,19,3,4,10,0,2,0,-11.27,-0.4,1.233,0,1.333,0,0,36.53
22049,0,0,0,5,31,5,0,0,0,0.0,2.646,0.788,15,10,91.84,38.24,13,2,1,8,0,2,0,-2.07,-0.2,1.373,0,1.113,0,0,33.86
22051,0,0,0,12,34,20,0,0,0,1.0,51.448,0.759,21,7,90.34,48.46,17,3,0,11,0,2,0,19.88,3.6,0.857,0,1.78,0,0,31.83
22053,0,0,0,6,21,12,0,0,0,0.0,65.279,0.447,14,10,90.72,45.03,17,3,1,11,0,2,0,2.02,0.0,1.792,0,0.953,0,0,39.12
22055,0,0,0,3,24,21,0,0,0,0.0,1102.379,0.662,18,11,91.26,45.09,18,3,2,11,0,2,0,-7.1,0.2,1.468,0,0.927,0,0,35.78
22057,0,0,0,4,18,2,0,0,0,2.0,0.001,0.894,23,7,90.38,48.95,19,3,2,12,0,2,0,11.14,1.0,0.505,0,2.067,0,0,31.02
22059,0,0,0,5,29,11,0,0,0,0.0,3.265,0.512,16,11,91.66,40.19,13,2,1,8,0,2,0,2.59,0.2,1.76,0,2.24,0,0,44.21
22061,0,0,0,4,40,10,0,0,0,3.0,61.566,0.798,16,10,91.67,37.76,14,3,1,8,0,2,0,2.9,0.4,1.272,0,0.84,0,0,29.59
22063,0,0,0,7,38,8,0,0,0,2.0,1918.394,0.919,18,9,91.64,43.9,19,3,2,11,0,2,1,-14.96,0.4,1.242,0,1.847,0,0,33.75
22065,0,0,0,12,37,8,0,0,0,0.0,2.323,0.829,22,10,91.61,40.19,13,2,1,8,0,2,0,-10.66,-0.2,2.112,0,2.093,0,0,31.95
22067,0,0,0,10,56,11,0,0,0,1.0,5.757,0.556,15,11,91.54,38.27,14,3,1,8,0,2,0,-1.22,0.4,1.357,0,1.393,0,0,23.18
22069,0,0,0,10,74,20,0,0,0,1.0,2.437,0.724,19,10,92.49,40.29,16,2,2,10,0,2,0,1.67,1.2,1.383,0,1.587,0,0,39.49
22071,0,0,0,6,27,43,0,0,0,1.0,57.126,0.977,24,8,90.26,47.57,18,3,0,11,0,2,1,9.29,5.6,1.123,0,1.627,0,0,33.81
22073,0,0,0,7,58,24,0,0,0,3.0,291.27,0.346,14,14,91.69,37.99,15,3,2,8,0,2,0,-2.31,0.0,1.605,0,1.333,0,0,31.94
22075,0,0,0,3,9,0,0,0,0,0.0,0.027,0.772,20,6,89.09,50.05,19,3,1,12,0,2,0,20.17,0,1.12,0,1.773,0,0,24.08
22077,0,0,0,2,18,4,0,0,0,0.0,16.376,0.73,15,9,91.31,43.71,19,3,4,10,0,2,0,-7.99,1.0,1.637,0,1.6,0,0,38.82
22079,0,0,0,12,43,15,0,0,0,3.0,36.195,0.447,14,11,91.56,41.78,20,3,4,10,1,2,0,-4.58,2.0,1.743,0,2.24,0,0,50.52
22081,0,0,0,5,38,11,0,0,0,1.0,0.306,0.985,19,8,92.61,39.61,15,2,2,9,0,2,0,4.23,2.0,1.263,0,1.713,0,0,32.56
22083,0,0,0,9,42,15,0,0,0,0.0,4.574,0.411,16,13,91.7,38.93,13,2,1,8,0,2,0,-8.01,1.6,2.01,0,1.513,0,0,28.2
22085,0,0,0,6,40,13,0,0,0,0.0,1.786,0.866,22,8,92.61,40.11,15,2,1,10,0,2,0,18.18,-0.2,1.573,0,1.713,0,0,40.1
22087,0,0,0,3,9,7,0,0,0,2.0,80.035,0.911,23,7,89.33,48.3,17,3,0,11,0,2,0,8.75,1.8,1.198,0,1.613,0,0,27.6
22089,0,0,0,8,21,21,0,0,0,1.0,1.69,0.873,21,8,91.31,47.27,18,3,1,12,0,2,0,12.52,-1.2,0.578,0,1.933,0,0,35.59
22091,0,0,0,4,9,3,0,0,0,2.0,23.325,1.085,16,7,91.49,42.34,18,3,2,11,0,2,0,-19.78,0,1.305,0,2.64,0,0,32.87
22093,0,0,0,4,9,4,0,0,0,3.0,0.904,0.985,22,9,91.68,45.98,16,3,1,10,0,2,0,3.84,1.0,0.647,0,1.993,0,0,35.8
22095,0,0,0,5,13,3,0,0,0,0.0,0.249,0.956,21,8,91.77,45.86,17,3,1,11,0,2,0,1.78,1.8,0.672,0,1.947,0,0,34.42
22097,0,0,0,9,28,13,0,0,0,2.0,32.084,0.528,17,11,91.2,43.56,18,3,3,10,0,2,0,-10.35,0.8,1.378,0,1.22,0,0,40.31
22099,0,0,0,3,18,12,0,0,0,2.0,230.438,0.772,17,10,91.08,45.52,19,3,3,11,0,2,0,-5.03,0.0,1.107,0,1.62,0,0,34.86
22101,0,0,0,4,12,6,0,0,0,0.0,28.112,0.906,19,9,89.84,48.01,21,3,3,12,0,2,0,5.11,0.4,0.67,0,2.287,0,0,24.46
22103,0,0,0,16,51,29,0,0,0,1.0,10.503,1.097,23,8,91.31,44.48,17,3,2,10,0,2,0,-10.27,2.6,0.998,0,2.207,0,0,33.0
22105,0,0,0,14,41,7,0,0,0,3.0,1051.985,1.052,17,7,91.75,43.05,18,3,2,11,0,2,0,-17.89,2.6,1.075,0,2.64,0,0,34.27
22107,0,0,0,3,32,3,0,0,0,0.0,1.817,0.687,20,12,91.69,40.36,12,2,0,8,0,2,0,-12.46,-0.2,2.175,0,2.313,0,0,31.46
22109,0,0,0,3,19,4,0,0,0,0.0,0.62,1.051,24,8,90.36,49.49,19,3,3,11,0,2,0,3.15,-0.6,0.245,0,2.3,0,0,28.4
22111,0,0,0,12,70,12,0,0,0,2.0,7.301,0.616,16,10,91.53,37.56,14,3,1,8,0,2,0,-0.2,-1.0,1.185,0,1.207,0,0,24.71
22113,0,0,0,2,16,13,0,0,0,1.0,120.861,0.683,20,13,90.48,46.59,19,3,1,13,0,2,0,-4.55,-1.0,1.177,0,0.553,0,0,33.49
22115,0,0,0,10,33,7,0,0,0,1.0,52.375,0.82,23,8,91.95,41.61,19,3,1,10,3,2,0,3.03,2.8,1.997,0,2.047,0,0,51.25
22117,0,0,0,2,17,9,0,0,0,0.0,8.365,1.04,18,8,91.33,42.57,17,3,2,10,0,2,0,-22.38,-0.2,1.277,0,2.793,0,0,37.04
22119,1,0,0,8,66,7,0,0,0,2.0,2.68,0.907,15,10,92.12,38.25,13,2,1,8,0,2,0,2.58,1.6,1.045,0,1.093,0,0,22.06
22121,0,0,0,1,9,2,0,0,0,1.0,1.355,0.869,17,8,91.33,44.42,15,3,1,9,0,2,0,-11.83,-0.2,1.648,0,1.293,0,0,37.01
22123,0,0,0,5,44,13,0,0,0,0.0,2.998,0.58,16,12,91.29,39.13,13,2,1,8,0,2,0,-4.47,-0.8,1.535,0,1.287,0,0,28.86
22125,0,0,0,0,15,3,0,0,0,1.0,5.178,0.791,15,8,91.08,43.27,20,3,5,10,0,2,0,-13.54,-0.2,1.827,0,1.973,0,0,39.23
22127,1,0,0,8,46,13,0,0,0,1.0,0.328,0.642,15,11,91.95,39.34,13,2,1,8,0,2,0,-4.21,-0.4,1.372,0,1.72,0,0,37.8
23001,0,0,0,0,31,16,0,0,0,0.0,2.547,0.899,20,7,77.75,14.98,2,0,0,1,0,1,0,23.66,2.6,1.617,0,-4.553,0,0,-10.5
23003,0,0,0,3,55,32,0,0,0,1.0,3.88,0.769,23,9,74.96,6.27,1,0,0,1,0,0,0,6.89,-3.2,2.065,0,-5.147,0,0,-8.85
23005,0,0,0,3,49,15,0,0,0,1.0,2.476,0.705,16,8,77.96,15.81,3,1,0,1,0,1,0,17.32,2.0,1.185,0,-4.52,0,0,-13.19
23007,0,0,0,0,20,9,0,0,0,0.0,9.87,0.722,18,9,73.18,9.78,5,2,2,1,0,0,0,30.81,7.6,1.488,0,-5.807,0,0,-18.82
23009,0,0,0,0,15,6,0,0,0,0.0,0.774,0.847,21,9,76.55,16.03,2,1,0,1,0,0,0,19.05,1.6,1.315,0,-3.44,0,0,-13.74
23011,0,0,0,0,26,25,0,0,0,1.0,1.671,0.937,19,7,77.42,15.0,3,1,1,1,0,0,0,21.3,0.8,1.563,0,-4.573,0,0,-11.98
23013,0,0,0,0,9,3,0,0,0,0.0,2.28,0.749,20,9,74.34,17.63,5,3,1,1,0,0,0,12.74,2.4,1.038,0,-3.993,0,0,-19.89
23015,0,0,0,0,9,2,0,0,0,0.0,0.686,0.905,19,8,75.55,17.43,3,1,1,1,0,0,0,11.26,0.6,1.087,0,-4.067,0,0,-19.69
23017,0,0,0,2,42,29,0,0,0,2.0,13.936,0.857,20,9,75.82,11.59,5,2,2,1,0,0,0,22.21,3.0,1.343,0,-5.367,0,0,-13.5
23019,0,0,0,1,37,16,0,0,0,0.0,0.075,0.895,23,11,77.03,11.58,2,1,0,1,0,0,0,17.45,5.0,1.617,0,-4.16,0,0,-10.84
23021,0,0,0,0,25,16,0,0,0,0.0,0.029,0.84,26,10,74.64,8.03,2,1,0,1,0,0,0,16.84,2.2,1.865,0,-4.753,0,0,-12.77
23023,0,0,0,0,8,3,0,0,0,0.0,0.125,0.911,21,8,76.76,17.22,4,1,1,1,0,1,0,12.71,-0.4,1.295,0,-4.247,0,0,-18.03
23025,0,0,0,1,38,33,0,0,0,0.0,17.44,0.742,22,11,74.14,8.86,4,2,1,1,0,0,0,20.95,0.2,1.755,0,-5.14,0,0,-20.39
23027,0,0,0,0,13,4,0,0,0,0.0,0.21,0.824,19,9,76.09,15.15,5,3,1,1,0,0,0,15.52,2.6,1.258,0,-4.353,0,0,-16.0
23029,0,0,0,1,12,8,0,0,0,0.0,0.323,0.941,19,8,75.76,16.26,1,0,0,1,0,0,0,22.51,1.6,1.215,0,-2.413,0,0,-9.0
23031,0,0,0,1,45,7,0,0,0,0.0,3.884,0.409,15,10,78.52,16.62,6,4,0,1,0,1,0,10.42,1.8,1.297,0,-4.347,0,0,-14.27
24001,0,0,0,0,55,23,0,0,0,0.0,0.719,0.453,16,10,83.83,24.81,1,0,0,0,0,1,0,-9.61,-3.6,1.773,0,-2.273,0,0,9.07
24003,0,0,0,3,97,46,0,0,0,0.0,6.922,0.853,16,7,86.38,30.08,1,0,0,0,0,1,0,-6.18,-4.2,1.248,0,-1.673,0,0,7.97
24005,0,0,0,5,125,82,0,0,0,2.0,17.576,0.782,15,8,85.21,27.11,3,1,1,0,0,1,0,-2.21,-1.4,1.488,0,-1.767,0,0,6.34
24009,0,0,0,2,60,15,0,0,0,0.0,0.813,0.876,16,7,85.58,30.1,2,0,0,1,0,1,0,-9.17,-0.6,1.175,0,-1.053,0,0,5.75
24011,0,0,0,2,35,4,0,0,0,1.0,0.05,0.729,19,8,86.72,28.75,1,0,0,0,0,1,0,2.19,-0.2,0.283,0,-1.487,0,0,-1.81
24013,0,0,0,4,78,28,0,0,0,2.0,38.406,0.788,15,8,84.04,25.96,2,1,0,0,0,1,0,-5.52,-2.2,1.523,0,-2.04,0,0,18.6
24015,0,0,0,4,75,19,0,0,0,0.0,2.232,0.486,11,8,84.24,27.91,1,0,0,0,0,1,0,-0.77,1.0,0.49,0,-1.707,0,0,-0.05
24017,0,0,0,3,88,28,0,0,0,0.0,8.678,1.069,19,6,86.58,30.31,1,0,0,0,0,1,0,-12.58,-2.8,0.955,0,-0.62,0,0,-2.53
24019,0,0,0,2,38,7,0,0,0,0.0,0.45,0.92,18,7,86.77,30.22,1,0,0,1,0,0,0,-2.2,1.0,0.758,0,-1.487,0,0,2.66
24021,0,0,0,4,105,56,0,0,0,1.0,46.73,0.664,15,8,84.3,26.73,2,1,0,0,0,1,0,-4.17,-6.6,1.512,0,-2.053,0,0,33.53
24023,0,0,0,0,36,10,0,0,0,0.0,0.502,0.84,23,9,77.82,21.69,1,0,0,0,0,1,0,-5.69,-1.6,1.843,0,-2.633,0,0,7.87
24025,0,0,0,1,113,42,0,0,0,2.0,4.364,0.439,14,8,84.64,27.23,1,0,0,0,0,1,0,-3.16,-1.2,1.085,0,-1.62,0,0,2.87
24027,0,0,0,7,71,33,0,0,0,4.0,34.63,0.819,16,8,84.85,27.37,4,1,2,0,0,1,0,-5.36,-1.4,1.422,0,-1.633,0,0,13.53
24029,0,0,0,0,50,5,0,0,0,0.0,0.001,0.51,16,8,85.69,28.63,1,0,0,0,0,1,0,4.16,-0.6,0.923,0,-1.773,0,0,0.2
24031,0,0,0,4,131,85,0,0,0,5.0,22.816,0.768,15,7,84.68,28.37,1,0,0,0,0,1,0,-7.17,-4.6,1.473,0,-1.647,0,0,14.65
24033,0,0,0,2,101,69,0,0,0,0.0,4.002,0.838,15,5,86.1,29.36,1,0,0,0,0,1,0,-11.76,-4.4,1.207,0,-1.22,0,0,3.36
24035,0,0,0,2,61,15,0,0,0,0.0,1.134,0.604,16,8,86.05,28.88,1,0,0,0,0,1,0,1.28,-1.4,0.862,0,-1.98,0,0,0.71
24037,0,0,0,6,67,42,0,0,0,0.0,6.073,0.839,18,7,85.84,30.32,1,0,0,1,0,0,0,-5.65,-3.0,1.178,0,-0.82,0,0,4.49
24039,0,0,0,1,18,10,0,0,0,0.0,0.805,1.147,22,5,86.37,31.51,0,0,0,0,0,0,0,2.45,-1.0,0.427,0,-1.153,0,0,2.87
24041,0,0,0,0,47,7,0,0,0,0.0,0.037,0.589,17,10,86.25,29.94,0,0,0,0,0,0,0,-2.3,-0.8,0.645,0,-2.273,0,0,-0.27
24043,0,0,0,0,78,27,0,0,0,0.0,5.703,0.601,16,10,84.89,25.84,2,1,0,0,0,1,0,-2.08,-2.0,1.363,0,-1.927,0,0,21.13
24045,0,0,0,2,36,11,0,0,0,0.0,1.246,1.141,21,6,86.87,30.25,0,0,0,0,0,0,0,3.74,2.0,0.188,0,-1.373,0,0,2.74
24047,0,0,0,2,27,11,0,0,0,0.0,1.101,1.15,20,5,85.4,31.72,1,0,0,0,0,1,0,6.87,1.4,0.055,0,-1.34,0,0,0.22
24510,0,0,0,1,22,18,0,0,0,2.0,3.697,0.945,19,8,87.07,29.45,1,0,0,0,0,1,0,-3.2,0.0,1.485,0,-1.687,0,0,6.18
24511,0,0,0,0,0,0,0,0,0,0,0,0.808,15,5,86.32,29.69,0,0,0,0,0,0,0,-13.54,0,1.298,0,-1.3,0,0,
25001,0,0,0,4,30,22,0,0,0,0.0,9.18,1.053,21,9,77.53,27.91,3,2,0,1,0,0,0,4.51,0.2,-0.222,0,-1.893,0,0,-14.82
25003,0,0,0,2,76,21,0,0,0,2.0,2.56,0.856,23,6,78.04,17.44,1,0,0,1,0,0,0,7.87,-0.8,1.438,0,-4.847,0,0,-8.75
25005,0,0,0,3,42,44,0,0,0,0.0,1.34,0.916,18,8,81.04,24.81,4,2,0,1,0,1,0,21.65,3.2,0.4,0,-2.573,0,0,-14.56
25007,0,0,0,0,4,4,0,0,0,0.0,0.028,0.866,20,10,78.15,27.84,2,1,0,1,0,0,0,11.43,-0.2,-0.212,0,-1.84,0,0,3.21
25009,0,0,0,0,49,40,0,0,0,2.0,1.858,0.748,19,9,79.55,21.83,4,2,0,1,0,1,0,9.34,-2.2,0.695,0,-2.533,0,0,-18.95
25011,0,0,0,1,64,16,0,0,0,0.0,2.297,1.093,20,6,80.49,18.56,1,0,0,1,0,0,0,8.57,0.6,1.383,0,-4.607,0,0,-14.37
25013,0,0,0,1,74,35,0,0,0,0.0,1.877,0.794,18,7,81.08,20.03,1,0,0,1,0,0,0,15.6,-1.0,1.075,0,-3.993,0,0,-12.95
25015,0,0,0,1,67,17,0,0,0,0.0,2.34,0.796,17,8,80.69,19.19,1,0,0,1,0,0,0,10.93,3.0,1.317,0,-4.327,0,0,-12.79
25017,0,0,0,2,71,59,0,0,0,0.0,5.632,1.052,22,7,82.29,20.97,3,1,0,1,0,1,0,11.93,0.6,0.688,0,-3.007,0,0,-14.95
25019,0,0,0,0,4,4,0,0,0,0.0,0.015,1.178,22,8,74.76,29.81,3,2,0,1,0,0,0,-12.45,-0.2,-0.47,0,-1.393,0,0,17.69
25021,0,0,0,4,50,39,0,0,0,0.0,30.849,1.148,24,6,82.27,22.93,5,2,0,1,0,2,0,14.79,-0.8,0.547,0,-2.78,0,0,-14.27
25023,0,0,0,1,38,29,0,0,0,0.0,1.041,1.106,23,7,81.08,24.89,4,2,0,1,0,1,0,12.17,0.6,0.735,0,-2.78,0,0,-13.01
25025,0,0,0,1,28,29,0,0,0,0.0,4.708,1.176,26,8,81.75,24.0,4,1,0,1,0,2,0,11.19,-1.2,0.47,0,-2.753,0,0,-14.38
25027,0,0,0,8,91,54,0,0,0,0.0,8.474,1.122,21,5,80.46,20.09,3,1,0,1,0,1,0,10.9,-0.6,1.203,0,-3.693,0,0,-13.59
26001,0,0,0,0,10,1,0,0,0,0.0,0.079,0.529,15,8,78.02,15.69,0,0,0,0,0,0,0,10.06,0,1.963,0,-6.76,0,0,-4.67
26003,0,0,0,0,14,3,0,0,0,0.0,1.181,-0.216,10,11,74.08,11.5,0,0,0,0,0,0,0,-8.76,-0.6,2.432,0,-7.367,0,0,10.35
26005,0,0,0,4,25,0,0,0,0,0.0,6.989,0.336,11,9,80.81,21.3,0,0,0,0,0,0,0,2.91,0,2.253,0,-5.3,0,0,-7.67
26007,0,0,0,0,10,0,0,0,0,0.0,0.157,0.658,18,7,78.36,15.64,0,0,0,0,0,0,0,9.15,0,2.255,0,-7.127,0,0,-5.35
26009,0,0,0,3,11,1,0,0,0,0.0,2.45,0.513,15,8,78.1,17.02,0,0,0,0,0,0,0,1.63,0.8,2.8,0,-6.907,0,0,-3.3
26011,0,0,0,1,15,1,0,0,0,0.0,4.734,0.638,12,6,79.27,18.31,1,0,0,0,0,0,0,-2.41,-0.2,1.963,0,-6.587,0,0,-11.82
26013,0,0,0,0,19,4,0,0,0,0.0,11.371,-0.051,11,10,74.37,7.99,0,0,0,0,0,0,0,-15.96,-0.8,3.177,0,-9.147,0,0,2.13
26015,0,0,0,2,15,0,0,0,0,0.0,2.138,0.55,9,8,80.79,20.26,0,0,0,0,0,0,0,5.08,0,2.338,0,-5.487,0,0,-11.41
26017,0,0,0,1,30,5,0,0,0,0.0,26.185,0.788,12,6,80.11,19.93,1,1,0,0,0,0,0,-3.59,-0.4,2.035,0,-6.327,0,0,-13.86
26019,0,0,0,0,9,0,0,0,0,0.0,0.051,0.563,11,9,77.57,17.84,0,0,0,0,0,0,0,-10.01,0,2.532,0,-6.38,0,0,-2.91
26021,0,0,0,1,39,8,0,0,0,0.0,9.862,0.383,12,9,80.93,21.72,0,0,0,0,0,0,0,10.91,-1.2,2.47,0,-4.78,0,0,-6.46
26023,0,0,0,1,22,0,0,0,0,0.0,0.121,0.505,16,9,81.23,19.89,0,0,0,0,0,0,0,6.76,0,2.393,0,-4.687,0,0,-6.06
26025,0,0,0,0,29,0,0,0,0,0.0,8.059,0.707,16,8,80.85,20.37,0,0,0,0,0,0,0,13.59,0,2.415,0,-5.34,0,0,-13.19
26027,0,0,0,2,33,6,0,0,0,1.0,0.803,0.487,15,8,81.24,20.66,0,0,0,0,0,0,0,12.07,0.8,2.45,0,-4.613,0,0,-5.95
26029,0,0,0,0,11,0,0,0,0,0.0,0.073,0.382,13,8,77.62,16.87,0,0,0,0,0,0,0,0.59,0,2.823,0,-6.867,0,0,-4.91
26031,0,0,0,1,11,0,0,0,0,0.0,0.288,0.311,12,9,77.51,14.75,0,0,0,0,0,0,0,1.47,1.0,2.957,0,-7.287,0,0,-6.48
26033,0,0,0,1,16,1,0,0,0,0.0,0.132,0.181,14,10,74.72,11.51,0,0,0,0,0,0,0,-9.64,-0.2,2.348,0,-7.807,0,0,14.14
26035,0,0,0,1,13,0,0,0,0,0.0,0.719,0.599,14,5,79.9,16.37,0,0,0,0,0,0,0,-8.87,0,2.2,0,-6.893,0,0,-3.77
26037,0,0,0,2,19,1,0,0,0,0.0,5.546,0.776,19,7,81.37,19.89,0,0,0,0,0,0,0,-1.61,-0.2,1.703,0,-5.94,0,0,-12.72
26039,0,0,0,1,16,0,0,0,0,0.0,1.393,0.477,13,8,78.41,14.59,0,0,0,0,0,0,0,5.83,0,2.558,0,-7.407,0,0,1.71
26041,0,0,0,1,26,4,0,0,0,0.0,0.61,-0.189,8,11,75.86,11.97,0,0,0,0,0,0,0,-8.94,-0.6,2.05,0,-7.633,0,0,8.84
26043,0,0,0,0,31,6,0,0,0,0.0,0.542,0.165,11,7,77.61,7.71,0,0,0,0,0,0,0,-12.2,-0.6,2.978,0,-9.807,0,0,12.39
26045,0,0,0,0,14,1,0,0,0,0.0,5.935,0.732,16,9,80.91,20.07,0,0,0,0,0,0,0,8.02,-0.2,1.993,0,-5.493,0,0,-13.61
26047,0,0,0,0,9,2,0,0,0,0.0,0.305,0.43,11,9,75.72,15.99,0,0,0,0,0,0,0,-4.77,-0.4,2.693,0,-6.973,0,0,-5.34
26049,0,0,0,3,42,7,0,0,0,0.0,21.418,0.959,19,8,81.42,19.77,1,0,0,0,0,0,0,14.31,1.8,1.84,0,-6.587,0,0,-14.71
26051,0,0,0,0,19,5,0,0,0,0.0,17.956,0.661,15,5,80.23,17.52,3,1,0,0,0,0,0,-7.93,-0.6,2.167,0,-6.84,0,0,-9.69
26053,0,0,0,1,24,7,0,0,0,0.0,26.785,-0.191,7,8,75.13,6.33,1,0,1,0,0,0,0,-16.08,-0.6,3.08,0,-10.873,0,0,63.61
26055,0,0,0,0,26,9,0,0,0,0.0,13.652,0.738,15,8,78.83,17.52,0,0,0,0,0,0,0,-5.96,0.8,2.585,0,-6.667,0,0,-2.74
26057,0,0,0,0,14,1,0,0,0,0.0,0.713,0.691,17,7,81.28,19.54,0,0,0,0,0,0,0,-12.0,-0.2,1.692,0,-6.287,0,0,-9.91
26059,0,0,0,2,31,0,0,0,0,0.0,0.129,0.566,17,10,80.72,19.86,0,0,0,0,0,0,0,-6.01,0,2.392,0,-4.913,0,0,-5.72
26061,0,0,0,0,26,13,0,0,0,1.0,119.805,0.258,11,8,75.58,9.41,1,0,1,0,0,0,0,-12.55,-1.0,3.123,0,-9.247,0,0,14.09
26063,0,0,0,4,25,2,0,0,0,0.0,2.225,0.836,17,7,78.17,19.58,0,0,0,0,0,0,0,2.73,-0.4,1.84,0,-6.38,0,0,-26.21
26065,0,0,0,1,24,0,0,0,0,4.0,110.459,0.795,17,8,80.99,19.74,0,0,0,0,0,0,0,12.11,0,1.635,0,-5.58,0,0,-14.27
26067,0,0,0,5,25,2,0,0,0,0.0,16.311,0.649,15,7,81.11,19.54,1,1,0,0,0,0,0,-6.64,-0.4,2.137,0,-5.733,0,0,-5.85
26069,0,0,0,1,11,1,0,0,0,0.0,1.432,0.547,14,6,78.67,16.96,1,0,0,0,0,0,0,5.53,-0.2,1.88,0,-6.62,0,0,-7.88
26071,0,0,0,2,17,6,0,0,0,0.0,4.675,-0.014,10,9,75.89,5.38,0,0,0,0,0,0,0,-18.66,-0.8,3.117,0,-10.873,0,0,17.5
26073,0,0,0,0,22,4,0,0,0,0.0,92.061,0.664,16,7,81.0,18.17,1,1,0,0,0,0,0,-20.49,-0.6,1.75,0,-6.26,0,0,-6.73
26075,0,0,0,2,22,0,0,0,0,0.0,0.853,0.664,18,10,80.75,19.95,0,0,0,0,0,0,0,13.98,0,1.943,0,-5.307,0,0,-13.22
26077,0,0,0,0,34,1,0,0,0,0.0,5.365,0.621,11,5,81.07,20.99,0,0,0,0,0,0,0,18.12,-0.2,2.528,0,-5.38,0,0,-7.99
26079,0,0,0,1,12,0,0,0,0,0.0,0.752,0.539,15,7,78.73,15.66,0,0,0,0,0,0,0,3.27,0,2.65,0,-6.94,0,0,4.07
26081,0,0,0,8,44,2,0,0,0,4.0,40.127,0.475,13,9,81.07,19.51,0,0,0,0,0,0,0,-7.88,-0.4,2.325,0,-5.673,0,0,-7.84
26083,0,0,0,0,5,1,0,0,0,0.0,1.011,0.346,14,8,73.03,10.76,0,0,0,0,0,0,0,-13.23,-0.2,2.62,0,-9.073,0,0,3.43
26085,0,0,0,1,12,1,0,0,0,0.0,1.539,0.326,12,9,79.52,17.19,0,0,0,0,0,0,0,-6.29,-0.2,2.443,0,-6.227,0,0,9.99
26087,0,0,0,0,37,2,0,0,0,1.0,0.253,0.811,18,7,80.73,19.63,0,0,0,0,0,0,0,19.36,-0.2,1.862,0,-6.4,0,0,-16.58
26089,0,0,0,0,13,2,0,0,0,0.0,27.207,0.621,13,9,76.61,18.69,0,0,0,0,0,0,0,-5.68,0.8,2.398,0,-6.34,0,0,-6.54
26091,0,0,0,1,47,2,0,0,0,0.0,0.462,0.71,19,11,81.92,20.57,0,0,0,0,0,0,0,-6.24,-0.2,2.317,0,-5.553,0,0,-14.21
26093,0,0,0,2,50,4,0,0,0,0.0,3.507,0.821,18,9,81.07,19.13,0,0,0,0,0,0,0,12.92,-0.6,1.655,0,-5.727,0,0,-15.16
26095,0,0,0,1,4,1,0,0,0,0.0,1.012,-0.155,9,11,74.13,11.0,0,0,0,0,0,0,0,-6.7,-0.2,2.183,0,-7.607,0,0,14.41
26097,0,0,0,0,6,0,0,0,0,0.0,0.025,0.056,11,9,74.15,12.84,0,0,0,0,0,0,0,-9.19,0,2.158,0,-7.413,0,0,21.5
26099,0,0,0,2,56,17,0,0,0,0.0,313.187,0.858,19,7,81.32,22.02,2,1,1,0,0,0,0,15.55,-1.4,2.007,0,-5.78,0,0,-14.61
26101,0,0,0,0,11,1,0,0,0,1.0,3.546,0.258,11,9,78.0,17.9,0,0,0,0,0,0,0,-9.72,0.8,2.532,0,-6.133,0,0,36.32
26103,0,0,0,2,44,14,0,0,0,1.0,12.592,-0.096,10,10,75.14,8.7,0,0,0,0,0,0,0,-16.95,-2.0,2.832,0,-8.56,0,0,4.25
26105,0,0,0,0,16,1,0,0,0,0.0,1.806,0.213,10,8,78.16,18.79,0,0,0,0,0,0,0,-6.11,-0.2,2.507,0,-6.08,0,0,42.97
26107,0,0,0,2,13,2,0,0,0,0.0,3.998,0.502,13,6,80.14,17.1,0,0,0,0,0,0,0,-12.06,-0.4,2.2,0,-6.133,0,0,-3.98
26109,0,0,0,1,32,4,0,0,0,0.0,1.835,0.063,9,9,78.1,10.81,1,0,1,0,0,0,0,-9.49,-0.6,2.823,0,-8.92,0,0,0.3
26111,0,0,0,0,24,8,0,0,0,0.0,336.576,0.756,14,7,81.07,19.35,3,1,0,0,0,0,0,-12.7,-0.8,1.882,0,-6.34,0,0,-12.07
26113,0,0,0,0,13,0,0,0,0,0.0,0.204,0.516,14,6,79.15,15.36,0,0,0,0,0,0,0,0.3,0,2.502,0,-7.22,0,0,7.48
26115,0,0,0,5,44,4,0,0,0,0.0,7.195,0.923,21,10,82.98,22.24,0,0,0,0,0,0,0,5.35,0.6,1.665,0,-5.027,0,0,-16.26
26117,0,0,0,0,24,1,0,0,0,0.0,0.761,0.68,14,7,80.87,18.26,0,0,0,0,0,0,0,-17.72,-0.2,2.15,0,-6.207,0,0,-5.12
26119,0,0,0,0,6,1,0,0,0,0.0,0.087,0.415,15,10,78.54,14.53,0,0,0,0,0,0,0,10.56,-0.2,2.863,0,-7.773,0,0,-5.68
26121,0,0,0,0,24,1,0,0,0,0.0,7.962,0.551,13,10,80.59,20.4,0,0,0,0,0,0,0,-4.56,-0.2,2.413,0,-5.86,0,0,-6.57
26123,0,0,0,0,26,4,0,0,0,0.0,6.649,0.482,12,7,80.41,18.16,0,0,0,0,0,0,0,-5.76,-0.6,2.347,0,-5.96,0,0,-0.97
26125,0,0,0,4,66,12,0,0,0,0.0,450.351,0.886,17,6,81.09,19.88,2,1,1,0,0,0,0,18.38,-1.6,1.887,0,-5.913,0,0,-15.71
26127,0,0,0,0,15,0,0,0,0,0.0,0.263,0.499,11,6,79.33,19.43,0,0,0,0,0,0,0,-0.58,0,2.332,0,-6.093,0,0,1.94
26129,0,0,0,3,16,1,0,0,0,1.0,33.365,0.584,15,5,79.21,15.68,0,0,0,0,0,0,0,-1.07,-0.2,2.152,0,-6.98,0,0,-5.52
26131,0,0,0,0,17,3,0,0,0,0.0,8.177,0.006,8,9,75.87,8.12,0,0,0,0,0,0,0,-20.62,0.4,3.213,0,-10.26,0,0,61.73
26133,0,0,0,0,12,1,0,0,0,0.0,3.358,0.463,14,6,79.32,15.86,0,0,0,0,0,0,0,-4.85,0,2.35,0,-6.653,0,0,2.43
26135,0,0,0,0,10,0,0,0,0,0.0,0.045,0.567,14,6,78.62,14.69,0,0,0,0,0,0,0,4.33,0,2.378,0,-7.327,0,0,-3.88
26137,0,0,0,2,15,0,0,0,0,2.0,52.028,0.372,13,10,77.48,14.22,0,0,0,0,0,0,0,8.11,1.0,3.182,0,-7.727,0,0,-3.42
26139,0,0,0,2,30,1,0,0,0,1.0,6.502,0.371,12,9,80.86,20.95,0,0,0,0,0,0,0,-4.52,-0.2,2.39,0,-5.68,0,0,-9.54
26141,0,0,0,0,6,0,0,0,0,1.0,0.126,0.335,15,9,77.59,15.19,0,0,0,0,0,0,0,5.37,0,2.812,0,-7.52,0,0,-5.84
26143,0,0,0,1,24,2,0,0,0,0.0,0.552,0.591,15,6,79.19,15.35,0,0,0,0,0,0,0,-1.12,-0.2,2.352,0,-7.233,0,0,1.63
26145,0,0,0,2,39,5,0,0,0,0.0,10.737,0.809,16,7,81.38,19.91,1,0,0,0,0,0,0,3.75,-0.4,1.9,0,-6.273,0,0,-13.1
26147,0,0,0,3,52,9,0,0,0,0.0,12.747,0.883,20,7,80.36,21.74,0,0,0,0,0,0,0,14.15,-1.8,1.79,0,-5.607,0,0,-15.09
26149,0,0,0,2,39,2,0,0,0,0.0,0.887,0.426,13,8,81.37,20.59,0,0,0,0,0,0,0,16.35,0,2.432,0,-4.867,0,0,-5.06
26151,0,0,0,5,26,1,0,0,0,0.0,1.576,0.761,19,6,78.98,20.11,0,0,0,0,0,0,0,7.85,-0.2,1.843,0,-6.16,0,0,-19.58
26153,0,0,0,0,7,0,0,0,0,0.0,0.543,-0.264,6,11,75.06,11.96,0,0,0,0,0,0,0,-8.62,0,1.877,0,-7.26,0,0,22.06
26155,0,0,0,4,27,2,0,0,0,0.0,10.94,0.824,18,8,81.28,19.73,0,0,0,0,0,0,0,10.33,-0.2,1.662,0,-6.367,0,0,-14.51
26157,0,0,0,3,34,2,0,0,0,0.0,4.786,0.653,14,5,80.31,19.43,0,0,0,0,0,0,0,10.95,-0.4,1.932,0,-6.287,0,0,-17.1
26159,0,0,0,0,28,0,0,0,0,0.0,4.346,0.465,10,8,81.01,21.53,0,0,0,0,0,0,0,14.13,0,2.403,0,-4.833,0,0,-7.38
26161,0,0,0,1,60,6,0,0,0,1.0,9.098,0.722,18,10,81.44,19.64,1,1,0,0,0,0,0,9.97,0.4,1.718,0,-5.14,0,0,-15.99
26163,0,0,0,4,64,26,0,0,0,0.0,1311.995,0.874,19,8,82.29,21.93,2,1,1,0,0,0,0,5.55,-1.8,1.798,0,-5.167,0,0,-17.06
26165,0,0,0,0,13,1,0,0,0,0.0,0.193,0.527,15,6,78.82,15.99,0,0,0,0,0,0,0,-4.24,0,2.515,0,-6.707,0,0,4.13
27001,0,0,0,3,56,7,0,0,0,2.0,0.009,0.053,13,9,77.46,3.95,4,2,2,0,0,0,0,8.43,-0.6,3.558,0,-14.947,0,0,55.28
27003,0,0,0,2,31,3,0,0,0,0.0,1.812,0.243,14,9,80.68,8.73,0,0,0,0,0,0,0,29.31,0,3.833,0,-12.22,0,0,22.88
27005,0,0,0,3,63,2,0,0,0,0.0,1.665,0.277,17,9,78.28,1.98,0,0,0,0,0,0,0,17.68,-0.2,4.133,0,-15.827,0,0,-1.17
27007,0,0,0,11,68,2,0,0,0,0.0,2.504,0.354,13,10,77.2,0.52,3,0,3,0,0,0,0,7.13,-0.2,3.663,0,-15.34,0,0,60.51
27009,0,0,0,1,12,2,0,0,0,0.0,0.357,0.317,13,10,79.64,6.66,0,0,0,0,0,0,0,20.8,0,4.308,0,-13.62,0,0,51.5
27011,0,0,0,4,23,6,0,0,0,0.0,0.0,0.719,23,8,82.15,6.81,4,2,2,0,0,0,0,41.94,0.0,4.515,0,-12.513,0,0,-14.12
27013,0,0,0,4,43,8,0,0,0,1.0,3.903,0.389,14,8,81.13,10.17,4,0,4,0,0,0,0,27.95,0.6,4.36,0,-11.547,0,0,8.73
27015,0,0,0,5,27,5,0,0,0,0.0,1.594,0.621,16,9,81.72,9.72,3,0,3,0,0,0,0,26.74,-0.4,4.392,0,-11.293,0,0,-2.77
27017,0,0,0,1,35,6,0,0,0,0.0,0.02,-0.188,8,10,76.21,3.61,2,0,2,0,0,0,0,12.59,0.6,3.927,0,-14.827,0,0,22.85
27019,0,0,0,5,28,4,0,0,0,0.0,10.668,0.377,16,10,81.11,9.25,1,0,1,0,0,0,0,21.33,-0.2,4.128,0,-11.74,0,0,3.02
27021,0,0,0,3,70,2,0,0,0,0.0,0.355,0.403,15,8,77.95,3.32,3,2,1,0,0,0,0,17.59,0.8,3.677,0,-14.767,0,0,60.49
27023,0,0,0,5,18,3,0,0,0,0.0,1.275,0.628,21,11,82.18,7.88,5,2,3,0,0,0,0,36.72,-0.4,4.55,0,-12.16,0,0,-5.63
27025,0,0,0,3,18,0,0,0,0,0.0,0.851,0.145,11,11,80.23,7.94,0,0,0,0,0,0,0,17.53,0,3.847,0,-13.66,0,0,13.03
27027,0,0,0,7,65,10,0,0,0,0.0,1.76,0.252,18,12,80.6,3.3,2,0,2,0,0,0,0,12.34,0.6,4.403,0,-15.527,0,0,-13.16
27029,0,0,0,1,38,3,0,0,0,0.0,0.574,0.199,14,11,77.26,0.94,2,0,2,0,0,0,0,7.97,-0.6,3.915,0,-15.44,0,0,34.71
27031,0,0,0,2,20,4,0,0,0,1.0,0.002,-0.193,10,12,71.62,1.16,1,0,1,0,0,0,0,4.8,0.6,2.93,0,-12.607,0,0,-8.53
27033,0,0,0,7,35,25,0,0,0,0.0,9.581,0.589,17,8,81.01,9.61,3,1,2,0,0,0,0,34.15,-1.4,4.723,0,-10.78,0,0,-0.76
27035,0,0,0,2,62,5,0,0,0,0.0,0.265,0.409,15,10,78.64,5.03,1,1,0,0,0,0,0,26.29,-0.6,3.803,0,-14.42,0,0,63.05
27037,0,0,0,7,57,7,0,0,0,0.0,3.092,0.479,14,10,81.29,10.44,0,0,0,0,0,0,0,24.94,-0.2,4.007,0,-11.84,0,0,5.45
27039,0,0,0,1,34,6,0,0,0,0.0,3.892,0.383,14,10,79.73,9.34,2,0,2,0,0,0,0,9.59,0.2,4.597,0,-11.487,0,0,53.39
27041,0,0,0,6,26,0,0,0,0,1.0,0.062,0.644,21,12,79.24,4.73,2,2,0,0,0,0,0,27.5,0,4.672,0,-13.84,0,0,7.51
27043,0,0,0,4,13,2,0,0,0,0.0,0.557,0.294,14,9,80.84,10.31,3,0,3,0,0,0,0,36.41,0,4.627,0,-10.953,0,0,34.19
27045,0,0,0,6,39,10,0,0,0,0.0,5.311,0.194,11,11,79.51,10.27,2,0,2,0,0,0,0,-7.05,0.2,4.183,0,-10.107,0,0,63.63
27047,0,0,0,7,34,4,0,0,0,0.0,1.988,0.432,13,8,80.09,10.21,3,0,3,0,0,0,0,20.35,0.8,4.567,0,-10.907,0,0,53.1
27049,0,0,0,4,36,3,0,0,0,1.0,5.663,0.374,13,9,80.43,9.7,2,0,2,0,0,0,0,16.8,-0.2,4.188,0,-12.08,0,0,29.99
27051,0,0,0,6,36,1,0,0,0,0.0,4.632,0.739,17,9,80.51,5.37,4,2,2,0,0,0,0,33.68,-0.2,4.538,0,-13.233,0,0,-12.04
27053,0,0,0,2,56,8,0,0,0,0.0,24.572,0.371,15,11,81.08,9.49,2,0,2,0,0,0,0,29.38,-0.4,4.023,0,-11.6,0,0,-2.12
27055,0,0,0,2,23,13,0,0,0,0.0,5.272,0.453,11,8,80.52,12.21,3,0,3,0,0,0,0,-6.53,0.4,3.658,0,-10.04,0,0,63.44
27057,0,0,0,3,56,1,0,0,0,0.0,0.674,0.455,17,10,77.86,1.98,0,0,0,0,0,0,0,13.25,0,3.848,0,-15.9,0,0,52.91
27059,0,0,0,1,18,1,0,0,0,0.0,0.456,0.309,16,10,80.4,7.25,0,0,0,0,0,0,0,15.73,-0.2,4.028,0,-13.427,0,0,42.73
27061,0,0,0,2,61,4,0,0,0,0.0,0.025,0.085,15,11,76.83,1.12,2,1,1,0,0,0,0,4.85,0.6,3.335,0,-14.727,0,0,46.11
27063,0,0,0,0,35,18,0,0,0,0.0,16.445,0.513,16,9,81.18,9.58,3,0,3,0,0,0,0,38.26,0.6,4.468,0,-10.067,0,0,-9.25
27065,0,0,0,1,21,3,0,0,0,0.0,0.386,0.344,15,10,79.27,6.17,2,1,1,0,0,0,0,9.97,0,4.123,0,-14.367,0,0,56.23
27067,0,0,0,9,35,1,0,0,0,1.0,2.941,0.381,20,13,80.76,7.14,2,2,0,0,0,0,0,29.99,0,4.297,0,-13.147,0,0,-1.51
27069,0,0,0,2,33,9,0,0,0,0.0,1.979,0.982,19,8,79.58,1.28,3,0,3,0,0,0,0,-4.49,-1.2,3.54,0,-14.6,0,0,57.51
27071,0,0,0,0,22,5,0,0,0,0.0,2.432,0.307,14,8,76.54,-0.52,3,0,3,0,0,0,0,14.06,-0.6,2.965,0,-15.06,0,0,25.62
27073,0,0,0,3,22,2,0,0,0,0.0,1.67,0.457,17,8,82.13,8.1,5,2,3,0,0,0,0,40.33,-0.4,4.59,0,-11.747,0,0,-9.81
27075,0,0,0,1,24,3,0,0,0,2.0,0.01,-0.127,10,13,74.39,0.58,2,0,2,0,0,0,0,8.8,0.8,2.703,0,-13.46,0,0,4.66
27077,0,0,0,3,29,0,0,0,0,0.0,0.01,0.545,14,12,77.56,-0.73,3,0,3,0,0,0,0,6.4,0,4.32,0,-16.147,0,0,51.99
27079,0,0,0,5,29,7,0,0,0,0.0,2.17,0.362,13,8,80.66,10.23,3,0,3,0,0,0,0,17.7,-0.6,4.263,0,-12.127,0,0,31.68
27081,0,0,0,1,26,20,0,0,0,0.0,26.16,0.479,15,8,80.18,8.78,2,1,1,0,0,0,0,12.8,-1.0,4.36,0,-10.24,0,0,16.39
27083,0,0,0,3,45,24,0,0,0,0.0,30.453,0.368,16,10,81.74,9.07,4,1,3,0,0,0,0,16.27,-1.2,4.553,0,-11.0,0,0,3.93
27085,0,0,0,5,46,2,0,0,0,0.0,0.849,0.462,17,9,81.14,8.61,2,0,2,0,0,0,0,24.44,-0.2,4.225,0,-12.56,0,0,9.74
27087,0,0,0,4,37,1,0,0,0,0.0,0.091,-0.013,17,11,78.24,0.94,3,0,3,0,0,0,0,14.27,-0.2,4.27,0,-15.487,0,0,-3.3
27089,0,0,0,5,50,8,0,0,0,0.0,0.893,0.314,17,9,79.09,0.61,4,0,4,0,0,0,0,3.67,1.0,3.382,0,-14.64,0,0,47.68
27091,0,0,0,3,24,1,0,0,0,0.0,1.68,0.314,12,9,81.12,10.18,3,0,3,0,0,0,0,41.65,0,4.815,0,-10.487,0,0,-1.0
27093,0,0,0,4,20,0,0,0,0,0.0,0.455,0.119,17,17,80.37,7.22,0,0,0,0,0,0,0,34.27,0,4.203,0,-13.627,0,0,6.99
27095,0,0,0,1,30,2,0,0,0,0.0,0.555,0.37,16,10,79.34,6.17,1,0,1,0,0,0,0,15.25,0,4.022,0,-14.16,0,0,54.52
27097,0,0,0,4,34,5,0,0,0,0.0,4.264,0.334,15,10,79.2,5.78,2,1,1,0,0,0,0,17.99,-0.8,4.222,0,-14.233,0,0,61.0
27099,0,0,0,2,38,22,0,0,0,0.0,3.852,0.521,14,9,79.69,10.13,1,0,1,0,0,0,0,6.58,-1.2,4.598,0,-10.607,0,0,66.63
27101,0,0,0,5,34,18,0,0,0,0.0,24.835,0.262,14,11,80.47,9.16,3,0,3,0,0,0,0,17.95,-0.4,4.602,0,-10.78,0,0,10.36
27103,0,0,0,4,20,8,0,0,0,0.0,0.89,0.531,12,7,81.2,10.23,3,0,3,0,0,0,0,18.78,-0.8,4.187,0,-11.96,0,0,1.84
27105,0,0,0,6,43,7,0,0,0,1.0,21.262,0.325,11,8,80.94,9.67,5,2,3,0,0,0,0,29.38,0.0,4.1,0,-9.54,0,0,-1.72
27107,0,0,0,11,39,7,0,0,0,0.0,1.998,-0.061,16,14,79.97,2.28,3,0,3,0,0,0,0,4.74,-1.2,4.248,0,-15.587,0,0,-16.13
27109,0,0,0,4,53,15,0,0,0,1.0,4.528,0.22,13,11,80.04,9.19,1,0,1,0,0,0,0,3.48,-0.6,4.502,0,-11.227,0,0,42.25
27111,0,0,0,9,83,10,0,0,0,1.0,6.473,0.55,20,11,78.92,3.84,0,0,0,0,0,0,0,17.51,-0.4,4.317,0,-14.593,0,0,2.71
27113,0,0,0,4,25,3,0,0,0,0.0,10.322,0.029,17,13,78.41,0.24,2,0,2,0,0,0,0,12.31,-0.4,3.757,0,-14.82,0,0,16.24
27115,0,0,0,2,43,6,0,0,0,0.0,0.05,0.29,10,7,77.95,6.13,3,1,2,0,0,0,0,11.75,-0.4,3.903,0,-14.333,0,0,46.8
27117,0,0,0,4,25,37,0,0,0,0.0,15.257,0.546,15,8,80.44,9.21,3,0,3,0,0,0,0,16.5,-2.8,4.26,0,-9.647,0,0,42.29
27119,0,0,0,12,77,9,0,0,0,0.0,7.97,0.121,15,11,79.37,1.34,3,0,3,0,0,0,0,6.92,1.0,4.152,0,-14.947,0,0,-3.3
27121,0,0,0,6,25,1,0,0,0,0.0,0.862,0.6,20,11,80.25,5.84,3,2,1,0,0,0,0,33.13,-0.2,4.69,0,-13.453,0,0,-6.8
27123,0,0,0,2,29,3,0,0,0,0.0,3.458,0.27,14,9,80.8,10.18,2,0,2,0,0,0,0,43.08,0.8,3.857,0,-11.407,0,0,8.38
27125,0,0,0,3,24,1,0,0,0,0.0,0.25,0.008,17,11,78.72,0.5,2,0,2,0,0,0,0,15.22,-0.2,4.078,0,-15.027,0,0,2.16
27127,0,0,0,1,26,6,0,0,0,1.0,2.25,0.481,16,9,81.95,9.36,4,1,3,0,0,0,0,19.89,-0.6,4.812,0,-11.3,0,0,-3.0
27129,0,0,0,2,30,8,0,0,0,1.0,4.213,0.61,19,11,81.64,8.81,6,2,4,0,0,0,0,18.18,-0.8,4.578,0,-11.867,0,0,-1.69
27131,0,0,0,5,30,5,0,0,0,0.0,13.575,0.406,14,8,80.55,9.93,2,0,2,0,0,0,0,22.48,-0.4,4.452,0,-11.947,0,0,49.8
27133,0,0,0,2,29,27,0,0,0,0.0,13.363,0.538,11,8,81.62,10.45,4,1,3,0,0,0,0,37.09,-2.2,3.807,0,-9.033,0,0,36.69
27135,0,0,0,3,35,2,0,0,0,0.0,10.915,0.504,17,9,78.27,-0.11,4,0,4,0,0,0,0,0.62,-0.4,3.452,0,-14.713,0,0,56.7
27137,0,0,0,4,97,16,0,0,0,2.0,2.482,-0.03,14,13,76.36,0.05,4,0,4,0,0,0,0,15.11,2.8,3.343,0,-15.5,0,0,8.69
27139,0,0,0,4,42,5,0,0,0,0.0,9.541,0.46,16,9,81.37,10.16,2,0,2,0,0,0,0,21.96,-0.2,4.115,0,-11.8,0,0,5.76
27141,0,0,0,1,32,0,0,0,0,0.0,0.028,0.244,15,9,80.08,7.58,0,0,0,0,0,0,0,18.48,0,4.277,0,-13.18,0,0,32.79
27143,0,0,0,5,24,5,0,0,0,1.0,5.898,0.637,14,7,81.43,9.61,3,0,3,0,0,0,0,15.18,1.4,4.245,0,-11.947,0,0,5.36
27145,0,0,0,8,51,5,0,0,0,0.0,2.258,0.272,17,10,79.61,6.25,1,1,0,0,0,0,0,14.83,-0.4,4.293,0,-13.647,0,0,29.36
27147,0,0,0,6,32,5,0,0,0,0.0,2.506,0.433,14,7,80.07,9.89,3,0,3,0,0,0,0,15.99,0.6,4.675,0,-11.64,0,0,53.53
27149,0,0,0,2,20,1,0,0,0,0.0,6.352,0.742,19,9,81.29,6.09,4,2,2,0,0,0,0,41.9,-0.2,4.898,0,-13.073,0,0,-21.1
27151,0,0,0,7,25,0,0,0,0,0.0,2.887,0.671,21,11,81.82,6.94,4,2,2,0,0,0,0,42.4,0,4.578,0,-12.72,0,0,-10.4
27153,0,0,0,6,26,1,0,0,0,0.0,1.135,0.517,19,11,78.72,4.82,3,2,1,0,0,0,0,15.37,1.0,4.657,0,-14.533,0,0,62.22
27155,0,0,0,5,26,13,0,0,0,0.0,0.0,0.754,18,7,81.5,6.29,4,2,2,0,0,0,0,36.89,-2.6,4.222,0,-12.687,0,0,-13.49
27157,0,0,0,6,32,32,0,0,0,0.0,1.613,0.345,13,11,80.89,9.51,2,0,2,0,0,0,0,4.96,0.2,4.195,0,-12.013,0,0,23.09
27159,0,0,0,5,40,4,0,0,0,0.0,1.312,0.57,19,8,78.58,3.67,3,2,1,0,0,0,0,22.01,0,4.202,0,-15.387,0,0,53.91
27161,0,0,0,2,34,6,0,0,0,0.0,0.535,0.279,13,9,80.41,9.74,3,0,3,0,0,0,0,20.39,0.6,4.638,0,-11.867,0,0,40.66
27163,0,0,0,4,31,3,0,0,0,0.0,2.316,0.204,11,9,80.49,9.92,1,0,1,0,0,0,0,32.64,0,3.715,0,-11.927,0,0,-0.54
27165,0,0,0,3,18,3,0,0,0,0.0,0.785,0.589,15,9,81.56,9.93,3,0,3,0,0,0,0,34.37,0.8,4.185,0,-10.913,0,0,-0.23
27167,0,0,0,5,36,7,0,0,0,0.0,0.707,0.551,17,10,81.04,4.74,3,1,2,0,0,0,0,20.73,-0.8,4.327,0,-13.94,0,0,-8.52
27169,0,0,0,7,44,39,0,0,0,1.0,9.835,0.417,11,9,80.23,11.06,1,0,1,0,0,0,0,2.02,0.2,3.89,0,-11.1,0,0,21.95
27171,0,0,0,3,50,4,0,0,0,0.0,2.068,0.255,14,12,80.51,7.98,1,0,1,0,0,0,0,12.23,-0.2,4.293,0,-12.76,0,0,10.62
27173,0,0,0,3,18,2,0,0,0,0.0,5.851,0.492,16,7,82.05,8.82,4,2,2,0,0,0,0,21.38,-0.2,4.478,0,-11.033,0,0,-5.49
28001,0,0,0,3,47,13,0,0,0,0.0,2.44,0.596,17,11,91.17,40.84,8,2,0,5,0,1,0,-12.79,-1.2,1.583,0,2.473,0,0,41.37
28003,0,0,0,3,30,7,0,0,0,0.0,0.638,0.478,16,10,88.63,33.11,4,2,0,2,0,0,0,-21.03,-1.2,1.213,0,1.213,0,0,33.02
28005,0,0,0,5,20,4,0,0,0,1.0,1.265,1.095,16,7,91.13,41.5,7,2,0,5,0,0,0,-21.38,-0.4,1.035,0,2.933,0,0,37.46
28007,0,0,0,11,70,9,0,0,0,0.0,3.027,0.788,19,12,90.24,36.99,5,2,0,2,0,1,0,-25.85,-0.8,1.303,0,2.467,0,0,37.5
28009,0,0,0,2,13,1,0,0,0,6.0,2.095,0.586,17,11,88.92,33.68,3,1,0,2,0,0,0,-14.89,0,0.808,0,1.107,0,0,30.14
28011,0,0,0,5,56,16,0,0,0,0.0,10.56,0.423,13,10,89.61,37.14,5,2,1,2,0,0,0,-22.18,-1.8,1.838,0,0.92,0,0,32.17
28013,0,0,0,7,21,10,0,0,0,0.0,1.813,0.872,19,11,90.25,35.7,5,3,0,2,0,0,0,-24.28,-0.4,0.7,0,1.78,0,0,48.86
28015,0,0,0,5,47,10,0,0,0,4.0,11.877,1.054,22,9,90.63,37.57,7,5,0,2,0,0,0,-30.73,-1.4,1.325,0,1.967,0,0,43.94
28017,0,0,0,5,31,8,0,0,0,2.0,0.791,1.046,19,9,90.17,36.22,7,5,0,2,0,0,0,-26.21,-1.4,0.643,0,1.88,0,0,33.62
28019,0,0,0,7,37,10,0,0,0,0.0,1.983,0.847,15,10,90.09,36.43,6,3,0,2,0,1,0,-27.7,-1.8,0.992,0,1.973,0,0,40.66
28021,0,0,0,7,51,5,0,0,0,1.0,2.82,0.929,21,9,91.29,40.62,9,4,1,3,0,1,0,-8.95,1.6,1.952,0,2.62,0,0,38.36
28023,0,0,0,13,67,20,0,0,0,1.0,5.215,1.274,19,5,90.81,39.83,7,3,1,3,0,0,0,-26.39,-0.8,1.12,0,3.74,0,0,37.28
28025,0,0,0,2,37,11,0,0,0,0.0,0.786,1.169,19,9,90.8,37.07,9,6,0,2,0,1,0,-30.57,-2.2,0.903,0,1.747,0,0,38.07
28027,0,0,0,1,19,3,0,0,0,3.0,2.493,0.49,13,10,89.83,36.39,6,3,1,2,0,0,0,-28.59,-0.2,1.897,0,0.6,0,0,45.44
28029,0,0,0,10,96,8,0,0,0,0.0,8.434,1.037,17,8,90.94,40.63,6,2,0,3,0,1,0,-8.74,2.6,1.955,0,2.693,0,0,43.45
28031,0,0,0,14,54,18,0,0,0,0.0,47.765,1.132,19,7,91.39,40.01,11,5,1,4,0,1,0,-27.17,-2.4,1.513,0,2.04,0,0,41.55
28033,0,0,0,3,48,20,0,0,0,0.0,8.607,0.312,14,11,89.73,35.14,3,1,0,2,0,0,0,-32.06,-0.2,1.118,0,0.54,0,0,39.68
28035,0,0,0,9,67,47,0,0,0,4.0,17.404,1.03,19,8,91.28,41.44,9,1,1,6,0,0,1,-22.63,-4.4,0.95,0,2.307,0,0,35.84
28037,0,0,0,6,42,11,0,0,0,0.0,1.942,0.883,18,8,90.86,40.86,7,1,0,5,0,1,0,-15.77,0.0,1.243,0,2.787,0,0,41.64
28039,0,0,0,3,21,7,0,0,0,3.0,2.359,0.933,21,6,91.19,42.15,11,1,1,9,0,0,0,-14.39,-0.8,1.18,0,2.4,0,0,32.32
28041,0,0,0,5,24,5,0,0,0,0.0,0.903,0.944,17,7,91.19,41.4,10,2,1,7,0,0,0,-19.12,-0.6,0.733,0,3.233,0,0,35.81
28043,0,0,0,0,52,17,0,0,0,0.0,3.22,0.866,20,9,90.72,36.55,6,3,0,2,0,1,0,-27.21,-0.8,1.127,0,1.847,0,0,53.58
28045,0,0,0,8,17,7,0,0,0,0.0,0.504,0.953,20,8,90.19,44.45,9,0,0,9,0,0,0,-6.28,-0.4,1.215,0,2.147,0,0,28.68
28047,0,0,0,14,39,27,0,0,0,0.0,1.604,0.763,18,8,89.79,43.88,9,0,0,9,0,0,0,-10.65,-2.0,1.708,0,2.247,0,0,27.55
28049,0,0,0,21,140,53,0,0,0,0.0,33.459,1.127,21,9,91.08,40.28,6,1,0,3,0,1,0,-16.51,0.6,2.12,0,2.753,0,0,42.6
28051,0,0,0,9,56,6,0,0,0,1.0,7.859,1.118,26,10,90.82,38.73,9,5,1,2,0,1,0,-31.31,-1.0,1.588,0,2.313,0,0,36.5
28053,0,0,0,3,32,4,0,0,0,3.0,14.398,1.022,21,9,91.19,39.48,6,3,0,3,0,0,0,-33.63,-0.6,1.47,0,2.107,0,0,32.05
28055,0,0,0,4,18,1,0,0,0,0.0,0.21,0.793,16,10,91.08,39.81,6,2,1,3,0,0,0,-11.78,0,1.542,0,1.927,0,0,33.92
28057,0,0,0,6,45,3,0,0,0,1.0,4.739,0.95,15,7,89.48,35.4,8,6,0,2,0,0,0,-26.2,1.6,0.448,0,2.147,0,0,32.98
28059,0,0,0,13,29,11,0,0,0,1.0,1.696,0.978,23,6,90.62,43.86,10,1,0,9,0,0,0,-13.82,-1.2,1.288,0,2.267,0,0,22.96
28061,0,0,0,12,73,10,0,0,0,1.0,22.381,1.184,21,7,90.84,39.19,7,4,0,2,0,1,0,-27.69,1.8,1.27,0,2.813,0,0,38.61
28063,0,0,0,5,42,3,0,0,0,0.0,0.946,0.76,20,9,90.96,40.59,8,2,0,5,0,1,0,-10.01,0.8,1.737,0,2.62,0,0,37.26
28065,0,0,0,12,52,9,0,0,0,4.0,34.157,1.12,17,8,91.1,40.62,11,4,1,5,0,1,0,-24.52,-1.2,1.782,0,2.413,0,0,40.81
28067,0,0,0,16,116,42,0,0,0,6.0,40.465,1.012,20,8,91.42,40.05,11,5,1,5,0,0,0,-27.04,-2.2,0.938,0,2.567,0,0,40.79
28069,0,0,0,6,41,5,0,0,0,0.0,1.523,0.928,16,9,90.33,37.69,4,1,0,2,0,1,0,-21.02,-0.8,1.323,0,2.34,0,0,35.52
28071,0,0,0,3,39,8,0,0,0,0.0,1.272,0.666,17,12,89.72,34.65,5,2,0,2,0,1,0,-29.0,-1.2,1.138,0,1.28,0,0,51.42
28073,0,0,0,15,66,29,0,0,0,2.0,6.474,1.025,18,8,91.01,41.61,7,0,1,5,0,0,1,-24.49,-2.4,1.325,0,2.3,0,0,35.74
28075,0,0,0,15,76,30,0,0,0,0.0,10.179,1.304,17,5,90.69,38.81,4,0,0,2,0,1,1,-23.74,0.4,1.285,0,2.967,0,0,34.23
28077,0,0,0,6,53,9,0,0,0,2.0,10.899,1.101,17,8,91.43,40.95,10,3,1,5,0,1,0,-18.91,1.4,1.728,0,2.713,0,0,41.43
28079,0,0,0,20,79,11,0,0,0,1.0,8.693,0.839,20,11,90.2,37.42,8,4,1,2,0,1,0,-20.19,-1.2,2.038,0,2.527,0,0,39.3
28081,0,0,0,11,69,15,0,0,0,1.0,127.982,1.097,19,8,89.98,35.68,5,3,0,2,0,0,0,-27.1,-0.4,0.577,0,1.98,0,0,29.46
28083,0,0,0,0,27,10,0,0,0,0.0,3.265,1.104,21,9,90.83,38.75,5,2,1,2,0,0,0,-32.54,0.0,1.7,0,1.127,0,0,38.08
28085,0,0,0,14,58,10,0,0,0,0.0,4.899,1.036,18,8,90.74,40.86,7,0,1,5,0,1,0,-14.27,1.2,1.448,0,2.813,0,0,40.52
28087,0,0,0,11,76,20,0,0,0,2.0,12.371,1.159,18,8,90.92,37.2,4,2,0,2,0,0,0,-29.96,-1.8,0.902,0,2.187,0,0,39.48
28089,0,0,0,15,101,29,0,0,0,1.0,11.652,0.994,22,10,90.87,38.74,5,2,0,3,0,0,0,-17.53,-1.4,2.163,0,2.747,0,0,40.22
28091,0,0,0,13,44,17,0,0,0,4.0,55.499,1.003,16,8,91.18,41.7,10,3,1,5,0,0,1,-25.0,-0.6,1.7,0,2.747,0,0,36.96
28093,0,0,0,5,32,5,0,0,0,2.0,6.547,0.476,17,12,89.33,34.22,3,1,0,2,0,0,0,-24.79,-0.6,0.998,0,0.907,0,0,36.13
28095,0,0,0,11,54,10,0,0,0,3.0,86.543,0.961,19,8,90.17,36.39,6,4,0,2,0,0,0,-27.61,-1.6,0.777,0,2.4,0,0,35.16
28097,0,0,0,5,32,8,0,0,0,0.0,13.452,0.626,17,11,90.38,35.89,7,5,0,2,0,0,0,-27.13,-0.4,0.955,0,2.52,0,0,45.39
28099,0,0,0,12,67,16,0,0,0,1.0,21.33,0.85,15,10,89.88,37.31,5,2,0,2,0,1,0,-20.78,-1.0,1.997,0,1.8,0,0,39.91
28101,0,0,0,8,56,13,0,0,0,0.0,4.88,1.204,20,9,90.54,38.33,7,4,0,2,0,1,0,-23.97,-0.2,1.742,0,2.56,0,0,41.21
28103,0,0,0,10,33,8,0,0,0,0.0,3.711,0.992,15,9,90.66,37.51,5,2,0,2,0,1,0,-25.75,-1.4,1.102,0,2.027,0,0,39.63
28105,0,0,0,7,65,22,0,0,0,0.0,1.643,1.249,17,7,90.78,37.54,5,3,0,2,0,0,0,-31.76,-1.2,0.998,0,1.48,0,0,39.14
28107,0,0,0,4,33,11,0,0,0,2.0,3.343,0.468,16,12,89.92,35.41,8,5,1,2,0,0,0,-29.37,-1.2,1.302,0,0.853,0,0,65.97
28109,0,0,0,9,28,5,0,0,0,1.0,2.159,0.89,20,8,90.84,42.75,8,0,1,7,0,0,0,-16.62,1.6,1.272,0,2.467,0,0,35.98
28111,0,0,0,4,24,9,0,0,0,0.0,2.249,0.969,19,8,91.24,41.37,10,2,1,6,0,0,1,-21.37,-1.2,0.715,0,2.833,0,0,36.02
28113,0,0,0,7,21,4,0,0,0,0.0,1.079,1.17,17,7,91.42,41.47,7,1,0,5,0,1,0,-21.25,1.0,0.992,0,3.2,0,0,35.7
28115,0,0,0,5,54,10,0,0,0,1.0,4.152,1.003,20,10,89.77,35.37,4,2,0,2,0,0,0,-27.0,-1.6,0.657,0,1.673,0,0,34.55
28117,0,0,0,7,31,6,0,0,0,0.0,1.29,0.839,17,8,89.1,34.26,6,4,0,2,0,0,0,-21.54,0.0,0.873,0,1.62,0,0,28.74
28119,0,0,0,3,8,3,0,0,0,0.0,3.657,0.491,13,10,90.14,36.26,8,4,1,2,0,1,0,-31.15,-0.4,1.712,0,0.593,0,0,62.19
28121,0,0,0,21,118,50,0,0,0,2.0,34.727,1.148,20,10,91.1,39.12,6,2,0,3,0,1,0,-13.24,-2.2,2.108,0,2.447,0,0,45.5
28123,0,0,0,15,72,11,0,0,0,0.0,3.746,1.047,22,10,90.56,37.95,5,2,0,2,0,1,0,-18.89,0.8,2.125,0,2.56,0,0,45.5
28125,0,0,0,3,27,5,0,0,0,14.0,84.918,0.856,17,10,91.11,39.69,6,3,0,3,0,0,0,-20.65,-0.6,1.44,0,2.12,0,0,34.18
28127,0,0,0,17,63,15,0,0,0,0.0,4.911,1.219,18,7,91.25,39.85,8,4,0,3,0,1,0,-13.07,0.0,1.992,0,2.207,0,0,42.57
28129,0,0,0,20,70,14,0,0,0,0.0,6.901,1.191,21,8,91.19,38.92,7,4,0,2,0,1,0,-21.13,-1.2,1.718,0,2.147,0,0,42.54
28131,0,0,0,0,15,11,0,0,0,0.0,0.18,0.809,18,8,90.44,42.1,9,0,0,9,0,0,0,-14.39,-0.4,1.412,0,2.407,0,0,35.54
28133,0,0,0,2,46,15,0,0,0,0.0,3.665,0.703,17,9,90.22,38.22,6,3,1,2,0,0,0,-29.39,-1.6,1.743,0,1.007,0,0,33.68
28135,0,0,0,1,17,5,0,0,0,1.0,2.721,0.823,17,9,90.4,37.22,8,4,1,2,0,1,0,-29.05,-0.6,1.603,0,1.033,0,0,58.44
28137,0,0,0,3,19,5,0,0,0,0.0,0.81,0.305,15,12,89.61,35.15,4,1,1,2,0,0,0,-32.46,0.4,1.102,0,0.82,0,0,45.56
28139,0,0,0,3,28,6,0,0,0,1.0,3.783,0.657,16,11,88.74,33.57,4,2,0,2,0,0,0,-17.83,-0.2,0.938,0,1.26,0,0,29.76
28141,0,0,0,9,37,3,0,0,0,0.0,6.36,0.741,17,8,88.65,33.8,4,2,0,2,0,0,0,-23.63,-0.2,0.97,0,1.573,0,0,35.91
28143,0,0,0,2,23,5,0,0,0,0.0,2.851,0.304,13,11,89.77,35.72,4,1,1,2,0,0,0,-32.59,-0.2,1.438,0,0.44,0,0,48.67
28145,0,0,0,4,46,7,0,0,0,1.0,1.879,0.913,19,10,89.58,34.65,3,1,0,2,0,0,0,-24.41,-0.8,0.897,0,1.493,0,0,32.39
28147,0,0,0,10,15,2,0,0,0,2.0,1.089,1.055,18,8,91.06,41.73,8,1,1,5,0,1,0,-23.8,-0.2,1.377,0,3.02,0,0,36.01
28149,0,0,0,13,80,21,0,0,0,0.0,10.165,1.044,24,8,91.21,40.69,9,5,0,3,0,1,0,-13.8,-0.8,2.048,0,2.6,0,0,38.18
28151,0,0,0,2,67,21,0,0,0,1.0,4.434,0.552,12,12,90.62,38.59,6,3,1,2,0,0,0,-20.03,-0.2,1.415,0,1.267,0,0,28.43
28153,0,0,0,8,35,6,0,0,0,0.0,2.578,0.968,16,5,90.76,40.4,11,4,1,6,0,0,0,-24.25,-0.6,0.74,0,4.187,0,0,38.91
28155,0,0,0,2,44,10,0,0,0,0.0,1.626,0.863,18,11,90.22,36.13,6,3,0,2,0,1,0,-24.05,-1.0,0.835,0,2.14,0,0,42.38
28157,0,0,0,3,18,4,0,0,0,1.0,6.894,0.734,16,8,91.02,41.9,7,1,0,5,0,1,0,-17.89,0.6,1.442,0,2.3,0,0,39.86
28159,0,0,0,11,66,20,0,0,0,10.0,129.35,0.904,15,10,89.9,37.1,4,1,0,2,0,1,0,-24.51,-3.4,1.418,0,1.5,0,0,39.58
28161,0,0,0,0,17,4,0,0,0,1.0,0.357,0.734,18,11,90.21,35.55,4,2,0,2,0,0,0,-28.27,-0.6,0.977,0,1.34,0,0,64.8
28163,0,0,0,17,70,24,0,0,0,3.0,8.222,1.073,23,10,91.01,39.79,9,5,0,3,0,1,0,-22.78,-0.6,1.922,0,2.767,0,0,38.01
29001,0,0,0,1,34,10,0,0,0,0.0,0.001,0.606,17,13,85.06,19.78,4,4,0,0,0,0,0,5.16,0.4,3.16,0,-5.72,0,0,36.79
29003,0,0,0,0,19,11,0,0,0,0.0,0.262,0.395,19,16,85.6,19.83,5,4,1,0,0,0,0,-2.94,-1.6,3.49,0,-5.76,0,0,31.05
29005,0,0,0,3,34,9,0,0,0,0.0,0.2,0.569,12,14,85.17,18.9,4,3,1,0,0,0,0,-12.7,-0.8,3.07,0,-4.953,0,0,22.62
29007,0,0,0,2,38,7,0,0,0,0.0,0.074,0.558,14,12,85.16,23.16,3,2,1,0,0,0,0,-4.26,-0.8,2.987,0,-3.98,0,0,44.67
29009,0,0,0,11,82,58,0,0,0,1.0,11.383,0.489,14,12,86.89,27.73,6,3,3,0,0,0,0,-16.16,-1.8,2.435,0,-1.367,0,0,-5.39
29011,0,0,0,5,42,29,0,0,0,4.0,1.774,0.225,14,14,88.11,26.55,5,2,3,0,0,0,0,-6.97,-1.2,2.86,0,-2.9,0,0,0.53
29013,0,0,0,3,38,9,0,0,0,1.0,0.031,0.528,14,14,87.4,25.3,4,4,0,0,0,0,0,-10.62,-0.6,2.938,0,-2.913,0,0,34.65
29015,0,0,0,1,46,29,0,0,0,1.0,0.902,0.609,13,14,86.8,24.91,3,3,0,0,0,0,0,-2.32,-1.2,2.463,0,-2.9,0,0,43.79
29017,0,0,0,6,34,24,0,0,0,9.0,23.608,0.153,13,14,86.86,27.22,6,3,3,0,0,0,0,-8.65,1.6,1.953,0,-2.087,0,0,24.42
29019,0,0,0,1,54,21,0,0,0,0.0,0.158,0.756,16,10,85.96,24.2,4,2,2,0,0,0,0,2.05,-0.6,2.635,0,-3.527,0,0,39.07
29021,0,0,0,3,45,15,0,0,0,0.0,0.205,0.389,15,16,86.25,21.11,4,3,1,0,0,0,0,-7.85,-1.6,3.563,0,-5.213,0,0,17.96
29023,0,0,0,7,49,37,0,0,0,4.0,5.045,0.286,13,11,88.17,29.45,3,1,2,0,0,0,0,-10.86,-0.2,1.958,0,-1.04,0,0,17.22
29025,0,0,0,3,20,7,0,0,0,0.0,0.035,0.415,14,12,85.56,21.05,3,3,0,0,0,0,0,3.16,-0.4,2.852,0,-4.96,0,0,28.92
29027,0,0,0,4,52,10,0,0,0,1.0,2.093,0.876,17,9,86.36,24.51,3,2,1,0,0,0,0,6.75,0.2,2.607,0,-3.307,0,0,29.55
29029,0,0,0,3,51,23,0,0,0,0.0,6.506,1.028,17,12,87.71,26.25,6,3,3,0,0,0,0,-7.24,-0.4,2.302,0,-3.0,0,0,49.97
29031,0,0,0,4,53,59,0,0,0,0.0,21.234,0.318,15,12,87.46,28.01,5,1,4,0,0,0,0,-13.28,-0.6,1.903,0,-2.14,0,0,21.27
29033,0,0,0,1,12,10,0,0,0,0.0,0.01,0.329,14,13,85.78,22.22,3,2,1,0,0,0,0,11.81,-1.2,3.018,0,-4.253,0,0,27.39
29035,0,0,0,4,38,28,0,0,0,1.0,11.012,0.506,14,10,87.12,27.28,3,1,2,0,0,0,0,-16.95,-2.4,2.16,0,-1.74,0,0,39.57
29037,0,0,0,6,53,19,0,0,0,0.0,0.131,0.724,14,12,86.32,24.34,0,0,0,0,0,0,0,1.93,-2.6,2.95,0,-3.607,0,0,32.52
29039,0,0,0,1,37,6,0,0,0,0.0,1.015,0.663,16,12,88.06,26.69,4,1,3,0,0,0,0,6.78,0.4,2.855,0,-3.233,0,0,28.61
29041,0,0,0,2,20,8,0,0,0,0.0,0.0,0.633,15,12,86.07,22.35,4,3,1,0,0,0,0,4.46,-1.0,3.09,0,-4.193,0,0,29.23
29043,0,0,0,8,76,38,0,0,0,1.0,13.049,0.602,16,12,86.92,26.28,4,2,2,0,0,0,0,-9.74,1.4,1.93,0,-1.527,0,0,-0.84
29045,0,0,0,2,33,13,0,0,0,1.0,0.411,0.026,11,12,84.04,19.8,4,3,1,0,0,0,0,-2.13,0.4,3.265,0,-6.113,0,0,30.65
29047,0,0,0,6,63,25,0,0,0,0.0,0.041,0.411,16,13,85.99,22.37,2,2,0,0,0,0,0,-6.19,-2.0,3.22,0,-4.613,0,0,7.79
29049,0,0,0,4,32,8,0,0,0,1.0,0.062,0.318,14,15,85.49,21.02,2,2,0,0,0,0,0,-10.63,-0.4,3.49,0,-5.173,0,0,24.53
29051,0,0,0,2,33,11,0,0,0,1.0,173.785,0.852,18,9,87.08,25.8,5,2,3,0,0,0,0,-0.12,-0.6,2.597,0,-3.167,0,0,47.4
29053,0,0,0,1,25,10,0,0,0,1.0,0.0,0.63,17,12,86.21,24.08,3,2,1,0,0,0,0,7.73,-1.4,2.918,0,-3.887,0,0,35.19
29055,0,0,0,3,39,10,0,0,0,1.0,0.505,0.504,16,13,86.6,23.99,5,2,3,0,0,0,0,-2.34,-0.4,2.305,0,-3.227,0,0,48.58
29057,0,0,0,5,38,11,0,0,0,1.0,1.325,0.691,15,12,88.15,26.87,5,3,2,0,0,0,0,3.63,-1.0,2.58,0,-3.093,0,0,8.46
29059,0,0,0,3,41,25,0,0,0,2.0,1.379,0.501,13,11,86.89,25.35,6,3,3,0,0,0,0,-12.38,2.4,2.418,0,-2.847,0,0,45.7
29061,0,0,0,3,37,11,0,0,0,0.0,0.04,0.345,13,13,85.54,20.04,4,4,0,0,0,0,0,2.93,-1.0,3.095,0,-6.053,0,0,28.06
29063,0,0,0,2,28,6,0,0,0,0.0,0.005,0.275,14,14,85.59,19.9,1,1,0,0,0,0,0,0.43,-0.2,3.393,0,-6.107,0,0,25.6
29065,0,0,0,3,34,30,0,0,0,2.0,1.73,0.438,15,14,85.9,24.87,2,0,2,0,0,0,0,-10.53,-0.2,1.897,0,-2.027,0,0,55.29
29067,0,0,0,8,79,96,0,0,0,2.0,5.986,0.613,14,9,86.73,26.79,6,3,3,0,0,0,0,-14.02,-2.0,1.88,0,-2.067,0,0,2.15
29069,0,0,0,5,51,9,0,0,0,1.0,6.565,0.4,16,11,88.79,31.78,6,3,3,0,0,0,0,-12.69,-0.8,2.148,0,-0.573,0,0,6.06
29071,0,0,0,3,65,15,0,0,0,0.0,2.171,0.584,17,14,87.05,24.49,3,0,3,0,0,0,0,9.69,1.4,2.588,0,-3.367,0,0,38.55
29073,0,0,0,1,27,10,0,0,0,0.0,0.191,0.625,19,14,86.68,24.48,4,1,3,0,0,0,0,15.02,0.4,2.7,0,-3.62,0,0,44.42
29075,0,0,0,2,20,8,0,0,0,0.0,0.0,0.46,14,12,85.23,19.1,4,4,0,0,0,0,0,3.01,-0.6,3.178,0,-6.287,0,0,45.22
29077,0,0,0,10,119,60,0,0,0,2.0,25.955,0.762,16,11,87.1,26.25,5,2,3,0,0,0,0,-3.24,1.2,2.128,0,-2.34,0,0,7.56
29079,0,0,0,5,45,13,0,0,0,0.0,0.017,0.383,12,12,85.13,20.11,4,4,0,0,0,0,0,-2.24,0.0,3.07,0,-5.633,0,0,17.16
29081,0,0,0,2,34,6,0,0,0,0.0,0.03,0.57,17,11,84.87,19.04,3,3,0,0,0,0,0,-1.51,-1.0,3.198,0,-6.26,0,0,26.86
29083,0,0,0,2,29,10,0,0,0,1.0,0.0,0.673,15,13,87.02,25.12,4,4,0,0,0,0,0,3.58,-0.8,2.882,0,-2.953,0,0,41.84
29085,0,0,0,2,35,30,0,0,0,0.0,5.607,0.584,12,12,86.94,25.73,5,3,2,0,0,0,0,-5.94,-0.4,2.44,0,-2.933,0,0,43.02
29087,0,0,0,4,27,9,0,0,0,0.0,0.41,0.532,17,15,85.72,19.65,5,4,1,0,0,0,0,-8.71,-1.2,3.405,0,-5.193,0,0,26.06
29089,0,0,0,1,17,8,0,0,0,0.0,0.6,0.661,17,12,85.98,23.58,3,2,1,0,0,0,0,4.78,-1.0,2.94,0,-4.013,0,0,39.12
29091,0,0,0,4,89,55,0,0,0,1.0,61.795,1.043,14,9,87.09,27.53,5,2,3,0,0,0,0,-13.4,-3.8,2.407,0,-1.953,0,0,9.89
29093,0,0,0,2,24,7,0,0,0,1.0,0.27,0.377,15,15,85.72,24.33,5,2,3,0,0,0,0,-5.43,-0.2,2.393,0,-3.107,0,0,33.78
29095,0,0,0,10,79,29,0,0,0,1.0,0.297,0.624,15,11,86.06,23.42,2,2,0,0,0,0,0,3.27,-1.2,3.053,0,-4.28,0,0,20.52
29097,0,0,0,4,84,45,0,0,0,2.0,12.203,0.566,17,12,88.55,27.51,4,1,3,0,0,0,0,-15.44,-0.6,2.615,0,-2.62,0,0,-7.73
29099,0,0,0,4,60,17,0,0,0,5.0,6.413,0.84,18,12,87.45,26.15,5,2,3,0,0,0,0,-0.42,-1.4,2.427,0,-3.373,0,0,38.85
29101,0,0,0,2,53,17,0,0,0,0.0,0.02,0.678,17,13,86.56,24.07,1,1,0,0,0,0,0,13.06,-1.2,3.082,0,-3.673,0,0,39.94
29103,0,0,0,2,17,5,0,0,0,0.0,0.2,0.168,13,14,84.89,19.43,4,4,0,0,0,0,0,-6.05,-0.4,3.372,0,-5.653,0,0,44.98
29105,0,0,0,2,58,35,0,0,0,1.0,4.392,0.778,16,10,86.63,26.24,5,3,2,0,0,0,0,-14.65,-1.2,2.253,0,-2.967,0,0,40.65
29107,0,0,0,4,38,10,0,0,0,0.0,0.025,0.513,18,13,86.31,23.13,2,2,0,0,0,0,0,9.37,-1.2,3.268,0,-4.113,0,0,28.79
29109,0,0,0,7,60,39,0,0,0,2.0,4.388,0.556,15,11,87.17,27.06,3,0,3,0,0,0,0,-8.53,-0.8,2.215,0,-2.24,0,0,-10.07
29111,0,0,0,1,37,10,0,0,0,2.0,0.022,-0.04,10,16,84.63,20.12,4,3,1,0,0,0,0,-13.31,0.4,3.25,0,-5.2,0,0,54.48
29113,0,0,0,1,46,22,0,0,0,0.0,7.763,0.417,16,14,86.19,23.48,5,3,2,0,0,0,0,3.13,-1.8,2.592,0,-3.64,0,0,22.39
29115,0,0,0,3,22,6,0,0,0,0.0,0.25,0.502,15,12,85.27,21.0,3,3,0,0,0,0,0,6.68,-0.4,3.097,0,-4.973,0,0,20.56
29117,0,0,0,1,23,8,0,0,0,0.0,0.005,0.289,14,13,85.56,21.15,4,4,0,0,0,0,0,8.3,-0.4,3.047,0,-4.867,0,0,17.37
29119,0,0,0,6,53,45,0,0,0,1.0,13.483,0.884,16,10,88.37,28.62,5,2,3,0,0,0,0,-15.66,-3.2,2.573,0,-1.273,0,0,-11.13
29121,0,0,0,0,26,8,0,0,0,0.0,0.0,0.658,17,13,85.23,21.12,3,3,0,0,0,0,0,1.9,-1.0,3.088,0,-4.64,0,0,37.77
29123,0,0,0,3,25,7,0,0,0,0.0,0.201,0.16,14,15,85.99,25.28,4,2,2,0,0,0,0,-24.67,2.8,2.522,0,-2.927,0,0,33.12
29125,0,0,0,2,26,12,0,0,0,0.0,3.1,0.878,18,9,86.94,26.16,6,3,3,0,0,0,0,-2.19,0.2,2.447,0,-3.32,0,0,52.06
29127,0,0,0,1,38,6,0,0,0,0.0,0.058,0.219,13,15,84.96,21.32,3,2,1,0,0,0,0,-14.55,-0.6,3.132,0,-4.94,0,0,64.13
29129,0,0,0,3,21,5,0,0,0,0.0,0.02,0.223,11,12,84.09,18.71,2,2,0,0,0,0,0,-4.48,0.6,3.508,0,-6.24,0,0,30.99
29131,0,0,0,3,35,15,0,0,0,0.0,6.857,1.084,18,10,87.61,26.6,4,2,2,0,0,0,0,-4.09,3.4,2.408,0,-3.14,0,0,51.99
29133,0,0,0,2,24,9,0,0,0,0.0,0.869,0.423,16,12,87.84,30.34,6,2,4,0,0,0,0,1.97,0.4,1.915,0,-1.653,0,0,4.39
29135,0,0,0,0,22,5,0,0,0,0.0,0.08,0.788,16,10,86.47,25.05,3,2,1,0,0,0,0,1.35,1.0,2.655,0,-3.507,0,0,40.95
29137,0,0,0,0,24,5,0,0,0,0.0,0.04,0.401,14,14,84.9,22.15,2,2,0,0,0,0,0,-9.04,-0.4,2.967,0,-4.14,0,0,61.25
29139,0,0,0,4,36,12,0,0,0,0.0,0.047,0.648,17,12,86.25,23.68,5,3,2,0,0,0,0,6.49,-1.2,2.697,0,-3.88,0,0,29.5
29141,0,0,0,2,37,29,0,0,0,0.0,1.33,0.761,15,12,86.78,24.77,5,2,3,0,0,0,0,5.95,4.8,2.663,0,-3.393,0,0,44.76
29143,0,0,0,9,29,31,0,0,0,0.0,9.8,0.391,15,12,88.18,30.97,8,4,4,0,0,0,0,-3.34,-1.8,1.998,0,-1.253,0,0,7.85
29145,0,0,0,9,84,43,0,0,0,0.0,7.083,0.94,19,9,88.45,28.32,4,1,3,0,0,0,0,-22.12,-2.6,2.615,0,-2.04,0,0,-7.21
29147,0,0,0,5,40,10,0,0,0,1.0,0.03,0.602,14,12,84.79,18.68,3,3,0,0,0,0,0,-3.73,-0.4,3.102,0,-5.347,0,0,30.57
29149,0,0,0,1,36,16,0,0,0,0.0,4.741,1.046,16,10,88.0,27.93,4,2,2,0,0,0,0,-10.48,-1.2,2.093,0,-0.853,0,0,27.13
29151,0,0,0,1,29,14,0,0,0,0.0,0.018,0.806,19,10,87.11,25.44,5,2,3,0,0,0,0,13.41,1.2,2.653,0,-3.413,0,0,48.49
29153,0,0,0,3,55,72,0,0,0,0.0,4.88,0.606,14,10,87.65,27.66,6,3,3,0,0,0,0,-10.32,-2.8,2.123,0,-1.487,0,0,2.44
29155,0,0,0,5,25,2,0,0,0,4.0,2.093,0.584,18,11,88.71,32.31,8,4,4,0,0,0,0,-11.97,-0.2,2.262,0,-0.28,0,0,3.61
29157,0,0,0,3,26,19,0,0,0,1.0,9.669,0.259,13,12,86.68,26.67,7,3,4,0,0,0,0,-15.94,2.6,2.177,0,-2.567,0,0,30.37
29159,0,0,0,2,44,5,0,0,0,0.0,0.0,0.517,19,14,86.29,23.83,1,1,0,0,0,0,0,13.77,-0.2,3.17,0,-3.687,0,0,39.26
29161,0,0,0,3,48,25,0,0,0,0.0,3.992,0.749,16,10,86.86,25.97,4,1,3,0,0,0,0,-10.2,-2.2,2.28,0,-2.94,0,0,47.56
29163,0,0,0,1,32,3,0,0,0,0.0,0.026,0.401,16,13,85.34,23.03,5,2,3,0,0,0,0,2.69,-0.2,2.918,0,-4.267,0,0,37.57
29165,0,0,0,0,62,15,0,0,0,0.0,0.225,0.502,17,13,86.5,22.49,3,2,1,0,0,0,0,-10.35,-1.2,3.063,0,-4.247,0,0,12.77
29167,0,0,0,7,60,31,0,0,0,1.0,12.142,0.729,15,12,87.64,26.08,4,2,2,0,0,0,0,-0.73,-1.2,2.552,0,-2.94,0,0,38.34
29169,0,0,0,1,43,23,0,0,0,8.0,8.68,1.176,19,9,87.64,26.67,4,1,3,0,0,0,0,-14.68,1.2,2.292,0,-3.073,0,0,52.38
29171,0,0,0,1,23,4,0,0,0,0.0,0.005,0.206,17,16,84.18,17.98,3,3,0,0,0,0,0,2.18,-0.2,3.527,0,-6.687,0,0,38.13
29173,0,0,0,1,34,4,0,0,0,0.0,1.351,0.434,14,12,84.98,22.61,6,4,2,0,0,0,0,-9.84,-0.6,3.053,0,-4.693,0,0,54.92
29175,0,0,0,1,33,4,0,0,0,0.0,0.25,0.792,17,12,85.45,22.7,1,1,0,0,0,0,0,3.08,-0.2,2.952,0,-3.733,0,0,39.02
29177,0,0,0,4,22,9,0,0,0,0.0,0.0,0.417,13,13,85.77,22.2,4,3,1,0,0,0,0,1.96,-0.8,3.125,0,-4.387,0,0,20.86
29179,0,0,0,3,15,5,0,0,0,2.0,0.355,0.406,16,12,86.18,25.03,4,1,3,0,0,0,0,-14.05,-0.2,2.17,0,-2.633,0,0,34.44
29181,0,0,0,2,40,24,0,0,0,0.0,5.768,0.49,14,10,88.02,28.57,3,1,2,0,0,0,0,-16.36,-1.4,2.187,0,-1.347,0,0,21.23
29183,0,0,0,8,85,15,0,0,0,3.0,21.64,0.641,18,13,87.09,25.21,4,1,3,0,0,0,0,-3.23,-1.6,2.583,0,-3.54,0,0,24.61
29185,0,0,0,2,41,7,0,0,0,0.0,0.757,0.477,14,13,87.37,25.87,5,3,2,0,0,0,0,-1.1,1.4,2.647,0,-2.993,0,0,37.82
29186,0,0,0,1,24,6,0,0,0,0.0,0.325,0.477,15,13,86.64,26.0,7,3,4,0,0,0,0,-10.96,-0.2,2.273,0,-2.84,0,0,36.54
29187,0,0,0,3,46,14,0,0,0,0.0,0.528,0.512,16,14,86.11,24.92,2,0,2,0,0,0,0,-5.45,0.8,2.488,0,-3.34,0,0,36.76
29189,0,0,0,5,98,30,0,0,0,2.0,286.468,0.679,19,13,87.14,26.15,4,0,4,0,0,0,0,-5.37,-3.0,2.727,0,-3.673,0,0,25.85
29195,0,0,0,3,27,12,0,0,0,0.0,0.01,0.603,18,12,86.28,23.3,3,3,0,0,0,0,0,18.09,-1.0,3.127,0,-4.133,0,0,31.06
29197,0,0,0,1,12,5,0,0,0,0.0,0.0,0.441,15,13,84.56,18.83,2,2,0,0,0,0,0,2.8,0,3.46,0,-6.56,0,0,35.42
29199,0,0,0,4,36,7,0,0,0,0.0,0.2,0.277,11,12,84.46,19.25,3,3,0,0,0,0,0,-2.06,0.6,3.608,0,-6.88,0,0,34.92
29201,0,0,0,3,42,19,0,0,0,0.0,6.449,0.387,15,12,87.93,29.74,6,2,4,0,0,0,0,-0.15,5.6,1.735,0,-1.673,0,0,13.07
29203,0,0,0,0,41,31,0,0,0,0.0,5.811,0.856,14,8,87.0,26.47,6,3,3,0,0,0,0,-21.93,0.4,2.213,0,-2.013,0,0,44.56
29205,0,0,0,3,24,6,0,0,0,0.0,0.001,0.095,12,15,84.71,20.27,4,4,0,0,0,0,0,-12.41,-0.4,3.182,0,-4.713,0,0,63.41
29207,0,0,0,6,51,16,0,0,0,0.0,3.825,0.251,13,12,87.98,29.83,4,2,2,0,0,0,0,-2.97,2.6,1.62,0,-1.053,0,0,12.62
29209,0,0,0,6,76,30,0,0,0,18.0,8.267,0.471,13,13,87.6,27.15,4,1,3,0,0,0,0,-15.82,-2.8,2.125,0,-1.08,0,0,-9.0
29211,0,0,0,1,22,3,0,0,0,0.0,0.032,0.352,15,14,84.45,19.5,3,3,0,0,0,0,0,3.07,-0.4,3.305,0,-5.88,0,0,26.71
29213,0,0,0,5,79,47,0,0,0,6.0,18.802,0.549,16,12,88.09,27.26,6,3,3,0,0,0,0,-11.67,0.4,2.342,0,-0.793,0,0,-1.47
29215,0,0,0,3,56,37,0,0,0,0.0,12.64,0.684,14,9,85.86,26.37,5,2,3,0,0,0,0,-21.55,2.2,2.292,0,-2.513,0,0,28.18
29217,0,0,0,2,53,17,0,0,0,1.0,1.595,0.215,12,13,87.68,26.26,3,2,1,0,0,0,0,-7.81,2.2,3.013,0,-3.3,0,0,26.8
29219,0,0,0,2,32,8,0,0,0,0.0,0.08,0.682,19,13,86.88,24.14,1,0,1,0,0,0,0,10.39,-1.2,2.348,0,-3.427,0,0,31.99
29221,0,0,0,3,37,10,0,0,0,0.0,0.041,0.627,18,14,86.54,24.33,4,1,3,0,0,0,0,9.42,-0.4,2.438,0,-3.653,0,0,39.27
29223,0,0,0,3,31,39,0,0,0,0.0,3.0,0.188,13,12,86.77,27.08,6,4,2,0,0,0,0,-11.5,1.8,1.787,0,-1.673,0,0,26.41
29225,0,0,0,6,71,56,0,0,0,1.0,8.352,0.546,16,12,85.76,25.75,5,2,3,0,0,0,0,-6.71,-0.4,2.022,0,-2.487,0,0,10.34
29227,0,0,0,1,12,1,0,0,0,0.0,0.0,0.655,16,12,84.61,18.43,3,3,0,0,0,0,0,-1.3,0,3.237,0,-6.12,0,0,30.38
29229,0,0,0,6,67,74,0,0,0,3.0,11.013,0.521,14,10,85.6,26.22,6,3,3,0,0,0,0,-9.34,-2.4,2.052,0,-2.647,0,0,14.07
29510,0,0,0,0,39,9,0,0,0,3.0,86.085,0.656,15,13,87.33,26.66,4,1,3,0,0,0,0,-5.99,-1.4,2.94,0,-3.887,0,0,24.82
30001,0,0,0,3,26,1,0,0,0,0.0,0.1,0.593,18,9,72.36,12.35,0,0,0,0,0,0,0,-1.57,0.8,1.315,0,-3.553,0,0,8.81
30003,0,0,0,1,50,7,0,0,0,2.0,0.0,0.123,14,11,82.38,13.58,1,0,0,0,1,0,0,3.03,-0.8,2.453,0,-3.913,0,0,-11.84
30005,0,0,0,4,27,8,0,0,0,0.0,2.7,0.254,18,9,81.02,10.13,3,1,2,0,0,0,0,10.67,0.0,1.752,0,-4.4,0,0,-16.59
30007,0,0,0,0,20,3,0,0,0,0.0,0.1,0.315,16,10,77.79,15.14,1,0,1,0,0,0,0,-0.25,-0.2,1.488,0,-2.02,0,0,-7.2
30009,0,0,0,0,23,7,0,0,0,0.0,0.0,0.326,17,11,77.13,14.82,4,0,3,0,1,0,0,-0.72,-0.6,1.86,0,-3.78,0,0,-4.31
30011,0,0,0,4,56,4,0,0,0,0.0,0.0,0.359,18,10,83.78,10.14,1,1,0,0,0,0,0,-13.42,-0.6,2.683,0,-3.327,0,0,-3.65
30013,0,0,0,0,45,14,0,0,0,2.0,0.14,-0.023,14,13,78.98,14.69,0,0,0,0,0,0,0,6.06,-1.8,2.098,0,-4.073,0,0,-16.43
30015,0,0,0,1,29,3,0,0,0,0.0,0.0,-0.056,17,12,82.09,11.81,0,0,0,0,0,0,0,16.5,0.6,1.963,0,-2.587,0,0,-25.16
30017,0,0,0,1,49,7,0,0,0,1.0,0.0,0.448,16,8,85.45,11.03,2,0,1,0,1,0,0,16.08,0.6,2.253,0,-4.053,0,0,-25.31
30019,0,0,0,1,23,2,0,0,0,0.0,0.036,0.261,17,10,80.25,3.76,3,0,3,0,0,0,0,-14.75,-0.2,3.185,0,-7.387,0,0,1.21
30021,0,0,0,1,59,7,0,0,0,1.0,2.55,0.451,17,8,83.46,8.63,2,0,1,0,0,0,0,0.88,-0.4,2.203,0,-5.347,0,0,-31.48
30023,0,0,0,0,3,1,0,0,0,0.0,0.7,0.746,21,10,72.17,13.48,0,0,0,0,0,0,0,-9.6,0,0.72,0,-2.467,0,0,26.92
30025,0,0,0,4,45,2,0,0,0,0.0,2.5,0.359,16,11,83.28,9.41,1,0,0,0,0,0,1,7.94,-0.2,2.307,0,-4.707,0,0,-12.44
30027,0,0,0,0,52,7,0,0,0,0.0,0.435,0.09,17,9,80.27,13.16,1,0,1,0,0,0,0,2.09,-1.0,1.7,0,-3.573,0,0,-35.12
30029,0,0,0,0,11,4,0,0,0,0.0,2.611,0.667,20,10,73.77,16.6,1,0,1,0,0,0,0,0.74,-0.6,0.88,0,-2.98,0,0,64.6
30031,0,0,0,0,25,4,0,0,0,0.0,1.0,0.426,16,9,74.77,12.59,1,0,0,0,1,0,0,3.85,-0.6,1.575,0,-3.02,0,0,1.66
30033,0,0,0,1,58,6,0,0,0,0.0,0.0,0.422,16,6,84.03,10.72,4,0,1,0,2,0,0,-0.42,-1.0,2.722,0,-4.793,0,0,-38.36
30035,0,0,0,0,20,2,0,0,0,0.0,0.05,0.528,19,12,73.59,13.24,1,1,0,0,0,0,0,-1.16,-0.2,1.65,0,-3.68,0,0,27.33
30037,0,0,0,0,15,4,0,0,0,0.0,0.0,-0.233,13,12,80.66,13.42,3,0,3,0,0,0,0,-17.15,-0.4,2.475,0,-4.353,0,0,-26.35
30039,0,0,0,0,9,2,0,0,0,0.0,0.051,0.889,21,9,72.91,15.44,0,0,0,0,0,0,0,-14.65,0,1.065,0,-2.48,0,0,28.9
30041,0,0,0,1,42,2,0,0,0,0.0,2.565,-0.021,19,13,81.29,7.62,2,0,2,0,0,0,0,20.22,0.8,1.665,0,-3.427,0,0,-11.82
30043,0,0,0,1,16,3,0,0,0,0.0,0.1,0.682,21,11,75.71,14.46,1,0,1,0,0,0,0,-6.55,-0.2,1.355,0,-2.46,0,0,-3.84
30045,0,0,0,3,24,2,0,0,0,0.0,0.0,0.069,15,12,76.2,13.65,0,0,0,0,0,0,0,6.28,-0.4,1.465,0,-3.253,0,0,-25.14
30047,0,0,0,1,12,1,0,0,0,0.0,0.127,0.777,25,9,78.37,19.54,2,0,2,0,0,0,0,2.25,0,0.685,0,-2.107,0,0,76.62
30049,0,0,0,0,31,14,0,0,0,0.0,0.805,0.454,17,13,75.2,14.99,3,0,1,0,2,0,0,-12.0,-1.2,1.46,0,-2.607,0,0,19.17
30051,0,0,0,0,15,2,0,0,0,0.0,0.05,0.012,19,16,79.99,8.99,2,1,1,0,0,0,0,6.32,-0.2,1.777,0,-3.493,0,0,-3.28
30053,0,0,0,0,6,3,0,0,0,0.0,0.052,0.844,21,10,75.84,18.82,2,0,0,0,2,0,0,1.35,-0.2,0.658,0,-2.533,0,0,30.43
30055,0,0,0,0,49,3,0,0,0,0.0,2.601,0.469,17,7,83.8,8.02,2,0,1,0,0,0,0,-0.2,-0.4,2.637,0,-5.86,0,0,-32.29
30057,0,0,0,0,17,5,0,0,0,0.0,0.02,0.648,21,10,74.25,13.55,0,0,0,0,0,0,0,4.49,-0.6,1.182,0,-3.513,0,0,-1.83
30059,0,0,0,0,10,4,0,0,0,0.0,0.0,0.617,19,10,74.23,13.59,0,0,0,0,0,0,0,2.37,-0.4,1.633,0,-3.7,0,0,8.41
30061,0,0,0,0,6,2,0,0,0,1.0,0.043,0.699,18,9,76.18,19.76,0,0,0,0,0,0,0,-9.04,0,0.432,0,-2.22,0,0,79.45
30063,0,0,0,0,21,18,0,0,0,0.0,1.664,0.675,18,9,76.09,17.14,3,0,1,0,2,0,0,-9.76,-1.4,0.758,0,-2.967,0,0,59.99
30065,0,0,0,0,22,6,0,0,0,0.0,0.0,-0.29,12,12,82.56,13.97,5,1,3,0,1,0,0,-3.65,-0.4,2.2,0,-4.267,0,0,-35.25
30067,0,0,0,0,45,3,0,0,0,0.0,0.0,0.667,20,9,73.76,13.23,5,0,5,0,0,0,0,5.31,-0.2,1.513,0,-3.32,0,0,18.11
30069,0,0,0,1,20,8,0,0,0,0.0,1.015,0.019,16,7,83.77,13.54,4,1,2,0,1,0,0,-3.04,-0.8,1.815,0,-4.027,0,0,-43.58
30071,0,0,0,1,56,13,0,0,0,0.0,0.082,0.111,16,11,82.93,8.66,1,0,1,0,0,0,0,0.47,-0.4,2.362,0,-5.547,0,0,-17.28
30073,0,0,0,0,5,3,0,0,0,0.0,0.0,0.377,19,8,77.81,12.34,4,1,2,0,1,0,0,-8.17,-0.2,1.815,0,-3.42,0,0,11.4
30075,0,0,0,1,61,8,0,0,0,0.0,0.0,0.297,18,11,85.54,11.56,2,0,1,0,1,0,0,3.49,-0.8,2.862,0,-2.96,0,0,-14.35
30077,0,0,0,0,12,3,0,0,0,1.0,0.073,0.692,19,9,74.38,14.17,2,0,1,0,1,0,0,-18.09,0,1.347,0,-3.113,0,0,36.84
30079,0,0,0,0,33,6,0,0,0,0.0,0.0,0.453,16,7,84.2,9.95,1,0,1,0,0,0,0,6.31,-0.6,2.462,0,-4.953,0,0,-28.68
30081,0,0,0,0,18,10,0,0,0,0.0,0.291,0.703,19,9,74.25,16.59,3,0,1,0,2,0,0,-7.29,-0.4,1.135,0,-2.34,0,0,33.69
30083,0,0,0,1,37,7,0,0,0,0.0,0.173,0.399,21,10,83.59,6.7,2,0,1,0,0,0,0,7.17,-0.8,2.445,0,-8.087,0,0,-44.99
30085,0,0,0,0,52,9,0,0,0,0.0,0.91,0.45,22,11,82.87,5.24,2,0,1,0,0,0,0,-6.88,-1.2,2.692,0,-7.92,0,0,-26.93
30087,0,0,0,1,65,3,0,0,0,0.0,0.0,0.057,16,10,84.38,11.28,4,0,1,0,3,0,0,17.24,-0.2,2.543,0,-3.907,0,0,-26.94
30089,0,0,0,0,4,5,0,0,0,0.0,0.015,0.308,19,12,77.79,19.21,4,0,1,0,3,0,0,-6.63,0,0.453,0,-1.713,0,0,76.93
30091,0,0,0,3,36,4,0,0,0,0.0,0.025,0.458,22,13,81.24,3.84,1,0,1,0,0,0,0,-10.81,0,3.295,0,-9.64,0,0,-0.89
30093,0,0,0,0,9,3,0,0,0,0.0,0.021,0.702,20,11,74.11,14.18,0,0,0,0,0,0,0,-5.93,-0.4,0.955,0,-2.267,0,0,18.04
30095,0,0,0,0,44,8,0,0,0,0.0,0.804,-0.31,13,10,78.12,14.51,5,0,4,0,1,0,0,-7.85,-1.0,2.358,0,-3.567,0,0,-14.85
30097,0,0,0,0,22,5,0,0,0,0.0,0.0,0.08,15,11,76.87,15.96,1,0,1,0,0,0,0,2.36,-0.6,1.797,0,-2.613,0,0,-14.71
30099,0,0,0,0,23,4,0,0,0,0.0,0.3,0.329,17,9,76.77,13.75,2,1,0,0,1,0,0,-6.81,-0.6,1.835,0,-3.08,0,0,17.4
30101,0,0,0,0,14,2,0,0,0,0.0,0.0,0.303,20,11,79.35,10.91,2,1,1,0,0,0,0,-4.36,0,1.558,0,-3.28,0,0,0.03
30103,0,0,0,0,15,3,0,0,0,0.0,0.0,-0.033,16,10,84.3,12.44,4,0,4,0,0,0,0,8.58,-0.2,2.397,0,-3.28,0,0,-26.66
30105,0,0,0,3,85,30,0,0,0,0.0,1.302,0.246,17,8,81.8,6.26,4,1,3,0,0,0,0,-5.14,-2.2,2.892,0,-6.5,0,0,-12.68
30107,0,0,0,1,23,4,0,0,0,0.0,0.0,0.105,14,10,78.03,14.27,1,0,1,0,0,0,0,-12.16,0,1.568,0,-3.527,0,0,-21.45
30109,0,0,0,1,29,0,0,0,0,0.0,0.0,0.252,16,12,82.8,9.07,0,0,0,0,0,0,0,3.4,0,2.51,0,-5.58,0,0,-26.4
30111,0,0,0,1,73,11,0,0,0,0.0,4.1,-0.212,15,13,83.43,14.63,4,0,1,0,3,0,0,-6.11,-0.6,2.557,0,-3.693,0,0,-25.87
31001,0,0,0,6,89,11,0,0,0,0.0,150.73,0.758,13,7,85.99,17.58,3,2,1,0,0,0,0,9.18,-1.4,2.37,0,-4.007,0,0,40.04
31003,0,0,0,0,32,5,0,0,0,0.0,0.34,0.479,11,11,83.25,14.38,3,1,1,0,0,1,0,27.64,0.6,2.338,0,-5.44,0,0,-20.78
31005,0,0,0,1,32,0,0,0,0,0.0,0.14,0.361,16,11,85.19,15.87,2,1,1,0,0,0,0,9.24,0,2.307,0,-3.907,0,0,-38.06
31007,0,0,0,1,34,4,0,0,0,0.0,0.025,0.214,15,13,85.42,16.63,2,1,1,0,0,0,0,-17.63,-0.4,2.265,0,-2.44,0,0,-49.09
31009,0,0,0,2,44,1,0,0,0,0.0,0.048,0.317,13,8,85.27,14.62,3,1,1,0,0,1,0,16.54,-0.2,2.025,0,-4.427,0,0,-15.4
31011,0,0,0,4,32,1,0,0,0,0.0,0.152,0.567,16,10,83.47,15.18,3,1,1,0,0,1,0,29.28,-0.2,2.312,0,-4.827,0,0,1.51
31013,0,0,0,5,64,2,0,0,0,0.0,1.0,0.151,16,11,84.76,14.32,4,3,1,0,0,0,0,9.22,0.8,2.382,0,-3.793,0,0,-48.35
31015,0,0,0,1,21,6,0,0,0,1.0,21.702,0.33,11,11,85.16,14.26,3,1,1,0,0,1,0,41.4,-0.8,2.405,0,-5.46,0,0,-51.52
31017,0,0,0,2,47,3,0,0,0,0.0,0.185,0.51,16,12,85.53,14.44,1,0,1,0,0,0,0,23.86,0.4,1.69,0,-3.713,0,0,-26.91
31019,0,0,0,3,88,9,0,0,0,0.0,221.711,0.751,16,7,85.65,16.84,2,1,1,0,0,0,0,25.96,0.2,2.387,0,-4.287,0,0,0.49
31021,0,0,0,3,38,6,0,0,0,0.0,0.004,0.571,15,14,84.48,15.62,4,3,1,0,0,0,0,32.15,1.4,3.1,0,-5.327,0,0,24.55
31023,0,0,0,1,29,7,0,0,0,0.0,0.419,0.193,14,12,84.49,16.21,3,2,1,0,0,0,0,12.17,1.6,3.203,0,-5.333,0,0,44.67
31025,0,0,0,4,51,12,0,0,0,0.0,15.07,0.413,15,13,85.07,17.55,7,5,1,0,1,0,0,-9.57,1.8,3.05,0,-5.187,0,0,50.57
31027,0,0,0,4,33,4,0,0,0,0.0,2.585,0.485,13,11,83.79,13.68,4,3,1,0,0,0,0,52.26,1.8,2.788,0,-6.02,0,0,-39.01
31029,0,0,0,3,66,3,0,0,0,0.0,0.495,0.504,18,11,88.59,16.67,0,0,0,0,0,0,0,-5.66,-0.6,2.733,0,-4.673,0,0,-40.11
31031,0,0,0,8,129,5,0,0,0,0.0,0.595,0.488,15,10,84.88,14.39,1,0,1,0,0,0,0,10.66,-0.6,2.17,0,-4.267,0,0,-30.78
31033,0,0,0,4,88,6,0,0,0,0.0,0.0,-0.015,17,12,86.22,16.34,2,0,1,0,0,1,0,18.29,2.6,2.795,0,-3.433,0,0,-51.42
31035,0,0,0,7,72,4,0,0,0,0.0,110.971,0.671,11,8,85.83,18.05,5,2,1,0,0,1,1,6.29,-0.6,2.402,0,-3.847,0,0,46.57
31037,0,0,0,3,30,6,0,0,0,0.0,0.35,0.857,21,10,84.95,16.18,2,1,1,0,0,0,0,26.29,0.4,2.97,0,-5.447,0,0,31.67
31039,0,0,0,4,33,9,0,0,0,1.0,2.105,0.665,17,11,84.21,14.9,6,5,1,0,0,0,0,34.07,-0.8,2.837,0,-5.327,0,0,23.35
31041,0,0,0,5,119,19,0,0,0,0.0,4.588,0.509,16,11,85.06,15.3,4,2,1,0,0,1,0,25.21,-0.2,2.1,0,-4.793,0,0,-21.81
31043,0,0,0,1,17,8,0,0,0,0.0,1.86,0.519,16,11,84.49,13.72,3,2,1,0,0,0,0,43.74,0.8,2.908,0,-5.82,0,0,-12.99
31045,0,0,0,2,80,3,0,0,0,0.0,0.0,0.201,14,10,85.35,15.38,2,1,1,0,0,0,0,16.06,-0.2,2.172,0,-3.633,0,0,-49.26
31047,0,0,0,4,79,6,0,0,0,1.0,67.871,0.595,16,7,85.62,16.07,1,0,1,0,0,0,0,33.79,-0.4,2.06,0,-3.86,0,0,-21.36
31049,0,0,0,2,35,1,0,0,0,0.0,0.291,-0.054,16,11,86.5,15.74,2,0,1,0,0,1,0,8.66,-0.2,2.285,0,-4.173,0,0,-46.52
31051,0,0,0,2,28,10,0,0,0,0.0,3.856,0.328,20,12,83.74,13.24,4,3,1,0,0,0,0,54.89,1.8,2.858,0,-5.64,0,0,-23.98
31053,0,0,0,3,45,16,0,0,0,0.0,1.042,0.833,20,9,84.99,16.36,2,1,1,0,0,0,0,24.02,0.2,2.985,0,-5.347,0,0,26.33
31055,0,0,0,2,76,22,0,0,0,0.0,1.16,0.819,16,10,85.11,17.48,3,2,1,0,0,0,0,8.26,3.6,2.822,0,-5.187,0,0,46.22
31057,0,0,0,5,70,8,0,0,0,0.0,0.381,0.405,17,10,89.11,17.61,1,1,0,0,0,0,0,0.39,1.2,2.843,0,-4.553,0,0,-54.14
31059,0,0,0,3,43,5,0,0,0,0.0,35.656,0.31,13,10,85.59,17.81,7,4,1,0,0,1,1,-4.21,-0.4,2.818,0,-4.387,0,0,49.09
31061,0,0,0,6,50,2,0,0,0,0.0,17.483,0.746,12,7,87.43,18.0,2,1,1,0,0,0,0,7.64,-0.4,2.065,0,-4.0,0,0,-18.78
31063,0,0,0,2,52,3,0,0,0,0.0,0.255,0.564,20,10,87.52,16.54,2,0,1,0,1,0,0,17.77,-0.4,2.198,0,-4.26,0,0,-44.84
31065,0,0,0,2,89,5,0,0,0,0.0,64.433,0.236,17,11,88.24,16.91,4,2,1,0,1,0,0,9.83,-0.4,2.51,0,-4.613,0,0,-33.59
31067,0,0,0,6,49,10,0,0,0,0.0,1.32,0.262,12,14,86.13,17.87,4,3,1,0,0,0,0,-10.23,-1.6,2.66,0,-4.693,0,0,27.44
31069,0,0,0,0,68,3,0,0,0,1.0,3.533,0.2,15,11,85.88,14.61,1,0,1,0,0,0,0,14.54,0.8,2.52,0,-3.98,0,0,-46.95
31071,0,0,0,1,30,4,0,0,0,0.0,0.441,0.442,15,11,84.15,14.71,4,2,1,0,0,1,0,15.82,0.4,2.233,0,-3.853,0,0,-21.93
31073,0,0,0,0,38,2,0,0,0,0.0,11.237,0.435,15,10,86.39,16.58,3,1,1,0,0,1,0,21.79,-0.4,2.352,0,-4.36,0,0,-30.89
31075,0,0,0,0,25,0,0,0,0,0.0,0.026,0.278,16,12,84.75,14.17,2,1,1,0,0,0,0,5.57,0,2.47,0,-4.313,0,0,-20.54
31077,0,0,0,2,25,1,0,0,0,0.0,7.878,0.525,17,11,84.3,15.14,3,1,1,0,0,1,0,26.25,0.8,2.19,0,-4.16,0,0,-10.38
31079,0,0,0,5,69,9,0,0,0,1.0,60.587,0.755,19,8,85.6,17.05,3,1,1,0,0,1,0,13.23,1.2,2.237,0,-4.087,0,0,30.99
31081,0,0,0,7,60,5,0,0,0,0.0,143.896,0.63,17,8,85.32,17.45,5,4,0,0,0,1,0,6.0,-0.4,2.255,0,-4.227,0,0,42.48
31083,0,0,0,4,43,5,0,0,0,0.0,34.633,0.473,13,9,87.74,17.78,4,3,1,0,0,0,0,4.88,-1.0,2.293,0,-4.62,0,0,-30.05
31085,0,0,0,1,40,5,0,0,0,0.0,0.286,0.379,19,11,87.94,16.84,2,1,1,0,0,0,0,15.97,-0.4,2.49,0,-4.607,0,0,-53.3
31087,0,0,0,4,55,7,0,0,0,1.0,6.825,0.4,16,12,89.28,17.62,0,0,0,0,0,0,0,21.27,-0.8,2.252,0,-4.42,0,0,-54.56
31089,0,0,0,2,76,8,0,0,0,0.0,1.103,0.367,14,12,84.39,14.12,5,3,1,0,0,1,0,30.7,0.2,1.88,0,-5.2,0,0,-35.37
31091,0,0,0,1,27,0,0,0,0,0.0,0.053,0.127,14,11,84.44,14.34,1,0,1,0,0,0,0,5.71,0,2.248,0,-5.113,0,0,-25.41
31093,0,0,0,0,37,3,0,0,0,0.0,62.817,0.618,16,8,85.41,16.09,2,0,1,0,0,1,0,23.31,2.8,2.0,0,-4.227,0,0,24.01
31095,0,0,0,2,55,10,0,0,0,1.0,5.92,0.325,12,11,86.66,18.09,4,3,1,0,0,0,0,-5.25,-0.8,2.545,0,-4.613,0,0,47.97
31097,0,0,0,1,34,3,0,0,0,0.0,0.045,0.364,12,12,85.23,18.06,3,2,1,0,0,0,0,-9.17,-0.4,3.043,0,-4.38,0,0,-6.67
31099,0,0,0,5,54,2,0,0,0,0.0,42.412,0.722,11,7,85.79,17.85,3,2,1,0,0,0,0,14.26,-0.4,2.395,0,-4.047,0,0,4.0
31101,0,0,0,1,83,6,0,0,0,0.0,1.024,0.206,16,9,86.3,16.68,1,0,0,0,0,1,0,5.49,-0.6,2.387,0,-4.32,0,0,-42.41
31103,0,0,0,0,23,3,0,0,0,0.0,3.101,0.521,19,13,85.96,14.34,1,0,1,0,0,0,0,21.74,-0.6,2.015,0,-4.587,0,0,-35.05
31105,0,0,0,8,49,11,0,0,0,0.0,0.0,0.052,15,13,84.96,15.43,1,0,1,0,0,0,0,-4.74,-0.2,2.245,0,-3.18,0,0,-47.33
31107,0,0,0,0,40,4,0,0,0,0.0,1.24,0.407,12,11,84.4,14.12,3,1,1,0,0,1,0,44.76,0.6,2.298,0,-5.98,0,0,-29.75
31109,0,0,0,8,74,20,0,0,0,0.0,102.135,0.474,17,13,85.82,17.55,2,1,1,0,0,0,0,-3.87,0.8,3.277,0,-4.987,0,0,53.33
31111,0,0,0,3,126,16,0,0,0,0.0,1.149,0.425,20,10,86.17,15.78,2,1,1,0,0,0,0,11.57,-0.8,2.24,0,-4.28,0,0,-43.69
31113,0,0,0,2,39,3,0,0,0,0.0,0.309,0.313,13,11,84.7,14.83,4,2,1,0,0,1,0,5.43,-0.6,2.21,0,-4.98,0,0,-19.72
31115,0,0,0,2,29,1,0,0,0,0.0,0.26,0.357,12,12,84.62,14.75,3,1,1,0,0,1,0,20.15,-0.2,2.128,0,-3.987,0,0,-25.66
31117,0,0,0,2,36,0,0,0,0,0.0,0.062,0.293,16,9,84.8,15.26,0,0,0,0,0,0,0,3.02,0,2.207,0,-4.52,0,0,-33.19
31119,0,0,0,4,45,1,0,0,0,1.0,0.194,0.624,15,10,83.75,14.97,3,1,1,0,0,1,0,42.23,0.8,2.587,0,-5.447,0,0,-6.71
31121,0,0,0,3,33,4,0,0,0,0.0,24.346,0.569,18,10,85.44,16.24,2,0,1,0,0,1,0,16.27,0.4,2.067,0,-4.76,0,0,37.4
31123,0,0,0,5,61,6,0,0,0,0.0,2.5,0.201,16,11,86.52,15.45,3,2,1,0,0,0,0,14.27,0.8,2.482,0,-3.447,0,0,-53.98
31125,0,0,0,0,19,2,0,0,0,0.0,39.085,0.509,15,8,84.71,15.57,2,0,1,0,0,1,0,33.08,0.8,2.247,0,-5.013,0,0,34.2
31127,0,0,0,1,37,16,0,0,0,0.0,0.116,0.497,12,11,85.37,18.76,4,3,1,0,0,0,0,-12.81,1.0,3.072,0,-4.633,0,0,11.02
31129,0,0,0,7,54,5,0,0,0,0.0,27.593,0.615,12,8,86.77,18.27,4,2,1,0,0,1,0,-3.18,-0.4,2.408,0,-3.66,0,0,46.73
31131,0,0,0,5,45,12,0,0,0,0.0,0.185,0.344,13,14,85.27,17.78,3,2,1,0,0,0,0,-12.21,1.2,3.127,0,-4.987,0,0,32.34
31133,0,0,0,4,24,2,0,0,0,0.0,0.0,0.354,13,13,85.57,18.4,4,3,1,0,0,0,0,-5.98,-0.4,2.59,0,-4.307,0,0,-20.68
31135,0,0,0,5,55,1,0,0,0,0.0,0.292,0.294,14,11,87.04,16.25,0,0,0,0,0,0,0,-2.26,-0.2,2.68,0,-4.567,0,0,-47.71
31137,0,0,0,3,47,3,0,0,0,0.0,34.802,0.57,12,8,85.84,16.98,2,1,1,0,0,0,0,12.28,-0.4,2.33,0,-4.387,0,0,-35.77
31139,0,0,0,1,26,3,0,0,0,0.0,0.48,0.526,15,10,83.54,14.12,3,1,1,0,0,1,0,40.92,-0.4,2.602,0,-5.667,0,0,-17.58
31141,0,0,0,2,49,10,0,0,0,2.0,0.59,0.613,16,10,84.5,15.57,4,2,1,0,0,1,0,33.27,1.0,2.603,0,-5.373,0,0,34.15
31143,0,0,0,3,33,6,0,0,0,0.0,22.355,0.369,13,11,85.05,16.19,5,4,1,0,0,0,0,14.85,0.8,2.985,0,-5.68,0,0,47.15
31145,0,0,0,3,77,7,0,0,0,0.0,0.082,0.615,21,12,89.28,17.16,2,1,0,0,1,0,0,20.89,0.8,2.547,0,-4.673,0,0,-42.34
31147,0,0,0,3,33,16,0,0,0,0.0,0.815,0.658,13,10,85.85,19.23,3,2,1,0,0,0,0,-11.15,1.4,3.105,0,-4.56,0,0,14.54
31149,0,0,0,0,29,3,0,0,0,0.0,0.878,0.421,15,13,84.74,14.22,4,2,1,0,0,1,0,26.75,-0.6,1.765,0,-4.22,0,0,-32.81
31151,0,0,0,3,47,21,0,0,0,0.0,106.317,0.127,14,14,85.85,17.38,4,2,1,0,0,0,1,-8.7,-1.2,3.008,0,-5.067,0,0,53.02
31153,0,0,0,1,43,10,0,0,0,1.0,420.05,0.662,14,12,85.25,17.57,4,3,1,0,0,0,0,-1.8,2.4,2.91,0,-5.153,0,0,51.31
31155,0,0,0,4,56,16,0,0,0,0.0,54.124,0.715,17,9,85.14,17.29,6,4,1,0,0,0,1,11.49,3.2,3.087,0,-5.187,0,0,41.87
31157,0,0,0,3,75,13,0,0,0,0.0,11.635,0.297,17,13,87.25,15.78,1,0,1,0,0,0,0,-10.94,-0.2,2.328,0,-2.273,0,0,-45.2
31159,0,0,0,3,34,10,0,0,0,0.0,2.632,0.062,16,14,85.02,16.76,3,1,1,0,0,0,1,-4.33,0.4,3.567,0,-5.547,0,0,50.73
31161,0,0,0,8,99,3,0,0,0,0.0,0.255,0.267,18,10,84.45,14.02,3,2,1,0,0,0,0,14.29,-0.4,2.26,0,-3.927,0,0,-43.39
31163,0,0,0,2,44,6,0,0,0,0.0,68.566,0.727,18,9,85.43,15.99,3,1,1,0,0,1,0,26.79,1.4,2.022,0,-4.393,0,0,-10.42
31165,0,0,0,4,59,2,0,0,0,0.0,0.006,0.116,16,15,84.6,13.56,3,2,1,0,0,0,0,5.89,0,2.787,0,-3.927,0,0,-45.09
31167,0,0,0,5,29,5,0,0,0,1.0,14.902,0.856,24,10,84.41,15.09,2,1,1,0,0,0,0,48.56,1.4,2.858,0,-5.533,0,0,21.42
31169,0,0,0,4,61,10,0,0,0,0.0,62.297,0.439,12,10,86.62,18.35,3,2,1,0,0,0,0,-7.53,-1.2,2.66,0,-4.033,0,0,52.39
31171,0,0,0,2,34,1,0,0,0,0.0,0.092,0.196,14,11,85.0,14.62,1,1,0,0,0,0,0,10.55,-0.2,2.058,0,-4.747,0,0,-14.63
31173,0,0,0,2,29,4,0,0,0,0.0,0.061,0.464,16,13,84.03,14.27,6,5,1,0,0,0,0,40.15,0.6,2.837,0,-5.313,0,0,21.43
31175,0,0,0,2,56,3,0,0,0,0.0,53.116,0.483,15,11,84.65,15.22,5,3,1,0,0,1,0,15.57,-0.4,2.128,0,-3.987,0,0,-16.95
31177,0,0,0,2,32,6,0,0,0,0.0,0.055,0.75,18,11,84.74,16.95,4,3,1,0,0,0,0,19.78,2.6,2.935,0,-5.427,0,0,39.91
31179,0,0,0,3,23,4,0,0,0,0.0,6.035,0.503,23,14,83.84,13.68,6,5,1,0,0,0,0,65.02,1.8,2.715,0,-5.333,0,0,-6.99
31181,0,0,0,3,56,3,0,0,0,0.0,55.092,0.707,16,8,87.44,17.5,3,1,1,0,0,1,0,5.96,-0.4,2.36,0,-4.313,0,0,20.53
31183,0,0,0,2,21,1,0,0,0,0.0,0.265,0.68,17,10,83.99,14.64,3,1,1,0,0,1,0,16.97,-0.2,2.35,0,-4.227,0,0,-20.2
31185,0,0,0,4,50,5,0,0,0,0.0,258.257,0.193,14,11,85.15,16.96,5,3,1,0,0,0,1,-2.51,-0.2,3.167,0,-5.287,0,0,48.52
32001,0,0,0,0,8,1,0,0,0,0.0,0.0,0.613,14,7,90.17,22.91,1,1,0,0,0,0,0,13.32,0,1.093,0,-2.767,0,0,-61.5
32003,0,0,0,1,98,91,0,0,0,12.0,96.18,0.702,18,10,98.19,37.32,0,0,0,0,0,0,0,40.74,4.2,0.517,0,-2.773,0,0,-49.71
32005,0,0,0,1,5,15,0,0,0,0.0,8.112,0.904,16,9,82.79,24.06,9,2,1,0,6,0,0,-4.09,-1.0,0.252,0,-2.327,0,0,-59.34
32007,0,0,0,5,63,28,0,0,0,0.0,13.963,0.772,16,7,82.5,18.42,2,1,0,0,1,0,0,16.74,-1.0,0.503,0,-3.633,0,0,-64.98
32009,0,0,0,0,0,9,0,0,0,0.0,0.369,0.911,21,6,89.93,24.5,0,0,0,0,0,0,0,38.69,-0.4,-0.208,0,-3.193,0,0,-58.57
32011,0,0,0,1,31,14,0,0,0,0.0,7.223,0.712,19,8,85.03,18.4,1,0,1,0,0,0,0,13.15,-0.6,0.685,0,-5.033,0,0,-62.85
32013,0,0,0,1,17,6,0,0,0,0.0,3.022,1.042,21,8,86.51,23.4,1,1,0,0,0,0,0,14.13,0.4,0.592,0,-3.26,0,0,-65.33
32015,0,0,0,2,14,8,0,0,0,0.0,5.967,0.833,18,7,85.98,21.51,0,0,0,0,0,0,0,14.66,1.4,0.345,0,-3.987,0,0,-63.46
32017,0,0,0,0,23,37,0,0,0,0.0,0.796,0.698,15,6,90.65,27.48,1,0,1,0,0,0,0,7.78,-1.8,0.61,0,-2.933,0,0,-68.2
32019,0,0,0,0,5,11,0,0,0,0.0,1.346,0.871,18,4,88.17,23.68,3,1,1,0,1,0,0,3.87,0.2,0.715,0,-1.847,0,0,-59.62
32021,0,0,0,1,4,9,0,0,0,0.0,0.002,0.974,20,4,87.63,22.8,1,0,1,0,0,0,0,14.98,1.0,0.69,0,-2.98,0,0,-58.46
32023,0,0,0,2,56,30,0,0,0,0.0,0.925,0.86,18,8,88.96,23.63,0,0,0,0,0,0,0,46.82,0.6,0.395,0,-3.62,0,0,-65.97
32027,0,0,0,0,8,1,0,0,0,0.0,0.1,0.871,16,8,88.82,23.9,0,0,0,0,0,0,0,5.37,0,0.727,0,-2.8,0,0,-63.42
32029,0,0,0,0,1,4,0,0,0,0.0,0.41,0.915,21,8,85.26,25.83,3,2,1,0,0,0,0,6.04,-0.4,0.893,0,-2.267,0,0,-60.67
32031,0,0,0,1,14,17,0,0,0,0.0,8.587,0.906,18,7,85.06,24.2,14,2,0,0,12,0,0,-2.67,0.6,0.628,0,-3.273,0,0,-60.71
32033,0,0,0,0,22,11,0,0,0,0.0,0.018,0.644,16,5,83.21,18.07,0,0,0,0,0,0,0,14.0,-1.2,0.413,0,-3.673,0,0,-67.14
32510,0,0,0,0,2,1,0,0,0,0.0,0.07,1.058,21,7,84.64,25.32,2,2,0,0,0,0,0,-1.14,0,0.532,0,-1.867,0,0,-59.88
33001,0,0,0,3,27,7,0,0,0,0.0,0.273,0.726,14,5,78.84,15.68,4,3,1,0,0,0,0,1.21,0.0,1.575,0,-5.84,0,0,-13.16
33003,0,0,0,1,45,26,0,0,0,0.0,2.103,0.724,19,9,77.51,13.53,5,3,1,0,0,1,0,8.73,-1.6,1.65,0,-5.647,0,0,-9.42
33005,0,0,0,3,67,19,0,0,0,0.0,2.295,0.891,17,7,78.88,16.72,4,1,2,0,1,0,0,-7.58,-1.8,1.473,0,-4.86,0,0,-13.96
33007,0,0,0,1,40,25,0,0,0,2.0,4.248,0.761,19,11,73.8,9.45,4,3,1,0,0,0,0,18.55,1.8,1.253,0,-6.273,0,0,-13.8
33009,0,0,0,1,56,39,0,0,0,0.0,18.914,0.974,23,7,76.3,12.42,5,4,1,0,0,0,0,9.83,1.8,1.593,0,-6.127,0,0,-13.23
33011,0,0,0,0,65,20,0,0,0,0.0,1.766,1.12,22,6,80.19,18.39,1,1,0,0,0,0,0,3.47,-0.4,1.362,0,-4.28,0,0,-16.79
33013,0,0,0,2,43,33,0,0,0,0.0,0.335,0.96,20,7,79.36,16.26,1,1,0,0,0,0,0,-0.61,-3.8,1.377,0,-5.34,0,0,-17.05
33015,0,0,0,0,50,9,0,0,0,0.0,0.066,0.773,16,8,80.12,19.16,4,2,1,0,0,1,0,11.19,2.0,1.087,0,-3.62,0,0,-18.64
33017,0,0,0,0,26,3,0,0,0,0.0,0.158,0.379,13,10,78.96,16.87,2,1,0,0,0,1,0,11.65,-0.4,1.173,0,-4.48,0,0,-16.08
33019,0,0,0,2,33,14,0,0,0,1.0,2.312,0.967,23,7,77.72,14.66,3,1,2,0,0,0,0,-6.45,0.2,1.617,0,-5.86,0,0,-20.33
34001,0,0,0,1,31,18,0,0,0,0.0,1.056,0.963,21,10,84.1,28.48,5,2,0,3,0,0,0,6.88,-0.2,0.448,0,-1.527,0,0,-2.75
34003,0,0,0,0,51,54,0,0,0,1.0,0.831,0.958,21,7,84.25,26.09,5,2,0,3,0,0,0,17.38,-2.2,1.025,0,-2.967,0,0,-4.89
34005,0,0,0,8,84,35,0,0,0,1.0,12.731,0.919,19,9,85.51,27.84,6,3,0,3,0,0,0,3.07,-2.6,0.247,0,-1.64,0,0,1.41
34007,0,0,0,2,68,28,0,0,0,0.0,4.676,0.973,20,9,85.68,28.42,4,2,0,2,0,0,0,4.6,0.8,0.27,0,-1.687,0,0,-0.93
34009,0,0,0,2,26,13,0,0,0,0.0,0.072,0.903,21,9,83.2,29.68,5,1,0,3,0,1,0,10.04,-1.0,0.433,0,-1.813,0,0,-7.41
34011,0,0,0,1,40,19,0,0,0,0.0,0.255,0.864,17,9,84.45,28.65,4,1,0,3,0,0,0,7.44,-0.6,0.7,0,-1.613,0,0,-1.98
34013,0,0,0,1,24,31,0,0,0,5.0,0.544,1.065,18,6,84.5,26.93,5,2,0,3,0,0,0,17.44,-2.4,1.317,0,-3.147,0,0,-2.96
34015,0,0,0,3,63,27,0,0,0,0.0,22.465,0.891,18,8,85.51,28.77,4,1,0,3,0,0,0,3.35,-1.4,0.588,0,-1.78,0,0,-3.58
34017,0,0,0,0,12,33,0,0,0,1.0,0.042,1.035,20,6,84.63,29.27,3,1,0,2,0,0,0,18.3,-2.6,1.1,0,-3.04,0,0,-4.17
34019,0,0,0,2,64,30,0,0,0,6.0,6.585,0.799,16,8,83.46,23.96,3,1,0,2,0,0,0,6.72,-0.8,0.872,0,-2.127,0,0,-2.04
34021,0,0,0,5,57,23,0,0,0,2.0,55.591,0.664,17,10,85.39,26.36,3,1,0,2,0,0,0,6.7,-2.0,0.65,0,-2.133,0,0,1.62
34023,0,0,0,0,61,42,0,0,0,3.0,51.12,1.011,19,7,85.47,27.23,3,1,0,2,0,0,0,13.15,-1.0,0.845,0,-2.427,0,0,-4.19
34025,0,0,0,4,71,31,0,0,0,0.0,5.53,0.922,22,8,85.24,27.43,4,1,0,3,0,0,0,18.43,-3.6,0.517,0,-2.24,0,0,-3.99
34027,0,0,0,2,59,25,0,0,0,1.0,12.651,0.842,17,7,82.23,23.66,6,2,0,3,0,1,0,11.4,1.8,1.333,0,-3.04,0,0,-4.43
34029,0,0,0,5,67,28,0,0,0,1.0,0.694,0.939,23,10,84.6,27.6,4,1,0,2,0,1,0,11.7,-2.0,0.38,0,-1.907,0,0,1.02
34031,0,0,0,0,27,31,0,0,0,3.0,3.332,0.803,17,7,82.34,23.63,3,1,0,2,0,0,0,14.29,-2.6,1.313,0,-3.287,0,0,-6.24
34033,0,0,0,0,39,12,0,0,0,0.0,0.0,0.771,18,8,85.07,28.95,3,0,0,3,0,0,0,-1.19,-1.0,0.583,0,-1.66,0,0,-3.37
34035,0,0,0,1,57,47,0,0,0,5.0,113.112,0.896,17,8,84.66,25.52,4,2,0,2,0,0,0,10.85,-0.4,0.848,0,-2.34,0,0,-3.29
34037,0,0,0,1,55,8,0,0,0,0.0,0.07,0.635,17,9,81.19,21.18,4,0,0,3,0,1,0,4.28,-0.8,1.328,0,-3.26,0,0,-3.61
34039,0,0,0,1,38,31,0,0,0,6.0,0.476,1.142,18,5,84.88,27.82,3,1,0,2,0,0,0,16.12,-2.4,1.25,0,-3.02,0,0,-3.54
34041,0,0,0,1,59,21,0,0,0,0.0,0.03,0.849,16,8,82.0,22.21,5,2,0,2,0,1,0,-1.27,-2.6,1.448,0,-2.533,0,0,0.07
35001,0,0,0,3,56,22,0,0,0,8.0,4.22,0.894,18,4,89.02,23.5,1,0,0,0,1,0,0,23.81,3.6,0.755,0,-2.58,0,0,32.51
35003,0,0,0,0,5,8,0,0,0,0.0,0.345,0.916,15,4,82.18,19.68,0,0,0,0,0,0,0,11.92,-0.6,0.727,0,-1.193,0,0,-5.21
35005,0,0,0,6,72,23,0,0,0,0.0,7.966,1.082,20,6,94.05,27.41,0,0,0,0,0,0,0,4.81,-1.4,1.305,0,-2.38,0,0,33.22
35006,0,0,0,2,11,9,0,0,0,0.0,0.71,0.612,13,7,84.68,18.4,0,0,0,0,0,0,0,22.68,1.2,0.382,0,-3.193,0,0,-15.82
35007,0,0,0,6,74,21,0,0,0,2.0,2.069,0.44,14,8,80.99,17.14,4,1,0,0,3,0,0,-5.88,-2.6,0.79,0,-2.187,0,0,-11.87
35009,0,0,0,7,69,13,0,0,0,0.0,6.51,0.872,19,6,90.91,25.29,0,0,0,0,0,0,0,5.16,2.8,1.023,0,-2.247,0,0,25.17
35011,0,0,0,1,49,12,0,0,0,0.0,0.53,1.402,25,4,92.97,26.31,0,0,0,0,0,0,0,0.29,-1.0,1.152,0,-1.04,0,0,24.29
35013,0,0,0,0,41,23,0,0,0,0.0,1.968,1.156,22,4,95.0,30.74,0,0,0,0,0,0,0,-19.51,-1.0,1.158,0,-2.46,0,0,56.02
35015,0,0,0,5,66,28,0,0,0,2.0,1.804,0.65,16,9,95.39,31.14,1,1,0,0,0,0,0,-11.05,-0.8,1.237,0,-1.847,0,0,35.87
35017,0,0,0,1,21,11,0,0,0,2.0,0.035,1.188,23,3,88.52,27.83,0,0,0,0,0,0,0,-4.02,-1.0,1.218,0,-1.66,0,0,39.92
35019,0,0,0,3,44,7,0,0,0,0.0,0.587,0.879,18,9,90.14,24.06,1,1,0,0,0,0,0,5.43,-0.6,0.803,0,-1.66,0,0,22.37
35021,0,0,0,1,38,2,0,0,0,0.0,0.079,0.639,14,6,89.63,21.49,0,0,0,0,0,0,0,-0.11,0,0.96,0,-2.26,0,0,16.31
35023,0,0,0,1,16,2,0,0,0,1.0,0.077,0.758,20,9,93.39,28.95,0,0,0,0,0,0,0,-13.71,0,1.347,0,-2.587,0,0,40.08
35025,0,0,0,2,74,13,0,0,0,0.0,6.027,0.525,19,14,94.57,28.03,1,1,0,0,0,0,0,-3.42,2.8,1.495,0,-1.853,0,0,30.01
35027,0,0,0,8,44,39,0,0,0,2.0,1.825,0.796,17,5,88.19,24.92,6,2,0,0,4,0,0,-9.12,8.0,1.278,0,-2.78,0,0,35.47
35028,0,0,0,0,3,0,0,0,0,0.0,0.0,1.015,19,8,81.0,19.59,1,0,0,0,1,0,0,20.9,0,0.478,0,-2.027,0,0,26.34
35029,0,0,0,1,9,8,0,0,0,0.0,0.058,0.991,21,3,95.05,29.43,0,0,0,0,0,0,0,-5.65,0.2,1.368,0,-3.007,0,0,47.88
35031,0,0,0,4,9,19,0,0,0,4.0,0.68,0.906,19,9,85.75,18.73,0,0,0,0,0,0,0,19.1,-1.2,0.045,0,-2.54,0,0,-8.13
35033,0,0,0,5,40,26,0,0,0,1.0,2.897,0.852,18,4,81.47,18.53,2,0,0,0,2,0,0,-2.67,-2.6,0.34,0,-1.84,0,0,5.47
35035,0,0,0,3,39,23,0,0,0,0.0,0.484,0.634,19,8,90.05,28.37,4,2,0,0,2,0,0,-16.79,0.4,0.998,0,-2.52,0,0,52.7
35037,0,0,0,3,86,7,0,0,0,0.0,0.841,0.738,18,9,92.35,25.05,0,0,0,0,0,0,0,-11.47,-0.6,0.867,0,-2.14,0,0,31.64
35039,0,0,0,1,18,13,0,0,0,1.0,4.038,0.914,18,7,81.18,15.81,1,1,0,0,0,0,0,8.1,0.2,0.867,0,-2.093,0,0,19.17
35041,0,0,0,3,56,11,0,0,0,0.0,9.752,0.667,20,11,91.89,25.64,0,0,0,0,0,0,0,20.96,0.8,1.138,0,-2.127,0,0,21.48
35043,0,0,0,4,28,35,0,0,0,2.0,3.889,1.017,20,3,86.33,19.98,3,1,0,0,2,0,0,7.96,-3.0,0.473,0,-2.127,0,0,18.94
35045,0,0,0,3,15,18,0,0,0,1.0,3.433,1.045,25,9,89.51,20.85,0,0,0,0,0,0,0,6.34,0.2,1.278,0,-3.207,0,0,-1.8
35047,0,0,0,2,57,27,0,0,0,4.0,3.169,0.604,16,9,87.08,22.36,6,2,0,0,4,0,0,2.95,5.4,0.288,0,-1.793,0,0,20.44
35049,0,0,0,3,40,30,0,0,0,3.0,5.845,0.766,16,4,84.55,20.31,1,1,0,0,0,0,0,10.13,-0.8,0.445,0,-2.047,0,0,29.34
35051,0,0,0,0,17,18,0,0,0,0.0,3.533,0.926,18,5,90.82,27.84,1,1,0,0,0,0,0,8.36,0.0,0.913,0,-2.36,0,0,28.66
35053,0,0,0,3,40,17,0,0,0,1.0,1.825,0.863,15,3,88.66,24.14,0,0,0,0,0,0,0,13.45,-0.8,0.397,0,-3.287,0,0,-1.69
35055,0,0,0,1,11,11,0,0,0,0.0,5.752,0.983,18,5,76.84,14.9,0,0,0,0,0,0,0,6.53,-1.0,0.135,0,-0.12,0,0,19.1
35057,0,0,0,7,44,7,0,0,0,0.0,1.839,0.884,14,7,86.38,21.31,2,0,0,0,2,0,0,9.89,1.2,0.652,0,-2.28,0,0,26.58
35059,0,0,0,8,92,13,0,0,0,0.0,5.453,0.361,13,13,86.78,19.95,0,0,0,0,0,0,0,6.25,-1.0,1.062,0,-2.607,0,0,-41.28
35061,0,0,0,1,19,6,0,0,0,0.0,8.489,0.834,13,3,91.39,23.85,3,0,0,0,3,0,0,22.47,-0.4,0.715,0,-2.48,0,0,6.1
36001,0,0,0,1,72,31,0,0,0,0.0,8.163,0.763,19,6,79.96,18.73,2,0,0,1,0,1,0,5.78,-1.0,1.82,0,-5.453,0,0,-4.29
36003,0,0,0,1,54,18,0,0,0,0.0,2.854,0.947,21,10,78.51,17.75,2,1,0,1,0,0,0,-8.94,-0.4,1.663,0,-5.567,0,0,-0.91
36005,0,0,0,0,9,19,0,0,0,1.0,60.174,0.962,21,6,84.05,29.5,3,0,0,3,0,0,0,25.42,-0.8,0.728,0,-2.74,0,0,-3.54
36007,0,0,0,2,73,27,0,0,0,0.0,4.164,0.373,15,10,78.68,18.55,3,0,1,1,0,1,0,4.22,-1.0,1.442,0,-5.487,0,0,0.0
36009,0,0,0,0,60,18,0,0,0,0.0,9.162,0.907,20,9,77.98,18.06,3,1,0,0,0,2,0,-9.94,-1.0,1.853,0,-4.787,0,0,-3.28
36011,0,0,0,0,60,14,0,0,0,0.0,5.86,0.333,18,11,78.26,19.5,2,0,1,1,0,0,0,-4.4,-0.6,1.388,0,-6.453,0,0,-5.03
36013,0,0,0,1,69,24,0,0,0,0.0,8.655,0.821,23,11,78.14,19.86,4,2,0,0,0,2,0,-9.44,-2.2,2.023,0,-4.94,0,0,-4.38
36015,0,0,0,1,34,10,0,0,0,0.0,0.891,0.828,19,8,79.62,19.21,1,0,1,0,0,0,0,4.86,0.0,1.248,0,-5.007,0,0,-5.74
36017,0,0,0,1,46,13,0,0,0,0.0,1.919,0.417,15,9,77.52,17.43,4,1,1,1,0,1,0,4.0,0.2,1.162,0,-6.107,0,0,-0.01
36019,0,0,0,0,27,10,0,0,0,0.0,1.475,0.813,27,9,76.65,12.03,2,1,0,0,0,1,0,11.63,0.2,1.668,0,-7.867,0,0,-12.37
36021,0,0,0,0,69,14,0,0,0,0.0,0.056,0.727,16,7,81.11,19.95,2,0,0,1,0,1,0,7.42,-1.2,1.387,0,-4.827,0,0,-4.56
36023,0,0,0,1,43,12,0,0,0,0.0,1.617,0.323,15,10,76.94,17.11,3,1,0,1,0,1,0,-0.77,0.8,1.453,0,-6.267,0,0,-2.73
36025,0,0,0,2,51,13,0,0,0,0.0,6.737,0.432,15,10,76.68,16.98,4,1,1,1,0,1,0,5.23,0.8,1.215,0,-5.027,0,0,-0.03
36027,0,0,0,5,77,12,0,0,0,3.0,2.687,1.037,24,6,82.29,21.08,5,1,0,3,0,1,0,25.24,3.4,1.062,0,-3.427,0,0,-6.47
36029,0,0,0,4,62,25,0,0,0,0.0,3.735,0.798,21,7,79.13,20.41,5,1,0,0,0,4,0,-5.9,1.0,1.855,0,-5.24,0,0,-3.67
36031,0,0,0,0,45,14,0,0,0,0.0,6.397,0.356,18,12,74.79,10.96,3,2,0,0,0,1,0,10.79,1.4,1.442,0,-7.267,0,0,-7.87
36033,0,0,0,0,26,11,0,0,0,0.0,2.571,0.622,20,12,75.9,10.68,2,1,0,0,0,1,0,12.84,-0.4,1.8,0,-7.973,0,0,-15.06
36035,0,0,0,2,40,5,0,0,0,0.0,1.11,0.632,15,6,77.45,15.19,2,1,0,0,0,1,0,3.25,-0.4,1.737,0,-5.007,0,0,-0.09
36037,0,0,0,1,26,7,0,0,0,2.0,0.703,0.557,20,9,78.81,19.75,4,0,0,0,0,4,0,-7.18,0.8,1.547,0,-6.033,0,0,32.16
36039,0,0,0,2,36,12,0,0,0,1.0,0.271,0.452,14,9,78.14,17.91,2,0,0,1,0,1,0,10.48,-1.2,1.55,0,-5.36,0,0,-1.77
36041,0,0,0,0,23,7,0,0,0,0.0,3.8,0.434,15,9,74.03,10.5,3,2,0,0,0,1,0,1.47,1.0,1.612,0,-7.32,0,0,-6.42
36043,0,0,0,1,60,16,0,0,0,1.0,3.061,0.449,13,9,75.96,12.37,3,2,0,0,0,1,0,7.54,0.0,1.517,0,-7.127,0,0,-4.52
36045,0,0,0,0,37,8,0,0,0,0.0,4.67,0.654,16,8,77.59,15.13,4,1,1,0,0,2,0,6.71,-1.2,1.753,0,-7.66,0,0,-6.27
36047,0,0,0,0,18,13,0,0,0,2.0,60.252,1.0,20,6,83.86,30.18,3,0,0,3,0,0,0,22.02,0.2,0.898,0,-2.873,0,0,-3.38
36049,0,0,0,3,53,9,0,0,0,0.0,4.024,0.715,17,9,75.54,12.1,5,2,0,1,0,2,0,10.73,4.2,1.61,0,-8.013,0,0,-6.99
36051,0,0,0,1,40,17,0,0,0,0.0,1.861,0.748,22,8,79.33,20.13,1,1,0,0,0,0,0,-11.57,1.2,1.622,0,-5.78,0,0,35.77
36053,0,0,0,3,40,6,0,0,0,5.0,2.062,0.52,18,10,77.57,16.58,2,1,0,0,0,1,0,1.02,0.4,1.61,0,-6.607,0,0,-1.88
36055,0,0,0,1,45,23,0,0,0,0.0,5.186,0.695,20,8,79.28,21.39,1,0,1,0,0,0,0,-5.15,-1.4,1.505,0,-5.84,0,0,18.99
36057,0,0,0,1,51,22,0,0,0,0.0,0.309,0.541,17,8,80.11,17.07,3,1,0,1,0,1,0,4.15,0.0,1.813,0,-5.113,0,0,-0.14
36059,0,0,0,1,45,25,0,0,0,0.0,8.626,0.956,20,7,83.0,29.01,4,0,0,4,0,0,0,26.04,0.2,0.587,0,-2.653,0,0,-2.05
36061,0,0,0,0,14,10,0,0,0,0.0,114.061,1.012,20,6,84.24,29.79,3,0,0,3,0,0,0,21.71,-1.4,0.932,0,-2.893,0,0,-3.77
36063,0,0,0,0,32,13,0,0,0,0.0,3.257,0.537,20,8,78.93,21.77,3,0,1,0,0,2,0,-3.22,0.2,1.248,0,-5.307,0,0,-8.62
36065,0,0,0,6,70,13,0,0,0,0.0,11.506,0.5,16,9,78.1,15.79,4,1,0,1,0,2,0,6.49,0.8,1.647,0,-6.907,0,0,-4.77
36067,0,0,0,0,55,11,0,0,0,1.0,15.883,0.672,19,10,78.98,18.83,1,0,0,1,0,0,0,-3.32,1.2,1.698,0,-6.573,0,0,-4.99
36069,0,0,0,1,53,16,0,0,0,2.0,2.167,0.49,21,10,78.73,20.19,2,2,0,0,0,0,0,-9.33,-2.0,1.498,0,-5.56,0,0,1.02
36071,0,0,0,2,51,16,0,0,0,3.0,10.811,0.779,19,7,81.44,21.6,4,1,0,3,0,0,0,16.15,0.2,0.978,0,-3.227,0,0,-7.32
36073,0,0,0,0,19,6,0,0,0,0.0,1.56,0.594,22,8,78.71,20.67,3,0,1,0,0,2,0,-4.09,-1.2,1.093,0,-6.213,0,0,17.32
36075,0,0,0,0,52,13,0,0,0,0.0,5.919,0.824,23,9,78.33,17.97,3,1,1,0,0,1,0,3.05,0.0,1.717,0,-7.02,0,0,-4.13
36077,0,0,0,0,61,8,0,0,0,0.0,1.078,0.346,14,11,76.69,16.21,4,2,0,1,0,1,0,4.1,1.0,1.488,0,-5.387,0,0,0.0
36079,0,0,0,1,20,5,0,0,0,0.0,0.453,1.08,22,6,81.7,22.16,5,1,0,4,0,0,0,34.16,1.6,1.0,0,-2.947,0,0,-8.12
36081,0,0,0,1,26,27,0,0,0,11.0,60.217,0.897,19,6,83.66,29.74,4,0,0,4,0,0,0,27.22,-2.4,0.697,0,-2.733,0,0,-2.51
36083,0,0,0,1,82,17,0,0,0,0.0,4.032,1.029,23,5,79.85,18.64,2,0,0,1,0,1,0,6.21,-1.0,1.708,0,-5.373,0,0,-4.65
36085,0,0,0,0,17,13,0,0,0,0.0,60.119,1.109,20,7,84.49,29.57,4,0,0,4,0,0,0,15.44,-1.4,1.038,0,-2.86,0,0,-4.55
36087,0,0,0,1,20,21,0,0,0,1.0,3.272,0.953,19,8,83.09,24.16,5,1,0,4,0,0,0,23.75,0.0,0.955,0,-2.853,0,0,-7.41
36089,0,0,0,0,41,5,0,0,0,0.0,5.626,0.559,18,10,77.44,12.19,4,0,1,0,0,3,0,10.48,0.8,2.058,0,-8.113,0,0,-11.69
36091,0,0,0,4,98,16,0,0,0,1.0,0.831,0.924,18,6,79.19,16.93,3,1,0,1,0,1,0,3.68,-1.4,1.698,0,-5.113,0,0,-0.99
36093,0,0,0,2,45,19,0,0,0,0.0,0.423,0.869,21,6,79.91,18.07,2,0,0,1,0,1,0,4.25,-1.4,1.848,0,-5.213,0,0,-2.07
36095,0,0,0,0,49,10,0,0,0,0.0,0.109,0.4,17,10,77.67,16.27,2,0,0,1,0,1,0,8.26,-0.2,1.742,0,-5.46,0,0,-1.31
36097,0,0,0,1,28,6,0,0,0,0.0,8.168,0.707,21,8,78.54,18.91,1,0,1,0,0,0,0,-3.52,-0.8,1.362,0,-5.513,0,0,-7.19
36099,0,0,0,0,20,7,0,0,0,0.0,2.189,0.245,17,10,79.18,20.37,1,0,1,0,0,0,0,-6.7,0.2,1.272,0,-5.987,0,0,-5.55
36101,0,0,0,1,52,21,0,0,0,1.0,36.109,0.803,17,8,78.55,18.46,2,1,0,1,0,0,0,-4.51,0.0,1.793,0,-5.527,0,0,-7.83
36103,0,0,0,6,47,25,0,0,0,2.0,42.319,0.864,19,7,80.79,27.24,6,0,0,4,0,2,0,21.38,-2.2,0.508,0,-2.44,0,0,-9.55
36105,0,0,0,2,50,10,0,0,0,0.0,1.811,0.609,12,6,78.41,18.68,4,0,0,3,0,1,0,7.72,0.2,1.053,0,-4.307,0,0,-0.42
36107,0,0,0,0,48,13,0,0,0,0.0,3.275,0.488,19,10,79.07,18.86,4,1,1,1,0,1,0,4.66,-1.4,1.495,0,-5.107,0,0,-0.94
36109,0,0,0,2,48,9,0,0,0,0.0,2.458,0.248,15,13,78.25,18.43,1,0,0,0,0,1,0,-4.42,0.4,1.43,0,-5.727,0,0,-5.18
36111,0,0,0,2,74,27,0,0,0,0.0,0.356,0.677,15,8,79.27,19.62,4,0,0,3,0,1,0,14.4,-1.4,1.073,0,-4.1,0,0,-2.08
36113,0,0,0,3,41,17,0,0,0,0.0,4.901,0.661,13,8,76.68,13.57,1,1,0,0,0,0,0,8.79,2.0,1.658,0,-6.153,0,0,-3.19
36115,0,0,0,1,62,16,0,0,0,0.0,32.374,0.864,19,6,79.72,16.2,0,0,0,0,0,0,0,5.69,-0.8,1.672,0,-5.76,0,0,-2.96
36117,0,0,0,0,40,9,0,0,0,0.0,6.774,0.182,16,10,78.13,20.49,1,0,1,0,0,0,0,-5.64,-1.0,1.432,0,-6.053,0,0,-1.66
36119,0,0,0,1,44,38,0,0,0,5.0,92.992,1.071,23,5,83.12,25.01,4,0,0,4,0,0,0,28.77,-1.0,0.958,0,-2.76,0,0,-5.14
36121,0,0,0,1,31,8,0,0,0,0.0,1.712,0.793,22,7,77.32,18.36,2,0,0,0,0,2,0,-11.32,0.6,1.79,0,-5.787,0,0,39.53
36123,0,0,0,1,26,11,0,0,0,0.0,13.675,0.628,21,9,78.88,19.85,2,1,0,1,0,0,0,-8.94,-0.2,1.21,0,-5.467,0,0,-4.85
37001,0,0,0,3,65,12,0,0,0,0.0,7.859,0.579,14,9,87.22,32.53,8,0,0,7,0,1,0,-1.63,-0.4,1.177,0,0.8,0,0,16.54
37003,0,0,0,4,36,4,0,0,0,8.0,1.193,0.651,13,10,85.65,31.36,6,2,0,4,0,0,0,-8.49,0.2,1.317,0,1.473,0,0,21.01
37005,0,0,0,0,18,10,0,0,0,0.0,0.996,1.014,13,6,78.98,27.8,6,1,0,5,0,0,0,-17.03,0.2,1.537,0,0.873,0,0,19.86
37007,0,0,0,2,42,13,0,0,0,1.0,39.962,1.033,17,8,89.97,35.74,7,0,0,7,0,0,0,3.96,-1.4,0.893,0,1.74,0,0,15.39
37009,0,0,0,1,23,18,0,0,0,0.0,0.919,0.879,13,9,77.72,26.71,8,2,0,6,0,0,0,-10.04,0.8,1.243,0,1.367,0,0,20.69
37011,0,0,0,1,16,9,0,0,0,0.0,0.13,0.902,16,7,75.54,27.17,5,0,0,5,0,0,0,-12.67,-1.0,0.543,0,1.26,0,0,22.26
37013,0,0,0,6,48,6,0,0,0,1.0,16.0,0.773,15,5,87.58,37.29,10,1,0,9,0,0,0,3.84,-0.2,-0.207,0,1.147,0,0,-1.89
37015,0,0,0,7,20,7,0,0,0,2.0,12.809,0.963,15,6,87.31,34.62,8,0,0,8,0,0,0,0.76,0.4,0.87,0,0.447,0,0,-3.12
37017,0,0,0,3,41,10,0,0,0,2.0,5.976,0.843,12,7,88.89,36.66,8,0,0,8,0,0,0,-8.92,0.6,0.49,0,1.42,0,0,-1.5
37019,0,0,0,10,29,27,0,0,0,3.0,8.465,0.885,13,5,87.86,38.31,10,0,0,10,0,0,0,-4.9,-2.8,-0.333,0,1.273,0,0,-10.99
37021,0,0,0,0,54,14,0,0,0,1.0,1.902,0.913,17,8,80.75,29.49,6,0,0,5,1,0,0,-12.8,-1.6,0.873,0,1.673,0,0,23.68
37023,0,0,0,2,105,27,0,0,0,0.0,2.532,0.806,14,9,85.81,31.28,6,1,0,4,1,0,0,-14.19,-1.2,0.9,0,1.353,0,0,25.53
37025,0,0,0,3,63,21,0,0,0,1.0,1.177,0.776,16,8,88.7,33.71,5,0,0,5,0,0,0,-2.65,-1.8,0.592,0,1.627,0,0,8.24
37027,0,0,0,2,48,21,0,0,0,1.0,1.052,0.773,14,9,85.58,31.02,5,1,0,4,0,0,0,-13.91,-1.2,1.087,0,1.447,0,0,24.46
37029,0,0,0,3,14,5,0,0,0,0.0,0.681,1.017,21,7,86.58,34.76,7,0,0,7,0,0,0,5.84,0.8,0.423,0,0.447,0,0,5.87
37031,0,0,0,9,40,13,0,0,0,0.0,0.45,0.825,19,3,86.94,39.24,9,0,0,9,0,0,0,2.05,0.8,-1.432,0,1.193,0,0,-11.38
37033,0,0,0,1,68,8,0,0,0,0.0,1.053,0.535,13,9,86.84,31.17,7,0,0,6,0,1,0,-7.26,-1.2,1.322,0,0.607,0,0,16.33
37035,0,0,0,3,66,10,0,0,0,0.0,2.075,0.866,16,10,86.91,32.2,4,0,0,4,0,0,0,-9.79,-0.6,1.198,0,1.393,0,0,22.31
37037,0,0,0,1,71,6,0,0,0,0.0,27.105,0.755,14,8,88.04,33.5,8,0,0,8,0,0,0,-7.4,-1.0,1.172,0,0.707,0,0,15.13
37039,0,0,0,1,31,5,0,0,0,0.0,1.026,0.536,16,12,83.3,29.68,5,1,0,4,0,0,0,-20.46,-0.8,0.813,0,2.733,0,0,29.93
37041,0,0,0,3,14,5,0,0,0,1.0,1.267,1.023,19,6,87.1,35.38,8,0,0,8,0,0,0,4.64,0.6,0.337,0,0.52,0,0,2.18
37043,0,0,0,1,21,3,0,0,0,0.0,0.01,0.866,15,11,81.45,29.63,4,0,0,4,0,0,0,-17.66,-0.4,0.778,0,2.84,0,0,28.67
37045,0,0,0,4,61,4,0,0,0,0.0,3.146,0.729,18,12,88.04,32.05,5,1,0,4,0,0,0,-6.69,0.4,0.752,0,2.253,0,0,20.83
37047,0,0,0,7,38,16,0,0,0,0.0,3.591,0.812,13,6,88.65,37.42,9,0,0,9,0,0,0,-6.46,0.6,0.352,0,1.353,0,0,-3.48
37049,0,0,0,6,54,7,0,0,0,0.0,0.353,0.862,20,6,88.0,37.04,9,0,0,9,0,0,0,-0.84,0.2,-0.292,0,1.333,0,0,-2.38
37051,0,0,0,1,54,23,1,0,0,4.0,148.98,0.968,19,7,89.58,35.89,7,0,0,7,0,0,0,-13.26,-2.4,0.742,0,1.413,0,0,5.7
37053,0,0,0,3,28,9,0,0,0,1.0,0.68,1.009,22,8,85.68,36.08,7,0,0,7,0,0,0,6.5,-0.2,0.43,0,0.487,0,0,6.8
37055,0,0,0,2,23,9,0,0,0,1.0,0.765,0.696,17,9,85.58,38.21,9,0,0,9,0,0,0,8.42,0.4,0.147,0,0.753,0,0,0.48
37057,0,0,0,1,67,16,0,0,0,1.0,7.111,0.699,12,8,86.93,32.52,9,1,0,7,0,1,0,-11.04,-1.4,0.853,0,0.9,0,0,15.81
37059,0,0,0,1,36,4,0,0,0,0.0,0.298,0.844,11,7,86.71,31.63,8,1,0,6,0,1,0,-18.49,-0.6,1.217,0,1.64,0,0,22.49
37061,0,0,0,5,48,14,0,0,0,3.0,0.455,0.72,16,9,88.02,35.7,9,1,0,8,0,0,0,-4.65,2.6,0.298,0,1.567,0,0,-11.97
37063,0,0,0,4,59,24,0,0,0,1.0,17.864,0.845,17,7,88.23,32.0,6,0,0,6,0,0,0,-8.19,-0.6,1.865,0,0.133,0,0,12.62
37065,0,0,0,3,31,11,0,0,0,0.0,109.775,0.825,18,7,87.96,34.28,7,1,0,6,0,0,0,-4.91,-0.6,0.772,0,0.567,0,0,-2.83
37067,0,0,0,0,81,14,0,0,0,0.0,0.952,0.772,10,7,86.18,32.0,6,0,0,6,0,0,0,-18.43,-1.0,0.878,0,1.3,0,0,21.27
37069,0,0,0,0,53,4,0,0,0,1.0,11.422,0.951,19,6,88.25,32.64,6,0,0,6,0,0,0,-0.15,1.4,1.185,0,0.707,0,0,7.43
37071,0,0,0,4,60,7,0,0,0,2.0,3.333,1.139,19,9,88.62,33.76,5,1,0,4,0,0,0,-2.89,1.0,0.683,0,1.933,0,0,14.59
37073,0,0,0,1,22,4,1,0,0,1.0,0.697,0.899,16,7,87.44,33.15,6,0,0,6,0,0,0,4.07,1.8,0.732,0,0.013,0,0,-1.43
37075,0,0,0,0,21,0,0,0,0,0.0,0.0,0.582,15,11,80.09,28.86,6,1,0,5,0,0,0,-23.35,0,0.858,0,2.687,0,0,27.34
37077,0,0,0,2,41,4,0,0,0,0.0,0.83,1.01,19,6,87.65,31.32,8,0,0,7,0,1,0,-0.48,-0.6,1.597,0,0.167,0,0,10.82
37079,0,0,0,2,26,7,0,0,0,1.0,0.42,0.735,19,7,88.51,35.16,8,0,0,8,0,0,0,-7.59,-0.4,0.655,0,1.113,0,0,5.61
37081,0,0,0,2,81,32,0,0,0,2.0,87.795,0.588,11,8,86.73,32.53,8,1,0,6,0,1,0,-9.87,0.2,0.862,0,0.793,0,0,18.69
37083,0,0,0,3,54,9,0,0,0,0.0,94.466,0.835,16,7,87.73,33.04,6,0,0,6,0,0,0,-2.87,0.6,0.893,0,0.447,0,0,1.62
37085,0,0,0,2,59,13,0,0,0,2.0,39.194,0.944,16,8,88.94,34.94,7,0,0,7,0,0,0,-11.83,-1.2,0.955,0,1.113,0,0,6.54
37087,0,0,0,0,17,4,0,0,0,6.0,200.981,0.779,15,8,75.88,27.72,5,0,0,5,0,0,0,-16.75,-0.6,0.787,0,2.433,0,0,20.92
37089,0,0,0,1,48,22,0,0,0,0.0,0.496,0.533,15,11,80.88,30.74,5,0,0,4,1,0,0,-13.06,1.8,0.713,0,2.013,0,0,29.03
37091,0,0,0,3,20,4,0,0,0,0.0,0.613,0.864,15,7,87.25,33.28,8,1,0,7,0,0,0,-2.17,1.8,1.198,0,-0.12,0,0,-0.69
37093,0,0,0,1,28,7,0,0,0,0.0,35.042,1.242,21,7,89.71,35.91,8,0,0,8,0,0,0,-8.28,-0.4,1.018,0,1.213,0,0,14.63
37095,0,0,0,3,18,6,0,0,0,0.0,0.058,0.84,15,5,86.97,38.63,10,0,0,10,0,0,0,4.22,0.4,-0.45,0,0.973,0,0,-3.2
37097,0,0,0,5,89,6,0,0,0,1.0,1.485,0.886,16,9,86.73,31.93,6,1,0,5,0,0,0,-9.83,0.0,1.122,0,1.547,0,0,20.05
37099,0,0,0,0,21,5,0,0,0,0.0,0.329,0.842,12,8,78.02,28.73,5,0,0,5,0,0,0,-20.16,-0.6,0.902,0,3.033,0,0,25.88
37101,0,0,0,3,87,16,0,0,0,6.0,71.716,0.987,18,7,88.91,34.87,7,0,0,7,0,0,0,-12.72,0.2,1.57,0,1.72,0,0,0.93
37103,0,0,0,3,21,4,0,0,0,0.0,1.313,0.852,20,7,88.2,36.07,9,0,0,9,0,0,0,-2.07,0.6,-0.147,0,1.38,0,0,-7.25
37105,0,0,0,1,34,6,0,0,0,1.0,26.299,0.995,14,7,88.34,34.46,7,0,0,7,0,0,0,-14.49,-0.8,1.005,0,0.867,0,0,12.0
37107,0,0,0,3,33,10,0,0,0,5.0,0.001,0.574,17,8,88.46,35.26,9,0,0,9,0,0,0,-5.12,1.4,0.278,0,1.68,0,0,0.91
37109,0,0,0,3,48,4,0,0,0,1.0,0.587,1.059,21,10,87.72,32.84,4,0,0,4,0,0,0,-5.13,-0.8,0.907,0,1.66,0,0,20.65
37111,0,0,0,3,82,23,0,0,0,0.0,1.888,0.856,13,9,84.47,31.05,6,0,0,6,0,0,0,-15.49,-0.6,0.282,0,0.34,0,0,24.17
37113,0,0,0,0,20,6,0,0,0,0.0,0.432,0.956,12,7,79.7,29.4,4,0,0,4,0,0,0,-20.62,-0.8,0.845,0,3.0,0,0,28.83
37115,0,0,0,0,29,4,0,0,0,0.0,0.259,0.93,16,8,81.71,29.65,7,1,0,6,0,0,0,-6.32,-0.6,0.747,0,1.873,0,0,11.13
37117,0,0,0,3,34,2,0,0,0,0.0,0.041,0.969,16,7,87.71,35.28,6,0,0,6,0,0,0,-0.54,1.0,0.63,0,0.68,0,0,-3.83
37119,0,0,0,5,111,23,0,0,0,1.0,4.104,1.093,19,8,89.07,34.27,4,0,0,4,0,0,0,-0.49,-0.4,0.62,0,1.36,0,0,7.39
37121,0,0,0,0,5,4,0,0,0,0.0,0.206,0.679,16,9,77.71,27.15,6,1,0,5,0,0,0,-9.76,-0.4,1.078,0,1.247,0,0,20.95
37123,0,0,0,0,36,7,0,0,0,0.0,20.748,1.174,17,7,89.09,35.36,8,0,0,8,0,0,0,-8.2,-0.8,1.253,0,0.22,0,0,12.91
37125,0,0,0,1,75,11,0,0,0,0.0,33.124,1.306,19,6,89.02,35.63,7,0,0,7,0,0,0,-18.5,-1.0,1.147,0,0.46,0,0,15.54
37127,0,0,0,3,54,5,0,0,0,0.0,534.441,0.909,18,6,88.15,33.25,6,0,0,6,0,0,0,-7.17,-0.2,1.103,0,0.72,0,0,0.07
37129,0,0,0,8,31,27,0,0,0,3.0,7.583,1.069,16,5,88.02,38.38,9,0,0,9,0,0,0,-9.7,-1.6,-0.605,0,1.373,0,0,-15.56
37131,0,0,0,1,25,5,0,0,0,0.0,0.725,0.763,13,7,87.47,32.68,6,0,0,6,0,0,0,-1.71,-0.2,1.017,0,0.193,0,0,1.12
37133,0,0,0,3,38,17,0,0,0,1.0,0.001,1.006,17,6,87.7,37.3,9,0,0,9,0,0,0,0.57,-0.8,-0.497,0,1.453,0,0,-15.45
37135,0,0,0,3,73,19,0,0,0,1.0,34.626,0.728,16,8,87.19,32.01,8,0,0,7,0,1,0,-4.66,-0.4,1.617,0,0.507,0,0,13.65
37137,0,0,0,3,11,3,0,0,0,0.0,0.0,0.76,14,4,87.37,38.97,9,0,0,9,0,0,0,1.21,-0.4,-0.548,0,1.447,0,0,-0.54
37139,0,0,0,1,14,6,0,0,0,0.0,1.989,1.051,22,7,86.77,34.95,7,0,0,7,0,0,0,4.69,1.6,0.347,0,0.62,0,0,9.01
37141,0,0,0,7,32,21,0,0,0,1.0,7.605,0.973,14,5,87.94,37.14,10,1,0,9,0,0,0,-4.75,-0.4,-0.297,0,1.393,0,0,-12.06
37143,0,0,0,3,14,5,0,0,0,0.0,2.299,1.041,21,5,87.07,34.95,8,1,0,7,0,0,0,4.75,0.6,0.302,0,0.58,0,0,8.24
37145,0,0,0,0,59,7,0,0,0,0.0,0.37,0.897,19,7,86.74,30.85,8,0,0,7,0,1,0,-2.36,-0.6,1.903,0,0.267,0,0,12.02
37147,0,0,0,2,48,7,0,0,0,1.0,0.781,0.832,18,6,88.21,35.61,9,0,0,9,0,0,0,-2.16,2.6,0.4,0,0.92,0,0,0.23
37149,0,0,0,1,33,11,0,0,0,3.0,0.958,0.51,16,13,86.71,33.07,6,1,0,5,0,0,0,-14.42,-0.4,1.058,0,1.54,0,0,29.16
37151,0,0,0,1,81,18,0,0,0,0.0,31.897,0.577,13,8,87.75,33.26,9,1,0,7,0,1,0,-4.62,-0.8,0.9,0,0.527,0,0,14.17
37153,0,0,0,0,39,7,0,0,0,0.0,52.09,1.33,18,6,89.91,36.23,7,0,0,7,0,0,0,-5.89,-0.6,1.113,0,1.347,0,0,13.93
37155,0,0,0,5,51,8,0,0,0,2.0,5.775,1.103,16,7,90.06,36.95,9,1,0,8,0,0,0,-4.35,0.0,0.965,0,1.507,0,0,4.09
37157,0,0,0,3,79,21,0,0,0,0.0,11.196,0.596,12,9,86.75,31.63,7,1,0,6,0,0,0,-17.6,0.4,1.133,0,0.587,0,0,18.21
37159,0,0,0,2,79,7,0,0,0,0.0,1.102,0.811,14,10,87.45,32.73,6,1,0,5,0,0,0,-5.37,0.0,0.967,0,1.207,0,0,15.02
37161,0,0,0,3,69,9,0,0,0,0.0,1.151,0.676,13,12,87.34,32.5,6,1,0,4,1,0,0,-11.0,-1.0,0.55,0,1.467,0,0,26.53
37163,0,0,0,5,52,16,0,0,0,1.0,81.163,0.793,16,8,88.67,35.61,9,1,0,8,0,0,0,-9.54,1.0,0.732,0,1.593,0,0,-8.05
37165,0,0,0,0,27,6,0,0,0,2.0,38.693,1.378,19,7,90.21,36.47,7,0,0,7,0,0,0,-0.21,0.6,1.297,0,1.513,0,0,11.18
37167,0,0,0,4,49,17,0,0,0,0.0,24.808,0.906,15,8,89.16,34.71,6,1,0,5,0,0,0,3.12,0.0,1.048,0,1.12,0,0,11.32
37169,0,0,0,1,71,12,0,0,0,0.0,23.275,0.779,10,7,85.6,31.81,8,2,0,6,0,0,0,-17.91,-0.8,0.817,0,0.96,0,0,20.52
37171,0,0,0,2,70,20,0,0,0,0.0,2.667,0.816,11,9,85.2,30.5,6,0,0,6,0,0,0,-12.95,0.6,1.362,0,1.56,0,0,20.66
37173,0,0,0,1,19,6,0,0,0,1.0,0.286,0.627,11,9,77.39,28.28,5,1,0,4,0,0,0,-18.3,-0.4,0.747,0,2.893,0,0,25.92
37175,0,0,0,0,21,30,0,0,0,0.0,11.187,0.913,15,7,78.95,30.46,5,0,0,5,0,0,0,-16.52,-2.2,0.562,0,2.067,0,0,26.34
37177,0,0,0,2,11,1,0,0,0,0.0,0.005,0.902,18,6,86.95,36.83,8,0,0,8,0,0,0,6.64,0,0.087,0,0.707,0,0,-0.63
37179,0,0,0,3,52,19,0,0,0,2.0,0.519,0.989,16,8,89.45,35.01,5,0,0,5,0,0,0,10.6,0.2,0.652,0,1.38,0,0,9.0
37181,0,0,0,1,25,2,0,0,0,0.0,0.278,1.038,20,7,87.87,31.45,6,0,0,6,0,0,0,4.68,-0.2,1.163,0,0.207,0,0,10.16
37183,0,0,0,5,138,55,0,0,0,5.0,209.522,0.851,17,7,88.45,33.8,6,0,0,6,0,0,0,-12.73,3.2,1.575,0,0.513,0,0,5.52
37185,0,0,0,1,38,9,0,0,0,1.0,0.416,1.009,19,6,88.04,32.09,6,0,0,6,0,0,0,1.52,-0.8,1.068,0,0.287,0,0,9.64
37187,0,0,0,1,24,1,0,0,0,0.0,0.004,0.957,17,5,87.34,35.91,7,0,0,7,0,0,0,6.59,-0.2,0.123,0,0.68,0,0,-5.01
37189,0,0,0,1,27,34,0,0,0,2.0,3.788,0.91,18,7,77.26,27.29,5,0,0,5,0,0,0,-12.03,-0.4,0.855,0,1.48,0,0,21.05
37191,0,0,0,5,52,12,0,0,0,3.0,197.752,0.796,17,8,88.61,35.3,9,1,0,8,0,0,0,-10.25,-0.4,1.127,0,1.713,0,0,-2.91
37193,0,0,0,3,69,16,0,0,0,0.0,2.832,1.001,14,7,84.87,30.88,5,1,0,4,0,0,0,-12.45,-0.4,1.352,0,1.227,0,0,19.65
37195,0,0,0,2,40,11,0,0,0,2.0,78.59,0.947,18,6,88.45,34.56,8,1,0,7,0,0,0,-12.6,-0.2,1.322,0,0.767,0,0,-1.98
37197,0,0,0,2,55,9,0,0,0,0.0,11.216,0.787,12,9,85.99,30.87,8,2,0,6,0,0,0,-20.28,0.6,1.417,0,1.967,0,0,22.46
37199,0,0,0,1,9,6,0,0,0,1.0,0.038,0.757,16,8,77.32,27.08,7,1,0,6,0,0,0,-11.94,-0.8,1.247,0,0.933,0,0,19.08
38001,0,0,0,0,47,1,0,0,0,0.0,2.07,0.257,17,14,82.51,7.83,2,1,1,0,0,0,0,5.83,0,2.925,0,-6.587,0,0,-32.89
38003,0,0,0,7,59,0,0,0,0,0.0,0.233,0.628,18,6,80.31,3.79,5,1,4,0,0,0,0,7.04,0,3.982,0,-12.353,0,0,-23.48
38005,0,0,0,5,49,3,0,0,0,0.0,11.385,0.726,16,5,79.61,1.16,3,1,2,0,0,0,0,47.18,-0.4,3.182,0,-11.42,0,0,-2.43
38007,0,0,0,0,29,1,0,0,0,0.0,1.75,0.223,18,14,82.42,8.04,1,1,0,0,0,0,0,-5.36,0,2.518,0,-6.827,0,0,-47.68
38009,0,0,0,3,32,1,0,0,0,0.0,6.765,0.481,15,7,79.44,1.09,3,1,2,0,0,0,0,17.18,0,2.857,0,-10.347,0,0,7.3
38011,0,0,0,1,37,0,0,0,0,0.0,1.294,0.304,20,11,83.02,9.02,0,0,0,0,0,0,0,-3.57,0,2.588,0,-5.607,0,0,-13.35
38013,0,0,0,0,18,2,0,0,0,0.0,0.63,0.314,17,11,79.06,1.78,3,2,1,0,0,0,0,2.4,-0.2,2.388,0,-8.96,0,0,-22.46
38015,0,0,0,1,55,4,0,0,0,0.0,56.366,0.284,18,11,81.2,4.96,0,0,0,0,0,0,0,21.68,-0.6,2.005,0,-8.933,0,0,-35.74
38017,0,0,0,6,80,10,0,0,0,0.0,5.632,0.326,18,10,81.33,3.53,2,0,2,0,0,0,0,7.98,1.6,4.388,0,-14.653,0,0,-20.98
38019,0,0,0,7,30,2,0,0,0,0.0,7.89,0.695,18,6,77.8,0.07,2,1,1,0,0,0,0,13.37,0,3.215,0,-12.18,0,0,44.48
38021,0,0,0,2,32,3,0,0,0,0.0,3.569,0.26,15,7,80.44,5.78,6,1,4,0,0,1,0,5.22,-0.2,3.502,0,-10.733,0,0,-22.39
38023,0,0,0,0,23,2,0,0,0,0.0,0.933,0.631,21,11,80.25,2.66,3,2,1,0,0,0,0,-10.77,0,3.102,0,-10.307,0,0,-8.67
38025,0,0,0,5,47,3,0,0,0,0.0,27.111,0.432,19,11,81.98,7.16,2,1,1,0,0,0,0,6.19,-0.2,2.317,0,-8.1,0,0,-45.99
38027,0,0,0,4,40,2,0,0,0,0.0,0.573,0.417,15,6,79.52,2.25,2,0,2,0,0,0,0,27.01,-0.2,3.328,0,-11.487,0,0,-20.25
38029,0,0,0,0,33,3,0,0,0,0.0,2.23,0.137,17,9,81.29,5.81,3,1,2,0,0,0,0,12.56,-0.4,2.513,0,-8.78,0,0,-37.25
38031,0,0,0,1,30,1,0,0,0,0.0,4.816,0.289,16,9,79.69,2.84,3,1,2,0,0,0,0,23.93,-0.2,3.402,0,-11.393,0,0,-34.9
38033,0,0,0,1,28,1,0,0,0,0.0,1.09,0.191,18,12,82.65,8.47,2,1,1,0,0,0,0,-3.69,-0.2,2.595,0,-6.127,0,0,-42.51
38035,0,0,0,13,77,14,0,0,0,0.0,13.729,0.408,17,10,80.23,1.68,6,2,4,0,0,0,0,6.98,-1.0,4.047,0,-14.733,0,0,14.32
38037,0,0,0,1,49,1,0,0,0,0.0,3.149,0.171,17,14,82.15,6.75,3,2,1,0,0,0,0,8.0,-0.2,2.655,0,-7.593,0,0,-29.94
38039,0,0,0,5,36,0,0,0,0,0.0,0.003,0.492,15,6,79.07,2.07,2,1,1,0,0,0,0,14.41,0,3.825,0,-11.873,0,0,-22.93
38041,0,0,0,2,49,3,0,0,0,2.0,3.09,0.137,16,13,81.87,7.26,3,1,2,0,0,0,0,5.6,-0.4,2.46,0,-6.673,0,0,-41.17
38043,0,0,0,1,41,2,0,0,0,0.0,1.404,0.141,19,10,80.24,3.07,5,2,2,0,0,1,0,26.48,-0.2,2.31,0,-9.867,0,0,-35.76
38045,0,0,0,3,31,2,0,0,0,0.0,2.591,0.425,17,7,80.31,5.63,6,2,4,0,0,0,0,5.14,-0.4,3.632,0,-11.073,0,0,-24.12
38047,0,0,0,0,22,1,0,0,0,0.0,1.672,0.195,18,8,79.47,4.99,4,1,3,0,0,0,0,11.09,0,2.907,0,-9.52,0,0,-31.57
38049,0,0,0,1,28,1,0,0,0,0.0,2.192,0.582,16,9,80.81,2.78,4,1,3,0,0,0,0,17.48,-0.2,2.83,0,-10.487,0,0,-19.92
38051,0,0,0,3,30,0,0,0,0,0.0,1.412,0.154,16,8,79.47,5.68,2,1,1,0,0,0,0,-6.29,0,3.068,0,-9.22,0,0,-27.55
38053,0,0,0,7,46,2,0,0,0,1.0,13.053,0.37,18,10,82.22,7.06,4,3,1,0,0,0,0,11.62,-0.2,2.29,0,-8.407,0,0,-48.86
38055,0,0,0,3,52,1,0,0,0,1.0,4.413,0.578,18,8,81.24,5.55,1,1,0,0,0,0,0,20.31,0,2.462,0,-9.467,0,0,-40.64
38057,0,0,0,2,37,3,0,0,0,0.0,8.25,0.379,19,10,81.89,6.33,2,0,1,0,0,1,0,23.45,-0.2,2.353,0,-8.707,0,0,-38.43
38059,0,0,0,5,73,2,0,0,0,0.0,7.692,0.26,18,11,81.91,6.34,2,0,2,0,0,0,0,16.29,-0.4,2.247,0,-8.2,0,0,-34.94
38061,0,0,0,2,41,2,0,0,0,0.0,3.178,0.515,17,9,80.34,4.23,5,2,3,0,0,0,0,7.1,-0.2,2.28,0,-8.667,0,0,-46.68
38063,0,0,0,9,41,2,0,0,0,0.0,10.31,0.594,15,6,78.66,1.09,6,2,3,0,0,1,0,13.55,-0.4,3.663,0,-12.287,0,0,3.51
38065,0,0,0,2,30,1,0,0,0,0.0,0.832,0.261,17,10,81.33,6.32,1,1,0,0,0,0,0,19.7,-0.2,2.795,0,-8.98,0,0,-37.87
38067,0,0,0,2,37,13,0,0,0,0.0,12.394,0.692,18,7,79.71,1.52,5,1,4,0,0,0,0,3.74,-1.8,3.643,0,-13.38,0,0,51.61
38069,0,0,0,0,27,0,0,0,0,0.0,1.367,0.732,18,6,79.97,1.01,2,0,2,0,0,0,0,29.9,0,3.175,0,-10.867,0,0,0.23
38071,0,0,0,5,45,2,0,0,0,0.0,10.453,0.748,16,3,78.8,0.43,1,1,0,0,0,0,0,36.84,-0.2,3.142,0,-11.773,0,0,27.45
38073,0,0,0,0,35,5,0,0,0,0.0,0.244,0.226,17,12,81.36,4.55,5,1,3,0,0,1,0,9.32,-0.6,4.053,0,-12.927,0,0,-20.43
38075,0,0,0,1,21,1,0,0,0,0.0,0.227,0.385,14,10,79.94,2.77,3,1,2,0,0,0,0,3.32,0,2.442,0,-9.147,0,0,-7.76
38077,0,0,0,5,53,7,0,0,0,0.0,1.468,0.314,16,10,81.24,5.42,4,1,3,0,0,0,0,25.77,1.4,4.23,0,-13.66,0,0,-18.11
38079,0,0,0,3,21,1,0,0,0,1.0,2.122,0.771,17,6,77.82,0.15,2,1,1,0,0,0,0,22.33,-0.2,3.093,0,-11.193,0,0,19.77
38081,0,0,0,3,30,1,0,0,0,0.0,0.1,0.017,14,14,80.88,5.19,6,1,4,0,0,1,0,12.9,-0.2,3.995,0,-12.387,0,0,-19.55
38083,0,0,0,1,14,1,0,0,0,0.0,1.037,0.53,19,7,80.85,4.1,2,0,2,0,0,0,0,24.13,-0.2,2.152,0,-9.107,0,0,-34.3
38085,0,0,0,0,30,1,0,0,0,2.0,1.295,0.181,17,12,82.7,6.54,1,1,0,0,0,0,0,11.12,-0.2,2.472,0,-8.54,0,0,-30.34
38087,0,0,0,0,29,0,0,0,0,0.0,1.392,0.171,18,10,82.68,8.89,0,0,0,0,0,0,0,2.78,0,2.295,0,-5.68,0,0,-34.18
38089,0,0,0,2,59,2,0,0,0,1.0,2.957,0.219,17,12,81.89,7.23,0,0,0,0,0,0,0,7.36,-0.2,2.115,0,-6.847,0,0,-43.87
38091,0,0,0,6,40,2,0,0,0,0.0,10.514,0.058,15,8,78.96,1.59,4,1,3,0,0,0,0,3.29,-0.4,4.075,0,-13.687,0,0,-19.08
38093,0,0,0,4,54,3,0,0,0,0.0,15.188,0.483,18,7,79.74,4.48,3,1,2,0,0,0,0,19.67,0.8,3.443,0,-11.193,0,0,-33.89
38095,0,0,0,7,28,3,0,0,0,0.0,0.219,0.898,17,5,78.65,-0.03,3,1,2,0,0,0,0,30.67,0,3.003,0,-11.58,0,0,33.15
38097,0,0,0,6,49,5,0,0,0,0.0,12.1,-0.096,14,10,80.07,2.58,4,1,3,0,0,0,0,0.41,-1.0,4.158,0,-14.76,0,0,-14.74
38099,0,0,0,5,42,8,0,0,0,0.0,3.072,0.637,16,8,79.52,1.53,6,1,5,0,0,0,0,8.33,-1.0,3.735,0,-13.507,0,0,52.18
38101,0,0,0,0,48,2,0,0,0,0.0,1.658,0.601,18,10,80.26,4.68,2,1,1,0,0,0,0,9.02,-0.2,2.245,0,-9.327,0,0,-34.83
38103,0,0,0,2,38,5,0,0,0,0.0,4.786,0.333,15,9,79.94,2.59,6,2,3,0,0,1,0,30.29,-1.0,2.835,0,-10.84,0,0,-31.64
38105,0,0,0,2,41,4,0,0,0,0.0,6.045,0.624,20,9,81.68,4.92,2,2,0,0,0,0,0,11.23,-0.2,2.607,0,-9.04,0,0,-42.28
39001,0,0,0,1,38,28,0,0,0,0.0,2.336,0.494,19,10,84.24,25.64,2,0,2,0,0,0,0,-21.35,-1.2,1.82,0,-1.413,0,0,-1.65
39003,0,0,0,2,30,4,0,0,0,0.0,0.168,0.757,16,8,82.46,23.03,0,0,0,0,0,0,0,-14.63,-0.4,2.327,0,-4.413,0,0,12.26
39005,0,0,0,3,38,9,0,0,0,0.0,1.392,0.782,21,8,81.43,21.93,0,0,0,0,0,0,0,-15.22,0.8,1.883,0,-3.98,0,0,2.96
39007,0,0,0,1,37,4,0,0,0,0.0,17.261,0.787,19,9,79.72,21.92,0,0,0,0,0,0,0,-16.94,0.4,1.808,0,-4.56,0,0,2.7
39009,0,0,0,2,40,45,0,0,0,0.0,0.541,0.659,20,9,82.91,25.32,2,0,2,0,0,0,0,-27.78,-1.0,2.043,0,-2.533,0,0,14.11
39011,0,0,0,3,25,17,0,0,0,0.0,4.891,0.546,15,10,82.39,22.66,1,0,0,0,0,0,1,-14.65,-0.8,2.235,0,-4.307,0,0,9.99
39013,0,0,0,3,36,18,0,0,0,0.0,1.521,0.416,20,9,81.78,23.76,2,0,2,0,0,0,0,-8.66,0.8,1.76,0,-3.14,0,0,4.95
39015,0,0,0,7,53,29,0,0,0,3.0,4.807,0.453,17,12,84.04,25.15,2,0,2,0,0,0,0,-19.54,-1.8,1.907,0,-1.84,0,0,-2.7
39017,0,0,0,3,57,22,0,0,0,0.0,1.119,0.512,17,10,84.4,24.61,0,0,0,0,0,0,0,-16.08,-0.2,1.893,0,-2.58,0,0,3.32
39019,0,0,0,2,40,9,0,0,0,0.0,1.238,0.824,21,8,81.53,23.22,0,0,0,0,0,0,0,-12.84,1.4,1.548,0,-3.54,0,0,-1.34
39021,0,0,0,3,34,12,0,0,0,0.0,0.462,0.405,15,11,81.58,22.68,0,0,0,0,0,0,0,-18.01,-0.6,2.138,0,-3.86,0,0,3.14
39023,0,0,0,10,55,25,0,0,0,0.0,2.014,0.604,17,10,82.13,23.52,0,0,0,0,0,0,0,-21.39,-1.8,2.383,0,-3.933,0,0,9.73
39025,0,0,0,6,73,28,0,0,0,0.0,4.654,0.483,17,11,84.39,25.94,0,0,0,0,0,0,0,-16.3,-3.4,2.262,0,-2.127,0,0,-0.09
39027,0,0,0,2,57,15,0,0,0,0.0,0.671,0.718,20,9,82.9,24.88,0,0,0,0,0,0,0,-20.61,-1.6,2.413,0,-3.32,0,0,5.46
39029,0,0,0,3,64,8,0,0,0,0.0,1.641,0.338,17,9,81.02,22.68,2,0,1,0,0,0,1,-8.03,-1.0,1.67,0,-3.747,0,0,-1.85
39031,0,0,0,0,45,15,0,0,0,1.0,1.074,0.631,18,7,81.93,23.13,1,0,1,0,0,0,0,-8.71,-0.8,1.993,0,-3.267,0,0,-2.3
39033,0,0,0,5,30,3,0,0,0,0.0,2.834,1.066,22,6,82.07,22.12,0,0,0,0,0,0,0,-8.91,0.6,2.003,0,-4.427,0,0,-3.86
39035,0,0,0,2,76,27,0,0,0,0.0,52.496,0.875,22,9,80.69,24.12,0,0,0,0,0,0,0,-14.63,-1.2,1.82,0,-4.267,0,0,6.61
39037,0,0,0,8,42,16,0,0,0,0.0,1.356,0.907,17,8,82.6,23.35,1,0,0,0,0,0,1,-12.14,0.4,1.773,0,-3.747,0,0,6.41
39039,0,0,0,3,30,2,0,0,0,0.0,0.103,0.636,17,9,82.58,21.73,0,0,0,0,0,0,0,-9.1,0,2.078,0,-4.4,0,0,6.83
39041,0,0,0,3,49,19,0,0,0,0.0,0.482,0.597,18,9,82.81,23.33,0,0,0,0,0,0,0,-17.84,-2.0,2.203,0,-3.827,0,0,-2.81
39043,0,0,0,2,36,6,0,0,0,0.0,5.764,0.74,23,9,81.16,23.85,0,0,0,0,0,0,0,3.77,0.4,1.798,0,-4.24,0,0,-7.84
39045,0,0,0,4,46,17,0,0,0,0.0,1.239,0.623,17,10,82.73,24.32,0,0,0,0,0,0,0,-19.9,-2.0,1.898,0,-2.14,0,0,9.64
39047,0,0,0,3,32,8,0,0,0,0.0,0.414,0.652,18,10,83.04,24.12,0,0,0,0,0,0,0,-23.09,-1.2,2.157,0,-3.413,0,0,10.79
39049,0,0,0,3,82,33,0,0,0,1.0,2.009,0.657,18,10,83.6,24.41,0,0,0,0,0,0,0,-20.83,-2.6,2.31,0,-3.453,0,0,9.47
39051,0,0,0,1,27,2,0,0,0,0.0,0.04,0.721,18,9,82.58,21.65,0,0,0,0,0,0,0,-9.7,-0.2,2.015,0,-4.967,0,0,-0.1
39053,0,0,0,0,34,38,0,0,0,1.0,1.696,0.074,16,12,83.69,25.88,2,0,2,0,0,0,0,-25.07,2.4,1.717,0,-0.973,0,0,14.99
39055,0,0,0,3,44,5,0,0,0,0.0,2.288,0.943,21,7,79.93,21.76,0,0,0,0,0,0,0,-10.6,0.8,1.805,0,-4.373,0,0,3.75
39057,0,0,0,5,60,25,0,0,0,0.0,52.465,0.704,17,10,82.66,24.69,1,0,0,0,0,0,1,-19.79,-3.0,2.072,0,-3.353,0,0,9.35
39059,0,0,0,1,39,13,0,0,0,0.0,0.381,0.718,18,9,82.47,23.57,1,0,1,0,0,0,0,-16.25,1.8,2.45,0,-3.54,0,0,5.7
39061,0,0,0,3,78,46,0,0,0,2.0,6.096,0.509,15,10,84.81,25.87,1,0,1,0,0,0,0,-17.55,-1.4,2.128,0,-2.16,0,0,8.09
39063,0,0,0,1,40,8,0,0,0,0.0,15.393,1.075,19,8,82.8,23.29,0,0,0,0,0,0,0,-5.84,-1.2,2.29,0,-4.433,0,0,2.02
39065,0,0,0,3,17,15,0,0,0,0.0,0.716,1.057,20,8,82.21,23.3,0,0,0,0,0,0,0,-13.85,-1.2,2.133,0,-4.047,0,0,2.2
39067,0,0,0,1,33,12,0,0,0,4.0,0.878,0.734,21,9,81.85,23.46,1,0,1,0,0,0,0,-13.06,-0.2,1.792,0,-3.607,0,0,3.66
39069,0,0,0,2,44,2,0,0,0,0.0,0.109,0.777,17,9,82.92,22.35,0,0,0,0,0,0,0,-6.42,-0.2,1.995,0,-4.547,0,0,2.2
39071,0,0,0,6,50,16,0,0,0,0.0,2.613,0.652,22,12,83.55,24.97,0,0,0,0,0,0,0,-22.16,-0.4,2.252,0,-2.627,0,0,3.89
39073,0,0,0,2,32,27,0,0,0,0.0,2.423,0.612,19,11,82.31,24.68,2,0,1,0,0,0,1,-20.47,-3.2,2.055,0,-2.087,0,0,13.1
39075,0,0,0,2,28,5,0,0,0,0.0,1.144,0.647,19,7,81.43,22.56,0,0,0,0,0,0,0,-6.64,-0.4,1.832,0,-3.773,0,0,-0.45
39077,0,0,0,5,45,5,0,0,0,0.0,2.631,0.747,21,9,81.71,22.14,0,0,0,0,0,0,0,-5.08,2.4,1.742,0,-4.273,0,0,-4.2
39079,0,0,0,1,34,17,0,0,0,0.0,1.384,0.364,18,11,82.82,25.71,2,0,2,0,0,0,0,-20.69,0.8,1.983,0,-1.847,0,0,5.35
39081,0,0,0,2,47,7,0,0,0,0.0,2.146,0.359,18,10,81.42,24.03,2,0,2,0,0,0,0,-12.67,0.2,1.927,0,-3.287,0,0,2.01
39083,0,0,0,1,35,7,0,0,0,0.0,0.556,0.483,18,8,81.19,22.3,0,0,0,0,0,0,0,-9.01,0.4,2.053,0,-3.427,0,0,0.4
39085,0,0,0,2,36,10,0,0,0,0.0,1.353,1.082,23,7,80.02,24.07,0,0,0,0,0,0,0,-8.52,1.2,2.038,0,-3.887,0,0,-0.4
39087,0,0,0,1,42,35,0,0,0,0.0,1.491,0.528,16,10,84.67,26.74,2,0,2,0,0,0,0,-22.17,-0.4,2.06,0,-0.953,0,0,18.77
39089,0,0,0,2,68,30,0,0,0,0.0,1.783,0.616,17,8,82.04,23.32,0,0,0,0,0,0,0,-15.23,-3.6,1.802,0,-3.04,0,0,-0.84
39091,0,0,0,0,39,20,0,0,0,0.0,1.593,0.444,15,9,81.49,22.5,0,0,0,0,0,0,0,-17.26,0.2,1.965,0,-4.013,0,0,3.63
39093,0,0,0,5,53,12,0,0,0,0.0,36.749,0.379,17,11,80.98,23.08,0,0,0,0,0,0,0,-9.95,1.6,1.893,0,-4.44,0,0,0.88
39095,0,0,0,2,52,6,0,0,0,1.0,26.23,1.084,24,9,83.35,23.52,0,0,0,0,0,0,0,5.32,1.4,1.783,0,-4.873,0,0,-5.34
39097,0,0,0,4,34,8,0,0,0,0.0,0.412,0.673,17,9,82.7,23.56,0,0,0,0,0,0,0,-20.25,-1.2,2.583,0,-4.127,0,0,10.05
39099,0,0,0,2,47,7,0,0,0,0.0,13.313,0.739,18,9,81.61,21.92,1,0,0,0,0,0,1,-3.75,-1.2,1.61,0,-4.593,0,0,-4.01
39101,0,0,0,2,26,13,0,0,0,0.0,0.642,0.954,19,9,82.52,23.07,0,0,0,0,0,0,0,-14.65,-1.6,2.293,0,-4.567,0,0,-3.97
39103,0,0,0,6,41,10,0,0,0,1.0,19.401,0.743,21,10,81.42,22.7,0,0,0,0,0,0,0,-13.29,-0.4,1.727,0,-4.073,0,0,5.6
39105,0,0,0,2,33,46,0,0,0,1.0,1.157,0.133,17,15,82.98,25.26,2,0,2,0,0,0,0,-27.62,2.4,1.893,0,-1.687,0,0,13.92
39107,0,0,0,5,34,21,0,0,0,1.0,32.874,0.425,14,12,82.58,22.18,1,0,0,0,0,0,1,-11.21,-1.6,2.102,0,-4.1,0,0,10.36
39109,0,0,0,10,48,8,0,0,0,0.0,13.962,0.898,17,8,83.25,24.08,1,0,0,0,0,0,1,-14.91,-0.4,1.945,0,-3.78,0,0,5.9
39111,0,0,0,0,21,11,0,0,0,0.0,0.092,0.4,18,9,82.18,24.29,2,0,2,0,0,0,0,-6.77,2.8,1.732,0,-2.64,0,0,5.68
39113,0,0,0,6,80,23,0,0,0,1.0,503.371,0.829,19,8,83.73,24.79,1,0,0,0,0,0,1,-16.01,-2.2,1.813,0,-3.387,0,0,5.76
39115,0,0,0,0,25,15,0,0,0,0.0,0.142,0.794,20,9,82.84,24.68,2,0,2,0,0,0,0,-22.38,-0.2,2.117,0,-2.733,0,0,8.8
39117,0,0,0,1,26,6,0,0,0,0.0,0.222,0.701,18,8,81.43,22.0,0,0,0,0,0,0,0,-11.66,-0.6,2.268,0,-4.26,0,0,-2.62
39119,0,0,0,5,45,12,0,0,0,0.0,0.894,0.852,20,7,82.64,24.04,3,0,2,0,0,0,1,-15.4,-0.6,2.292,0,-3.193,0,0,3.83
39121,0,0,0,0,28,16,0,0,0,0.0,0.177,0.711,21,8,82.78,24.13,2,0,2,0,0,0,0,-18.95,0.8,2.17,0,-2.813,0,0,6.95
39123,0,0,0,2,32,7,0,0,0,0.0,5.866,0.878,25,9,82.52,23.95,0,0,0,0,0,0,0,8.38,1.2,1.9,0,-4.46,0,0,-7.92
39125,0,0,0,2,24,3,0,0,0,0.0,0.147,0.657,19,10,82.93,21.82,0,0,0,0,0,0,0,-8.48,0,2.373,0,-4.553,0,0,1.44
39127,0,0,0,2,46,20,0,0,0,0.0,0.664,0.788,19,7,82.29,24.22,3,0,2,0,0,0,1,-17.58,0.6,2.042,0,-2.687,0,0,6.34
39129,0,0,0,6,35,16,0,0,0,0.0,3.452,0.594,18,11,83.83,24.92,1,0,0,0,0,0,1,-22.96,-1.0,1.893,0,-2.707,0,0,12.73
39131,0,0,0,3,37,20,0,0,0,1.0,0.821,0.766,21,10,83.66,25.97,2,0,2,0,0,0,0,-22.09,-2.6,2.21,0,-1.84,0,0,5.4
39133,0,0,0,3,45,7,0,0,0,0.0,3.894,1.147,22,8,81.43,22.48,0,0,0,0,0,0,0,-10.15,-1.0,1.217,0,-3.867,0,0,1.47
39135,0,0,0,4,37,12,0,0,0,0.0,1.298,0.497,15,10,82.48,23.39,0,0,0,0,0,0,0,-4.89,0.4,1.55,0,-3.02,0,0,1.5
39137,0,0,0,1,24,3,0,0,0,0.0,0.01,0.789,16,9,82.79,22.64,0,0,0,0,0,0,0,-8.84,-0.2,2.298,0,-4.473,0,0,10.0
39139,0,0,0,3,57,12,0,0,0,0.0,2.961,1.004,22,7,81.41,21.71,0,0,0,0,0,0,0,-15.4,1.0,1.738,0,-3.72,0,0,-1.8
39141,0,0,0,3,45,25,0,0,0,1.0,1.156,0.732,22,11,83.6,25.46,1,0,1,0,0,0,0,-23.54,-2.6,2.04,0,-2.327,0,0,12.56
39143,0,0,0,4,31,5,0,0,0,0.0,1.966,0.778,24,9,82.71,23.45,0,0,0,0,0,0,0,3.87,0.8,1.918,0,-4.487,0,0,-12.69
39145,0,0,0,1,72,31,0,0,0,0.0,0.681,0.55,18,10,84.33,26.16,2,0,2,0,0,0,0,-19.18,-2.8,2.07,0,-1.267,0,0,2.07
39147,0,0,0,1,45,4,0,0,0,0.0,2.499,0.818,22,9,82.52,22.68,0,0,0,0,0,0,0,-2.09,0.6,2.018,0,-4.487,0,0,-7.33
39149,0,0,0,1,41,19,0,0,0,2.0,0.404,0.546,14,10,82.3,22.68,0,0,0,0,0,0,0,-16.12,-2.2,1.997,0,-4.067,0,0,7.64
39151,0,0,0,5,49,13,0,0,0,1.0,15.199,1.332,23,8,82.32,23.34,0,0,0,0,0,0,0,-12.25,-1.6,0.87,0,-3.093,0,0,-2.47
39153,0,0,0,5,65,6,0,0,0,0.0,32.603,1.323,26,8,82.2,23.83,0,0,0,0,0,0,0,-12.72,-0.8,1.047,0,-3.373,0,0,4.43
39155,0,0,0,6,66,16,0,0,0,0.0,7.003,0.822,19,9,81.27,21.51,0,0,0,0,0,0,0,-7.46,-1.0,1.767,0,-4.713,0,0,-4.28
39157,0,0,0,2,54,20,0,0,0,0.0,1.267,0.963,22,8,82.31,23.3,0,0,0,0,0,0,0,-11.12,0.2,1.717,0,-3.767,0,0,-0.17
39159,0,0,0,0,39,18,0,0,0,0.0,0.438,0.561,18,10,82.45,23.1,0,0,0,0,0,0,0,-14.35,-1.0,2.077,0,-3.88,0,0,-1.21
39161,0,0,0,5,36,5,0,0,0,1.0,0.571,0.501,14,10,82.63,22.15,0,0,0,0,0,0,0,-10.76,0,2.465,0,-4.333,0,0,7.45
39163,0,0,0,4,26,36,0,0,0,0.0,0.513,0.416,19,11,82.1,25.29,2,0,2,0,0,0,0,-22.87,1.0,2.085,0,-2.187,0,0,14.28
39165,0,0,0,3,70,37,0,0,0,4.0,1.883,0.704,18,10,84.08,25.42,0,0,0,0,0,0,0,-18.74,-4.8,2.11,0,-2.993,0,0,0.39
39167,0,0,0,2,39,74,0,0,0,0.0,0.679,0.858,21,9,83.7,25.78,2,0,2,0,0,0,0,-15.61,2.0,1.9,0,-2.58,0,0,8.84
39169,0,0,0,2,44,5,0,0,0,0.0,9.127,0.754,20,8,81.7,22.42,0,0,0,0,0,0,0,-13.93,-0.8,1.88,0,-3.973,0,0,4.16
39171,0,0,0,0,24,1,0,0,0,0.0,0.056,0.554,16,8,81.85,21.15,0,0,0,0,0,0,0,-11.78,0,1.992,0,-4.347,0,0,4.53
39173,0,0,0,1,43,8,0,0,0,0.0,1.191,1.006,21,8,83.21,23.43,0,0,0,0,0,0,0,1.35,-0.8,2.123,0,-4.647,0,0,-6.7
39175,0,0,0,0,14,6,0,0,0,1.0,1.03,1.203,24,8,82.71,23.32,0,0,0,0,0,0,0,-9.06,-0.6,2.232,0,-4.387,0,0,-4.16
40001,0,0,0,9,30,27,0,0,0,3.0,0.951,0.505,15,13,88.76,29.43,7,5,0,0,0,2,0,-14.06,-2.4,2.433,0,-0.813,0,0,-2.91
40003,0,0,0,3,34,2,0,0,0,0.0,0.073,0.337,15,13,92.81,25.07,8,3,0,0,0,4,1,-1.54,-0.2,2.837,0,-4.707,0,0,-23.02
40005,0,0,0,4,24,5,0,0,0,0.0,0.468,0.665,19,13,92.34,32.47,5,3,0,0,0,2,0,-8.27,-0.4,2.452,0,-0.793,0,0,23.0
40007,0,0,0,9,89,9,0,0,0,0.0,1.89,0.438,15,13,92.03,22.87,8,4,0,0,2,2,0,8.66,-0.2,2.67,0,-4.44,0,0,-18.54
40009,0,0,0,10,63,8,0,0,0,1.0,26.047,0.784,20,13,94.1,27.74,8,4,0,0,0,3,1,-8.33,-1.0,2.655,0,-3.073,0,0,-11.29
40011,0,0,0,2,35,4,0,0,0,0.0,0.013,0.457,19,13,93.1,27.05,7,3,0,0,0,4,0,-20.19,-0.4,2.715,0,-3.387,0,0,-28.8
40013,0,0,0,7,55,8,0,0,0,3.0,0.786,0.78,18,12,92.94,34.33,5,2,0,0,0,3,0,-1.79,-1.0,2.098,0,-1.367,0,0,13.65
40015,0,0,0,9,88,20,0,0,0,0.0,1.249,0.554,19,11,93.03,29.43,9,4,1,0,0,4,0,-9.72,-1.6,2.477,0,-2.42,0,0,-6.93
40017,0,0,0,9,76,16,0,0,0,3.0,1.404,0.591,19,11,92.42,28.89,7,3,0,0,0,4,0,-17.85,-2.2,2.512,0,-2.347,0,0,-22.85
40019,0,0,0,4,55,8,0,0,0,1.0,5.25,0.27,11,13,92.39,32.57,3,1,0,0,0,2,0,7.2,0.2,2.233,0,-1.833,0,0,2.12
40021,0,0,0,8,49,33,0,0,0,0.0,3.403,0.416,16,11,89.66,29.73,8,5,0,0,0,2,1,-11.72,-1.6,2.055,0,-1.007,0,0,-5.33
40023,0,0,0,3,35,11,0,0,0,1.0,4.577,0.827,19,12,92.42,33.54,5,3,0,0,0,2,0,-13.26,-0.4,2.205,0,-0.147,0,0,22.37
40025,0,0,0,5,71,3,0,0,1,0.0,0.095,0.191,11,17,90.03,20.89,4,2,0,0,0,2,0,15.43,-0.6,1.803,0,-3.367,0,0,-54.7
40027,0,0,0,16,86,27,0,0,0,1.0,110.961,0.533,21,13,91.78,30.15,6,1,0,0,1,3,1,-17.99,-2.2,2.487,0,-1.933,0,0,-11.72
40029,0,0,0,6,21,8,0,0,0,1.0,0.132,0.525,16,13,92.44,31.72,6,3,0,0,0,2,1,-9.85,-0.8,2.557,0,-0.753,0,0,26.2
40031,0,0,0,9,108,34,0,0,0,2.0,2.296,0.405,19,13,93.71,30.93,7,3,1,0,0,3,0,-5.08,0.0,2.433,0,-1.92,0,0,3.68
40033,0,0,0,5,37,3,0,0,0,0.0,0.224,0.434,19,14,95.03,31.45,7,3,1,0,0,2,1,-1.94,-0.2,2.513,0,-1.767,0,0,5.23
40035,0,0,0,7,33,9,0,0,0,0.0,0.831,0.1,14,15,89.49,28.01,8,6,0,0,0,2,0,-15.34,0.0,2.603,0,-2.373,0,0,-17.56
40037,0,0,0,7,49,11,0,0,0,2.0,4.132,0.674,19,13,90.89,29.18,6,3,0,0,1,2,0,-7.07,-1.0,2.005,0,-1.947,0,0,-21.55
40039,0,0,0,7,58,12,0,0,0,0.0,0.698,0.562,18,13,93.34,27.02,8,3,0,0,1,4,0,-17.25,-1.6,2.948,0,-3.08,0,0,-23.05
40041,0,0,0,10,44,9,0,0,0,0.0,3.014,0.363,11,14,89.01,28.72,8,5,0,0,0,2,1,-13.79,-1.0,2.375,0,-1.313,0,0,-13.41
40043,0,0,0,4,43,1,0,0,0,0.0,0.038,0.435,18,11,92.12,26.0,11,5,0,0,2,4,0,-14.35,-0.2,3.143,0,-3.64,0,0,-36.67
40045,0,0,0,4,47,0,0,0,0,0.0,0.276,0.647,18,11,92.02,24.4,8,2,0,0,2,4,0,-9.57,0,3.028,0,-4.06,0,0,-17.36
40047,0,0,0,3,69,9,0,0,0,0.0,0.478,0.383,17,10,92.12,27.12,5,1,0,0,0,4,0,-14.94,0.8,2.787,0,-3.373,0,0,-15.04
40049,0,0,0,8,55,14,0,0,0,1.0,1.722,0.424,19,12,92.24,31.08,4,1,1,0,0,2,0,-1.14,-0.4,2.275,0,-1.647,0,0,1.48
40051,0,0,0,14,91,13,0,0,0,0.0,0.524,0.527,20,12,92.69,30.17,8,3,1,0,0,4,0,-15.02,-0.4,2.372,0,-1.773,0,0,7.24
40053,0,0,0,1,33,5,0,0,0,0.0,0.009,0.372,16,12,92.15,25.89,7,3,0,0,0,4,0,-8.66,-0.6,2.975,0,-3.853,0,0,-6.97
40055,0,0,0,5,30,4,0,0,0,0.0,0.488,0.598,18,13,94.79,28.73,6,3,0,0,0,3,0,-10.41,-0.6,2.595,0,-3.027,0,0,-15.8
40057,0,0,0,4,43,2,0,0,0,0.0,0.095,0.636,20,15,95.65,28.84,5,2,0,0,1,2,0,-6.37,0,2.018,0,-3.107,0,0,-18.37
40059,0,0,0,4,32,1,0,0,0,0.0,0.346,0.475,18,11,92.31,23.32,6,3,0,0,1,2,0,2.01,-0.2,2.463,0,-4.147,0,0,-14.3
40061,0,0,0,2,29,8,0,0,0,0.0,0.653,0.703,15,11,90.9,31.95,7,4,1,0,0,2,0,-11.12,-0.4,2.175,0,-0.84,0,0,-11.67
40063,0,0,0,2,29,5,0,0,0,0.0,0.164,0.47,19,14,91.42,30.89,4,2,0,0,0,2,0,1.13,-0.4,2.318,0,-0.853,0,0,-9.95
40065,0,0,0,4,70,13,0,0,0,0.0,0.191,0.601,19,12,95.6,29.84,7,3,1,0,0,3,0,-5.74,-0.2,2.307,0,-2.727,0,0,-15.3
40067,0,0,0,6,36,6,0,0,0,0.0,0.151,0.401,14,14,93.8,32.43,4,2,0,0,0,2,0,3.75,0,2.488,0,-1.853,0,0,-2.82
40069,0,0,0,7,35,17,0,0,0,4.0,1.743,0.453,15,12,92.27,32.87,4,1,0,0,0,2,1,-2.29,1.4,2.218,0,-1.527,0,0,15.54
40071,0,0,0,2,68,13,0,0,0,0.0,0.298,0.593,19,13,91.2,26.3,8,4,1,0,0,3,0,-2.19,1.2,2.892,0,-3.493,0,0,7.9
40073,0,0,0,4,45,6,0,0,0,0.0,0.079,0.426,16,11,93.08,27.73,7,3,0,0,0,4,0,-11.87,-0.2,2.59,0,-2.8,0,0,-25.6
40075,0,0,0,9,57,7,0,0,0,0.0,0.389,0.521,17,12,94.17,29.49,8,4,0,0,0,4,0,-11.84,-0.8,2.457,0,-2.687,0,0,-2.97
40077,0,0,0,4,31,5,0,0,0,1.0,0.371,0.671,17,14,90.42,32.0,4,2,0,0,0,2,0,-8.69,0,2.178,0,-0.247,0,0,-11.67
40079,0,0,0,13,82,44,0,0,0,2.0,2.855,0.733,19,13,90.11,31.91,7,3,1,0,0,2,1,-14.98,-4.4,2.068,0,0.1,0,0,-11.39
40081,0,0,0,8,48,11,0,0,0,2.0,0.4,0.416,19,13,91.54,29.03,7,4,0,0,0,3,0,-11.14,0.2,2.407,0,-2.32,0,0,-24.71
40083,0,0,0,3,55,8,0,0,0,0.0,0.358,0.253,15,13,92.13,28.28,9,3,0,0,2,4,0,-14.19,-1.0,2.472,0,-2.513,0,0,-24.84
40085,0,0,0,5,43,5,0,0,0,0.0,0.338,0.31,13,13,93.11,33.6,5,3,0,0,0,2,0,5.75,-0.8,2.347,0,-1.68,0,0,10.72
40087,0,0,0,13,69,12,0,0,0,2.0,5.112,0.534,22,13,92.2,30.4,5,1,0,0,0,3,1,-14.37,-1.2,2.402,0,-1.753,0,0,0.85
40089,0,0,0,9,91,35,0,0,0,5.0,38.125,0.994,18,11,90.61,33.84,6,4,0,0,0,2,0,-10.08,-1.2,1.6,0,1.04,0,0,-5.44
40091,0,0,0,6,53,14,0,0,0,2.0,2.024,0.646,18,13,91.02,31.66,5,3,0,0,0,2,0,-6.99,0.2,2.093,0,-1.26,0,0,-15.84
40093,0,0,0,4,39,4,0,0,0,0.0,0.042,0.378,14,12,92.91,25.88,9,5,0,0,0,4,0,-15.93,-0.4,2.79,0,-4.193,0,0,-21.91
40095,0,0,0,4,31,6,0,0,0,2.0,1.628,0.442,15,14,92.75,33.95,3,1,0,0,0,2,0,3.62,-0.4,2.125,0,-1.68,0,0,7.38
40097,0,0,0,17,67,23,0,0,0,1.0,3.557,0.163,16,15,90.14,28.94,7,5,0,0,0,2,0,-12.66,-0.4,2.033,0,-1.653,0,0,-18.69
40099,0,0,0,6,34,13,0,0,0,0.0,4.048,0.375,16,11,91.66,32.29,4,1,0,0,0,2,1,0.58,0.4,2.107,0,-1.633,0,0,6.11
40101,0,0,0,9,64,24,0,0,0,2.0,2.279,0.66,17,12,90.98,30.93,10,6,1,0,0,2,1,-9.49,-1.2,2.027,0,-1.22,0,0,-9.98
40103,0,0,0,4,30,6,0,0,0,0.0,0.442,0.518,18,13,91.74,27.62,8,4,1,0,0,3,0,-12.12,-0.4,2.662,0,-2.973,0,0,-7.32
40105,0,0,0,3,20,15,0,0,0,0.0,0.23,0.242,18,16,89.73,27.78,6,3,0,0,1,2,0,-16.71,-1.8,2.855,0,-2.567,0,0,-2.61
40107,0,0,0,7,39,10,0,0,0,0.0,1.439,0.562,19,13,91.11,30.34,7,4,0,0,0,2,1,0.67,1.4,2.018,0,-1.5,0,0,-21.05
40109,0,0,0,12,119,47,0,0,0,1.0,5.569,0.458,17,13,91.83,29.48,6,1,0,0,1,4,0,-21.73,-4.6,2.438,0,-2.2,0,0,-26.31
40111,0,0,0,6,47,35,0,0,0,0.0,1.182,0.692,18,13,91.06,30.64,8,5,0,0,0,2,1,-6.2,-0.8,1.892,0,-1.46,0,0,-16.7
40113,0,0,0,10,73,12,0,0,0,0.0,1.884,0.52,21,14,90.01,27.13,6,3,1,0,0,2,0,-10.92,-1.4,2.685,0,-2.88,0,0,3.94
40115,0,0,0,7,39,46,0,0,0,1.0,4.625,0.557,15,12,89.62,28.52,7,5,0,0,0,2,0,-16.35,-2.0,2.668,0,-2.08,0,0,-11.73
40117,0,0,0,2,32,9,0,0,0,0.0,0.687,0.648,18,13,90.93,28.04,7,2,1,0,1,3,0,-7.38,-1.2,2.368,0,-2.767,0,0,-16.57
40119,0,0,0,7,60,11,0,0,0,1.0,0.472,0.451,18,14,91.56,28.32,5,2,0,0,0,3,0,-14.28,1.6,2.497,0,-2.48,0,0,-27.95
40121,0,0,0,7,57,25,0,0,0,2.0,2.69,0.58,13,14,91.27,31.69,8,5,0,0,0,2,1,-6.01,1.4,2.193,0,-0.753,0,0,-12.22
40123,0,0,0,10,58,15,0,0,0,0.0,0.36,0.414,21,11,91.6,31.5,4,1,0,0,0,2,1,-8.02,1.2,2.53,0,-0.98,0,0,22.55
40125,0,0,0,11,61,13,0,0,0,2.0,6.509,0.478,19,13,91.64,30.11,8,3,0,0,1,3,1,-2.17,-1.0,2.575,0,-1.853,0,0,-15.1
40127,0,0,0,4,34,13,0,0,0,0.0,0.523,0.788,16,14,90.77,32.49,8,6,0,0,0,2,0,-12.73,-0.4,2.318,0,0.12,0,0,14.28
40129,0,0,0,7,45,5,0,0,0,1.0,0.366,0.844,20,12,93.07,26.49,10,4,0,0,1,4,1,-8.54,-0.4,2.893,0,-3.513,0,0,-16.19
40131,0,0,0,10,69,14,0,0,0,1.0,5.96,0.433,19,12,90.53,28.89,6,4,0,0,0,2,0,-9.04,-0.8,2.195,0,-1.787,0,0,-25.71
40133,0,0,0,7,26,5,0,0,0,1.0,0.799,0.438,19,13,91.47,30.25,4,2,0,0,0,2,0,8.51,0.8,2.557,0,-1.353,0,0,-12.74
40135,0,0,0,9,58,25,0,0,0,0.0,1.208,0.673,17,12,90.68,31.36,7,4,1,0,0,2,0,-14.29,-2.4,2.278,0,-0.687,0,0,-6.04
40137,0,0,0,8,69,17,0,0,0,2.0,0.619,0.317,15,14,92.86,31.33,7,3,1,0,0,3,0,-4.82,0.6,2.432,0,-1.7,0,0,5.98
40139,0,0,0,3,99,4,0,0,0,0.0,0.112,0.396,13,13,91.53,22.65,5,2,0,0,1,2,0,19.61,2.0,2.523,0,-4.167,0,0,-31.98
40141,0,0,0,11,85,9,0,0,0,0.0,0.664,0.527,18,13,95.59,30.89,8,4,1,0,0,3,0,-2.05,0.0,2.41,0,-2.12,0,0,8.85
40143,0,0,0,13,109,48,0,0,0,5.0,220.717,0.655,19,13,91.05,29.33,7,4,1,0,0,2,0,-5.15,2.2,1.992,0,-1.727,0,0,-23.71
40145,0,0,0,13,55,15,0,0,0,0.0,7.163,0.536,20,13,91.04,29.96,7,3,1,0,1,2,0,-7.41,-1.0,1.822,0,-1.24,0,0,-13.42
40147,0,0,0,2,50,9,0,0,0,0.0,1.909,0.362,20,17,90.12,27.34,5,1,0,0,2,2,0,-21.42,-1.2,2.813,0,-2.527,0,0,-0.31
40149,0,0,0,4,45,6,0,0,0,0.0,0.185,0.487,16,13,93.62,28.26,9,4,0,0,0,4,1,-18.17,-0.8,2.813,0,-2.833,0,0,-9.22
40151,0,0,0,4,58,2,0,0,0,0.0,0.012,0.39,18,13,92.46,23.9,7,3,0,0,1,3,0,-0.43,-0.2,2.495,0,-4.527,0,0,-16.66
40153,0,0,0,3,72,5,0,0,0,0.0,0.646,0.438,17,13,91.82,24.45,10,3,0,0,5,2,0,-4.43,-0.6,2.987,0,-4.227,0,0,-19.61
41001,0,0,0,0,7,2,0,0,0,0.0,0.25,0.813,18,8,80.78,21.4,2,0,0,0,2,0,0,6.45,0,0.807,0,-3.453,0,0,-63.1
41003,0,0,0,0,0,11,0,0,0,0.0,0.021,0.831,26,11,81.52,35.24,3,2,0,0,1,0,0,21.02,-1.2,0.465,0,-3.4,0,0,-14.92
41005,0,0,0,2,3,10,0,0,0,3.0,0.69,0.871,21,9,75.38,32.07,9,2,0,0,7,0,0,14.44,-0.8,0.453,0,-2.02,0,0,-14.14
41007,0,0,0,0,3,3,0,0,0,0.0,0.013,0.851,29,10,71.89,35.53,1,1,0,0,0,0,0,14.88,0.6,0.962,0,-2.233,0,0,2.57
41009,0,0,0,1,1,8,0,0,0,1.0,3.348,0.827,26,11,77.24,34.52,3,2,0,0,1,0,0,14.34,-0.6,0.798,0,-2.267,0,0,-14.05
41011,0,0,0,0,1,24,0,0,0,0.0,0.0,0.575,18,10,74.57,37.43,3,2,0,0,1,0,0,32.65,3.8,0.825,0,-4.8,0,0,-32.28
41013,0,0,0,0,7,3,0,0,0,0.0,0.135,0.843,19,9,81.43,22.66,0,0,0,0,0,0,0,15.14,-0.6,0.007,0,-4.073,0,0,-35.59
41015,0,0,0,0,1,12,0,0,0,0.0,0.0,0.677,21,9,77.72,37.45,4,2,1,0,1,0,0,36.65,-0.8,0.667,0,-4.0,0,0,-33.37
41017,0,0,0,1,19,3,0,0,0,0.0,0.026,0.825,18,8,78.55,22.45,5,1,0,0,4,0,0,11.99,-0.4,0.18,0,-3.68,0,0,-19.61
41019,0,0,0,0,5,6,0,0,0,0.0,0.01,0.775,22,10,79.59,33.85,8,2,1,0,5,0,0,21.34,-0.4,0.558,0,-4.153,0,0,-29.47
41021,0,0,0,0,3,0,0,0,0,0.0,0.0,0.604,20,11,85.09,27.5,0,0,0,0,0,0,0,18.49,0,-0.133,0,-2.16,0,0,-27.3
41023,0,0,0,1,10,4,0,0,0,0.0,1.402,0.646,13,10,78.76,21.41,2,0,1,0,1,0,0,12.55,-0.4,0.67,0,-3.907,0,0,-63.79
41025,0,0,0,2,7,2,0,0,0,0.0,1.0,0.794,14,9,82.51,21.43,0,0,0,0,0,0,0,18.27,1.0,0.63,0,-4.793,0,0,-72.63
41027,0,0,0,0,1,1,0,0,0,0.0,0.005,0.961,23,8,73.71,28.04,2,1,0,0,1,0,0,11.69,0,-0.02,0,-0.96,0,0,-0.6
41029,0,0,0,0,6,6,0,0,0,0.0,0.0,0.824,21,9,82.36,30.81,7,0,0,0,7,0,0,12.83,0,0.408,0,-4.34,0,0,-49.55
41031,0,0,0,0,7,1,0,0,0,0.0,0.005,0.874,25,8,81.85,25.44,6,1,0,0,5,0,0,19.28,-0.2,-0.02,0,-2.34,0,0,-18.24
41033,0,0,0,0,1,3,0,0,0,0.0,0.0,1.002,23,8,81.65,33.43,8,2,0,0,6,0,0,17.09,0,0.255,0,-3.733,0,0,-43.81
41035,0,0,0,1,6,3,0,0,0,0.0,0.0,1.023,20,9,79.34,22.42,8,0,0,0,8,0,0,11.87,-0.4,0.193,0,-4.48,0,0,-58.35
41037,0,0,0,0,3,1,0,0,0,0.0,0.0,0.826,17,11,81.01,22.0,4,0,0,0,4,0,0,-1.01,-0.2,0.647,0,-4.82,0,0,-61.46
41039,0,0,0,1,7,14,0,0,0,0.0,1.371,0.724,24,11,77.35,33.53,8,4,0,0,4,0,0,19.86,-0.2,0.662,0,-3.713,0,0,-15.71
41041,0,0,0,0,1,8,0,0,0,1.0,1.373,0.813,28,9,74.26,37.05,5,2,0,0,3,0,0,18.01,0.2,0.757,0,-3.187,0,0,-2.67
41043,0,0,0,2,2,3,0,0,0,0.0,1.311,0.798,21,9,77.43,32.86,7,3,1,0,3,0,0,19.32,-0.6,0.558,0,-3.213,0,0,-20.13
41045,0,0,0,0,7,5,0,0,0,0.0,0.0,0.589,15,10,85.46,22.06,0,0,0,0,0,0,0,20.42,-0.2,0.603,0,-3.193,0,0,-66.41
41047,0,0,0,3,3,5,0,0,0,0.0,0.143,0.823,23,9,77.79,33.17,5,1,0,0,4,0,0,20.3,0.4,0.587,0,-2.56,0,0,-20.1
41049,0,0,0,0,3,3,0,0,0,0.0,0.005,0.753,19,8,83.77,27.68,0,0,0,0,0,0,0,21.14,0.6,0.097,0,-2.4,0,0,-23.67
41051,0,0,0,3,3,5,0,0,0,4.0,3.435,0.841,24,7,78.43,34.85,3,1,0,0,2,0,0,18.44,-0.6,0.82,0,-1.507,0,0,-15.34
41053,0,0,0,0,1,11,0,0,0,0.0,0.395,0.946,28,11,80.31,34.98,2,2,0,0,0,0,0,23.38,1.0,0.8,0,-2.887,0,0,-11.05
41055,0,0,0,0,2,0,0,0,0,0.0,0.0,0.735,23,12,84.91,27.36,1,0,0,0,1,0,0,12.15,0,-0.225,0,-1.727,0,0,-20.7
41057,0,0,0,1,3,22,0,0,0,0.0,2.175,0.787,28,9,71.65,35.47,4,1,0,0,3,0,0,18.61,-0.8,0.563,0,-2.413,0,0,0.74
41059,0,0,0,3,21,11,0,0,0,1.0,53.716,0.753,21,9,82.44,26.93,2,0,2,0,0,0,0,4.14,-1.0,0.383,0,-2.293,0,0,-8.4
41061,0,0,0,0,14,4,0,0,0,0.0,1.055,0.729,20,11,77.27,22.97,1,0,1,0,0,0,0,-1.83,-0.6,0.48,0,-2.98,0,0,-8.21
41063,0,0,0,1,6,5,0,0,0,0.0,0.189,0.581,19,11,76.88,20.86,2,0,1,0,1,0,0,-2.05,-0.4,0.892,0,-3.6,0,0,-2.52
41065,0,0,0,0,9,2,0,0,0,0.0,0.01,0.875,22,9,81.72,26.98,7,0,0,0,7,0,0,16.69,-0.4,-0.19,0,-1.607,0,0,-14.19
41067,0,0,0,1,5,12,0,0,0,1.0,3.099,0.821,24,12,77.79,34.56,5,1,0,0,4,0,0,21.01,1.0,0.552,0,-1.86,0,0,-20.58
41069,0,0,0,1,6,5,0,0,0,0.0,1.005,0.633,19,10,81.14,24.92,1,0,1,0,0,0,0,9.96,-0.6,0.15,0,-3.88,0,0,-52.35
41071,0,0,0,0,0,3,0,0,0,0.0,0.895,0.88,24,9,79.15,35.58,4,2,0,0,2,0,0,19.69,-0.2,0.548,0,-2.233,0,0,-11.59
42001,0,0,0,1,55,6,0,0,0,1.0,8.456,0.692,17,9,84.08,24.74,1,0,0,0,0,1,0,-7.78,-0.2,1.558,0,-2.56,0,0,14.12
42003,0,0,0,4,107,85,0,0,0,0.0,17.004,0.642,19,9,82.08,24.48,0,0,0,0,0,0,0,-6.36,0.6,2.427,0,-4.147,0,0,-2.95
42005,0,0,0,2,59,15,0,0,0,0.0,0.81,0.628,18,11,81.35,22.14,0,0,0,0,0,0,0,-5.59,3.4,1.877,0,-3.507,0,0,-3.07
42007,0,0,0,5,62,26,0,0,0,0.0,2.151,0.106,17,11,81.58,23.34,0,0,0,0,0,0,0,-3.8,0.6,1.982,0,-3.673,0,0,-2.27
42009,0,0,0,2,32,4,0,0,0,0.0,0.276,0.625,17,10,82.15,23.45,2,0,0,1,0,1,0,-5.05,0,1.885,0,-2.54,0,0,6.46
42011,0,0,0,6,107,47,0,0,0,2.0,0.902,0.837,20,10,83.83,24.56,1,0,0,0,0,1,0,0.86,-4.0,0.84,0,-1.693,0,0,2.35
42013,0,0,0,0,44,10,0,0,0,0.0,0.355,0.595,16,10,80.67,22.1,1,0,0,0,0,1,0,3.26,-0.4,1.837,0,-3.66,0,0,-3.98
42015,0,0,2,6,56,32,0,0,0,2.0,8.952,0.725,17,8,78.84,19.68,2,1,1,0,0,0,0,6.14,0.6,1.345,0,-4.047,-0.4,0,-2.91
42017,0,0,0,7,72,38,0,0,0,9.0,52.396,0.901,17,8,84.27,25.36,3,0,0,1,0,2,0,3.63,1.0,0.718,0,-1.887,0,0,1.52
42019,0,0,0,7,77,22,0,0,0,1.0,11.264,0.233,15,11,80.88,21.95,0,0,0,0,0,0,0,-3.74,1.4,1.912,0,-3.9,0,0,-3.44
42021,0,0,0,4,48,5,0,0,0,0.0,0.413,0.535,18,11,78.39,20.32,0,0,0,0,0,0,0,-0.15,0.6,1.927,0,-3.673,0,0,-2.37
42023,0,0,0,0,15,0,0,0,0,0.0,0.085,0.239,16,14,79.32,19.11,0,0,0,0,0,0,0,-2.86,0,1.935,0,-4.313,0,0,-6.01
42025,0,0,0,1,34,5,0,0,0,1.0,0.05,0.585,15,8,79.17,20.61,0,0,0,0,0,0,0,5.51,-0.2,1.253,0,-3.053,0,0,-1.89
42027,0,0,0,3,60,6,0,0,0,0.0,6.332,0.498,15,9,79.9,21.08,1,0,1,0,0,0,0,6.98,0.4,1.508,0,-3.867,0,0,-7.01
42029,0,0,0,3,109,51,0,0,0,2.0,45.751,0.671,15,8,84.04,25.76,3,0,0,1,0,2,0,-2.69,-1.2,0.625,0,-2.2,0,0,0.66
42031,0,0,0,4,57,14,0,0,0,0.0,0.925,0.633,22,13,80.46,20.43,0,0,0,0,0,0,0,-1.29,0.6,1.668,0,-3.947,0,0,-5.54
42033,0,0,0,0,63,8,0,0,0,0.0,8.315,0.662,20,9,79.51,20.25,0,0,0,0,0,0,0,2.31,1.6,1.855,0,-3.973,0,0,-6.96
42035,0,0,0,1,38,2,0,0,0,2.0,0.299,0.322,15,11,80.5,20.02,0,0,0,0,0,0,0,6.16,1.0,1.512,0,-4.14,0,0,-8.01
42037,0,0,0,1,43,5,0,0,0,0.0,0.294,0.686,19,9,80.71,21.52,1,1,0,0,0,0,0,6.49,-0.6,1.193,0,-3.093,0,0,-5.45
42039,0,0,0,3,73,12,0,0,0,0.0,5.372,0.728,21,10,79.27,20.46,0,0,0,0,0,0,0,-14.57,-1.0,1.737,0,-4.567,0,0,-3.89
42041,0,0,0,2,46,6,0,0,0,0.0,0.273,0.686,17,10,84.3,24.75,1,0,0,0,0,1,0,-5.82,0.8,1.505,0,-2.727,0,0,-1.95
42043,0,0,0,4,63,9,0,0,0,1.0,0.712,0.913,19,7,82.97,24.47,2,0,0,1,0,1,0,-1.58,-0.8,1.375,0,-2.553,0,0,-4.46
42045,0,0,0,1,59,43,0,0,0,1.0,37.305,0.872,18,7,85.29,28.24,2,0,0,1,0,1,0,-4.23,-3.4,0.643,0,-2.373,0,0,1.73
42047,0,0,0,5,38,1,0,0,0,0.0,2.268,1.091,21,8,79.03,19.66,0,0,0,0,0,0,0,-3.5,0,1.855,0,-4.32,0,0,-5.74
42049,0,0,0,2,57,9,0,0,0,2.0,10.558,0.833,25,11,78.84,21.06,0,0,0,0,0,0,0,-17.66,-1.2,1.465,0,-4.24,0,0,-0.58
42051,0,0,0,4,59,34,0,0,0,1.0,8.988,0.66,21,10,80.22,23.11,1,0,0,0,0,1,0,-1.6,0.6,1.612,0,-2.833,0,0,1.78
42053,0,0,0,1,35,2,0,0,0,0.0,0.25,0.795,23,14,79.52,19.9,0,0,0,0,0,0,0,-3.88,-0.2,1.605,0,-4.34,0,0,-7.38
42055,0,0,0,2,51,5,0,0,0,0.0,0.57,0.495,16,10,83.93,24.21,1,0,0,0,0,1,0,-4.08,0.8,1.502,0,-2.633,0,0,7.78
42057,0,0,0,4,14,3,0,0,0,1.0,0.14,0.612,18,10,83.44,24.01,2,0,0,1,0,1,0,-3.39,-0.4,1.762,0,-2.153,0,0,5.68
42059,0,0,0,4,42,14,0,0,0,0.0,0.647,0.608,20,9,81.8,24.34,0,0,0,0,0,0,0,-2.78,3.0,1.583,0,-2.787,0,0,-0.78
42061,0,0,0,1,45,3,0,0,0,0.0,0.448,0.665,17,10,82.27,23.31,1,0,0,1,0,0,0,1.33,0.8,1.72,0,-3.38,0,0,-3.6
42063,0,0,0,4,56,19,0,0,0,1.0,1.059,0.63,18,9,80.41,21.72,0,0,0,0,0,0,0,-3.15,0.6,1.892,0,-3.44,0,0,-3.19
42065,0,0,0,4,62,15,0,0,0,0.0,1.822,1.009,25,9,79.63,20.49,0,0,0,0,0,0,0,1.68,-0.6,2.107,0,-3.853,0,0,-6.25
42067,0,0,0,2,22,2,0,0,0,0.0,0.658,0.544,15,11,82.68,24.13,1,0,0,0,0,1,0,2.7,-0.2,1.512,0,-3.153,0,0,-9.16
42069,0,0,0,5,51,16,0,0,0,2.0,15.094,0.977,22,7,78.82,20.11,1,1,0,0,0,0,0,15.26,0.0,1.307,0,-3.58,0,0,0.0
42071,0,0,0,6,85,19,0,0,0,3.0,18.404,0.729,17,11,83.76,25.25,2,0,0,0,0,2,0,-5.5,2.2,1.128,0,-2.227,0,0,2.88
42073,0,0,0,1,58,18,0,0,0,0.0,1.934,0.279,15,11,81.34,22.24,0,0,0,0,0,0,0,-3.02,1.8,1.857,0,-3.913,0,0,-1.91
42075,0,0,0,2,52,10,0,0,0,0.0,0.273,0.959,19,9,82.89,24.46,1,0,0,0,0,1,0,-5.33,0.2,1.128,0,-2.18,0,0,1.53
42077,0,0,0,4,64,26,0,0,0,1.0,20.878,0.982,15,8,83.86,23.89,1,0,0,0,0,1,0,-0.98,-0.6,0.758,0,-2.3,0,0,-1.89
42079,0,0,0,4,57,19,0,0,0,1.0,12.796,0.693,17,7,79.05,20.65,1,0,0,1,0,0,0,10.46,0.6,1.405,0,-3.213,0,0,-1.85
42081,0,0,0,3,65,12,0,0,0,0.0,28.414,0.709,17,10,80.47,20.13,2,1,1,0,0,0,0,9.23,1.8,1.422,0,-3.893,0,0,-7.73
42083,0,0,0,0,37,3,0,0,0,0.0,0.292,1.21,22,6,78.25,18.62,0,0,0,0,0,0,0,-7.94,0.6,1.965,0,-4.56,0,0,-8.1
42085,0,0,0,5,66,21,0,0,0,0.0,1.707,0.613,18,10,80.27,20.94,0,0,0,0,0,0,0,-9.48,-2.0,1.827,0,-4.387,0,0,-4.68
42087,0,0,0,1,38,2,0,0,0,0.0,0.736,0.565,15,9,81.87,23.24,0,0,0,0,0,0,0,4.18,-0.2,1.57,0,-3.487,0,0,-7.64
42089,0,0,0,1,53,14,0,0,0,0.0,0.225,0.557,17,11,78.49,20.07,0,0,0,0,0,0,0,9.74,-2.0,1.313,0,-2.887,0,0,-1.0
42091,0,0,0,4,98,52,0,0,0,7.0,69.166,0.906,20,8,85.16,26.09,3,0,0,1,0,2,0,-3.37,-1.4,0.632,0,-2.24,0,0,0.96
42093,0,0,0,0,14,2,0,0,0,0.0,0.347,0.744,21,9,82.07,22.26,1,1,0,0,0,0,0,10.01,0,1.272,0,-3.093,0,0,-5.59
42095,0,0,0,1,66,28,0,0,0,0.0,51.016,0.894,17,8,82.77,22.9,3,1,0,1,0,1,0,-2.75,-3.0,1.09,0,-2.473,0,0,-1.03
42097,0,0,0,3,44,4,0,0,0,0.0,0.418,0.748,19,9,81.78,22.76,0,0,0,0,0,0,0,7.57,-0.8,1.212,0,-2.78,0,0,-5.59
42099,0,0,0,1,45,3,0,0,0,0.0,0.311,0.643,17,10,82.95,24.45,1,0,0,0,0,1,0,-1.2,0,1.502,0,-2.88,0,0,-7.48
42101,0,0,0,2,65,58,0,0,0,1.0,102.267,1.114,21,7,85.98,28.59,3,0,0,1,0,2,0,-1.14,-1.4,0.543,0,-2.253,0,0,5.43
42103,0,0,0,0,29,2,0,0,0,0.0,0.587,0.593,16,9,78.93,19.32,0,0,0,0,0,0,0,10.58,-0.4,1.202,0,-3.413,0,0,-0.4
42105,0,0,0,0,29,2,0,0,0,0.0,0.105,0.507,18,11,78.19,17.89,0,0,0,0,0,0,0,0.8,1.0,1.808,0,-4.62,0,0,-9.47
42107,0,0,0,1,40,13,0,0,0,0.0,0.231,0.786,17,9,80.44,22.24,3,1,0,1,0,1,0,2.98,-1.4,1.023,0,-2.34,0,0,1.81
42109,0,0,0,3,31,1,0,0,0,0.0,0.302,0.581,18,11,82.11,23.16,0,0,0,0,0,0,0,6.56,0,1.317,0,-2.933,0,0,-7.7
42111,0,0,0,2,44,9,0,0,0,0.0,1.456,0.841,20,10,78.02,20.97,1,0,0,0,0,1,0,-8.88,-0.2,1.718,0,-3.06,0,0,6.21
42113,0,0,0,3,22,8,0,0,0,0.0,7.63,0.594,17,9,76.31,18.69,2,1,1,0,0,0,0,7.12,-0.2,1.312,0,-3.64,0,0,-4.36
42115,0,0,0,4,56,18,0,0,0,1.0,4.461,0.726,21,7,78.87,19.0,1,1,0,0,0,0,0,10.49,0.6,1.382,0,-4.36,0,0,-0.0
42117,0,0,0,2,34,11,0,0,0,0.0,0.596,0.716,18,11,78.56,18.49,1,1,0,0,0,0,0,3.03,-1.4,1.537,0,-4.7,0,0,-10.62
42119,0,0,0,3,25,4,0,0,0,0.0,0.425,0.633,20,8,81.58,22.04,0,0,0,0,0,0,0,10.92,0.8,1.35,0,-3.293,0,0,-9.56
42121,0,0,0,2,57,21,0,0,0,1.0,1.099,0.577,20,13,80.17,20.5,0,0,0,0,0,0,0,-8.74,-0.2,1.617,0,-4.233,0,0,-5.32
42123,0,0,0,5,51,5,0,0,0,1.0,2.621,0.799,20,10,78.59,19.49,0,0,0,0,0,0,0,-13.13,0.6,1.665,0,-4.3,0,0,-7.93
42125,0,0,0,6,80,36,0,0,0,0.0,10.586,0.619,20,8,81.69,24.1,0,0,0,0,0,0,0,-7.22,0.8,2.008,0,-3.54,0,0,1.13
42127,0,0,0,1,32,11,0,0,0,0.0,0.856,0.705,22,9,78.78,18.66,0,0,0,0,0,0,0,16.46,-1.0,1.11,0,-4.153,0,0,-0.04
42129,0,0,0,5,106,63,0,0,0,3.0,7.482,0.707,21,10,81.04,23.42,1,0,0,0,0,1,0,-6.15,-4.2,2.135,0,-3.78,0,0,1.39
42131,0,0,0,1,28,10,0,0,0,0.0,0.629,0.971,23,6,79.42,20.61,1,1,0,0,0,0,0,10.17,0.8,1.32,0,-3.633,0,0,-1.7
42133,0,0,0,4,87,15,0,0,0,0.0,6.382,0.908,18,9,83.86,25.26,3,0,0,1,0,2,0,-7.38,-1.0,1.455,0,-2.273,0,0,1.05
44001,0,0,0,0,5,7,0,0,0,0.0,0.139,0.871,17,8,80.44,26.2,3,1,0,1,0,1,0,27.96,1.8,-0.067,0,-2.147,0,0,-14.83
44003,0,0,0,0,20,12,0,0,0,0.0,0.286,0.974,22,8,80.46,24.01,3,1,0,1,0,1,0,25.78,3.4,-0.072,0,-2.147,0,0,-13.55
44005,0,0,0,1,8,3,0,0,0,0.0,0.165,0.807,18,8,79.58,26.58,3,1,0,1,0,1,0,26.76,0.6,-0.197,0,-1.967,0,0,-14.91
44007,0,0,0,4,39,33,0,0,0,0.0,2.929,0.933,18,9,80.61,23.18,3,1,0,1,0,1,0,22.87,2.8,0.278,0,-2.453,0,0,-13.38
44009,0,0,0,1,24,7,0,0,0,0.0,0.291,0.997,22,8,79.91,25.36,4,1,0,1,1,1,0,22.61,1.4,-0.075,0,-2.147,0,0,-13.98
45001,0,0,0,4,23,4,0,0,0,0.0,0.253,0.814,15,9,89.3,36.74,11,1,1,8,0,1,0,-8.77,-0.2,1.453,0,2.7,0,0,28.1
45003,0,0,0,7,97,6,0,0,0,0.0,0.331,1.191,17,6,91.0,38.91,13,2,1,8,0,2,0,-6.85,-0.8,0.055,0,2.147,0,0,-0.33
45005,0,0,0,2,33,0,0,0,0,0.0,0.019,0.71,14,7,90.75,39.12,14,1,1,10,0,2,0,9.34,0,-0.035,0,2.98,0,0,-15.35
45007,0,0,0,4,89,7,0,0,0,2.0,2.039,0.857,16,8,88.72,36.22,12,2,1,8,0,1,0,-11.39,0.4,1.242,0,2.44,0,0,25.43
45009,0,0,0,4,29,2,0,0,0,0.0,0.067,0.476,10,7,90.5,38.93,14,2,1,9,0,2,0,6.77,0,0.663,0,3.2,0,0,-1.31
45011,0,0,0,2,39,1,0,0,0,0.0,2.034,0.849,16,6,90.98,38.83,14,3,0,9,0,2,0,1.27,0,0.065,0,3.04,0,0,-9.65
45013,0,0,0,2,89,6,0,0,0,0.0,3.179,1.209,19,6,89.89,43.86,13,1,1,10,0,1,0,-7.49,-0.4,-0.588,0,1.66,0,0,-9.17
45015,0,0,0,4,89,7,0,0,0,0.0,4.74,1.019,16,5,90.66,40.57,16,2,1,11,0,2,0,4.25,-0.2,0.242,0,1.5,0,0,-6.07
45017,0,0,0,8,40,4,0,0,0,0.0,11.071,0.807,11,6,90.42,39.1,14,1,1,10,0,2,0,-5.28,0,0.782,0,1.933,0,0,1.66
45019,0,0,0,8,89,30,0,0,0,1.0,20.944,0.937,16,7,89.46,42.52,14,1,1,11,0,1,0,8.89,1.2,0.002,0,0.813,0,0,-9.67
45021,0,0,0,3,50,2,0,0,0,1.0,0.663,0.683,13,10,88.47,33.29,10,1,0,8,0,1,0,-0.69,0.6,0.862,0,2.633,0,0,19.65
45023,0,0,0,3,38,1,0,0,0,1.0,0.223,0.586,15,11,89.18,34.95,11,2,0,8,0,1,0,13.44,-0.2,0.887,0,1.733,0,0,25.69
45025,0,0,0,2,68,9,0,0,0,0.0,0.136,1.041,16,8,89.86,35.93,14,1,1,10,0,2,0,2.52,-0.4,0.668,0,2.393,0,0,12.03
45027,0,0,0,6,57,6,0,0,0,0.0,17.302,0.795,12,7,90.01,38.93,14,1,1,10,0,2,0,-9.8,1.0,0.633,0,2.313,0,0,3.43
45029,0,0,0,5,127,7,0,0,0,1.0,2.389,0.824,11,5,90.32,40.64,16,2,1,11,0,2,0,5.75,1.8,0.457,0,1.887,0,0,-4.01
45031,0,0,0,3,45,10,0,0,0,0.0,1.875,1.13,16,8,90.61,37.31,13,1,1,10,0,1,0,-11.18,-0.4,0.7,0,2.2,0,0,12.29
45033,0,0,0,2,30,3,0,0,0,0.0,2.694,1.142,15,6,90.56,37.43,15,1,1,11,0,2,0,-7.65,-0.2,1.09,0,1.74,0,0,5.62
45035,0,0,0,4,79,17,0,0,0,0.0,7.084,0.992,13,6,90.79,40.55,15,1,1,11,0,2,0,9.8,0.8,0.705,0,1.16,0,0,-1.18
45037,0,0,0,4,52,1,0,0,0,0.0,0.079,1.059,17,5,90.41,38.43,11,1,0,8,0,2,0,-8.95,-0.2,0.32,0,1.74,0,0,1.54
45039,0,0,0,2,71,2,0,0,0,0.0,1.191,0.692,15,7,90.03,36.12,11,1,1,8,0,1,0,13.0,1.0,0.568,0,0.6,0,0,12.29
45041,0,0,0,2,53,8,0,0,0,2.0,14.101,1.109,16,7,90.84,38.46,14,1,1,10,0,2,0,-9.4,1.4,0.772,0,2.173,0,0,0.99
45043,0,0,0,2,30,12,0,0,0,2.0,2.292,0.53,16,9,88.72,39.11,16,2,1,11,0,2,0,1.27,0.0,0.11,0,2.113,0,0,-15.67
45045,0,0,0,8,125,16,0,0,0,2.0,11.331,0.873,16,9,86.9,35.05,13,2,1,8,1,1,0,-14.63,-0.2,0.772,0,2.147,0,0,28.06
45047,0,0,0,3,47,9,0,0,0,0.0,0.783,0.694,15,10,89.64,36.93,11,1,1,8,0,1,0,-6.54,-0.4,0.958,0,2.54,0,0,17.25
45049,0,0,0,3,64,4,0,0,0,5.0,0.048,0.733,11,6,90.45,40.0,14,3,0,9,0,2,0,7.94,1.0,0.083,0,2.273,0,0,-9.95
45051,0,0,0,14,71,28,0,0,0,3.0,29.37,0.8,14,6,88.68,38.53,15,1,1,11,0,2,0,-6.8,-0.8,0.272,0,1.98,0,0,-3.55
45053,0,0,0,0,101,4,0,0,0,0.0,0.076,1.096,17,6,90.65,41.8,13,1,0,11,0,1,0,-0.69,0,-0.337,0,1.987,0,0,-10.91
45055,0,0,0,1,79,2,0,0,0,1.0,0.142,0.864,15,7,89.86,36.09,12,1,1,9,0,1,0,10.45,0,0.452,0,0.887,0,0,2.47
45057,0,0,0,2,71,11,0,0,0,2.0,0.562,0.811,17,9,89.37,34.88,12,1,1,9,0,1,0,22.02,1.0,0.645,0,1.3,0,0,12.78
45059,0,0,0,7,55,2,0,0,0,0.0,0.511,0.657,14,8,89.11,35.91,11,1,1,8,0,1,0,-8.02,1.0,0.977,0,2.44,0,0,22.92
45061,0,0,0,0,27,1,0,0,0,0.0,0.075,1.034,16,7,90.02,37.32,12,1,1,9,0,1,0,-8.16,-0.2,0.713,0,1.527,0,0,10.56
45063,0,0,0,9,116,25,0,0,0,2.0,19.852,1.004,15,6,90.94,37.78,12,1,1,8,0,2,0,-0.44,-1.2,0.842,0,1.527,0,0,5.81
45065,0,0,0,0,34,1,0,0,0,0.0,0.029,0.889,16,7,89.93,37.61,11,1,1,8,0,1,0,-5.29,0,0.865,0,2.293,0,0,13.33
45067,0,0,0,2,36,9,0,0,0,0.0,2.022,1.018,15,6,90.26,38.22,15,1,1,11,0,2,0,-7.75,-0.6,0.832,0,1.973,0,0,-1.31
45069,0,0,0,0,40,2,0,0,0,0.0,1.319,1.199,18,7,90.58,36.89,14,2,1,10,0,1,0,-3.25,-0.2,1.048,0,2.127,0,0,10.27
45071,0,0,0,4,85,4,0,0,0,0.0,0.427,0.752,15,7,90.34,36.29,12,2,1,8,0,1,0,4.46,1.0,0.862,0,1.76,0,0,20.64
45073,0,0,0,4,78,5,0,0,0,1.0,100.746,0.571,13,10,86.85,34.58,12,3,0,8,0,1,0,-14.65,0.2,0.747,0,2.22,0,0,21.75
45075,0,0,0,13,87,15,0,0,0,3.0,32.822,0.792,11,6,90.64,39.36,15,2,1,10,0,2,0,0.3,0.0,0.675,0,2.3,0,0,2.51
45077,0,0,0,6,70,5,0,0,0,2.0,3.42,1.087,19,5,86.65,35.21,13,3,0,8,1,1,0,-13.4,0.6,0.822,0,2.86,0,0,24.02
45079,0,0,0,4,125,57,0,0,0,10.0,32.438,0.746,14,7,90.71,37.71,12,1,1,9,0,1,0,2.44,7.2,0.5,0,1.047,0,0,4.32
45081,0,0,0,3,42,3,0,0,0,0.0,0.106,0.887,14,6,90.34,37.16,12,1,1,8,0,2,0,-7.15,0,0.838,0,2.04,0,0,6.79
45083,0,0,0,7,111,12,0,0,0,1.0,17.038,0.78,13,8,88.19,34.92,12,2,1,8,0,1,0,-9.15,-0.2,0.953,0,2.48,0,0,26.62
45085,0,0,0,1,78,8,0,0,0,0.0,0.233,0.806,13,7,89.79,38.06,14,1,1,10,0,2,0,-13.79,-0.8,1.038,0,1.207,0,0,3.51
45087,0,0,0,2,40,0,0,0,0,1.0,0.687,0.604,13,9,89.23,34.83,10,1,0,8,0,1,0,0.0,0,1.098,0,2.387,0,0,25.48
45089,0,0,0,1,28,5,0,0,0,0.0,10.48,0.833,16,7,90.37,38.98,15,1,1,11,0,2,0,0.95,0,0.298,0,2.453,0,0,-9.05
45091,0,0,0,3,70,15,0,0,0,1.0,4.884,0.683,18,12,88.86,34.08,10,1,0,8,0,1,0,8.53,0.0,0.697,0,1.867,0,0,19.5
46003,0,0,0,3,45,12,0,0,0,0.0,18.081,0.067,13,12,84.35,10.93,4,2,2,0,0,0,0,41.1,0.2,3.162,0,-7.093,0,0,-36.37
46005,0,0,0,5,53,33,0,0,0,0.0,48.099,0.221,13,8,83.64,8.52,2,1,1,0,0,0,0,21.28,-5.2,3.315,0,-8.713,0,0,-24.34
46007,0,0,0,5,56,6,0,0,0,0.0,1.377,0.349,14,10,84.68,14.07,3,0,2,0,0,1,0,-1.63,-1.0,1.993,0,-4.2,0,0,-37.55
46009,0,0,0,3,41,42,0,0,0,0.0,31.322,0.247,10,11,84.6,13.24,2,1,1,0,0,0,0,54.98,-2.0,2.527,0,-6.373,0,0,-41.18
46011,0,0,0,3,37,46,0,0,0,0.0,22.779,0.492,17,7,80.34,8.06,4,2,1,0,0,1,0,15.63,-3.0,4.177,0,-9.88,0,0,20.84
46013,0,0,0,3,79,60,0,0,0,0.0,37.066,0.447,17,8,82.51,6.16,2,0,2,0,0,0,0,16.28,-6.6,3.753,0,-11.04,0,0,-28.85
46015,0,0,0,0,45,9,0,0,0,0.0,11.955,0.344,12,10,85.11,12.03,4,2,2,0,0,0,0,41.07,-0.6,2.738,0,-6.5,0,0,-42.68
46017,0,0,0,1,28,4,0,0,0,1.0,1.002,0.126,11,13,84.61,10.2,2,1,1,0,0,0,0,36.62,0.2,2.433,0,-7.227,0,0,-28.21
46019,0,0,0,1,77,6,0,0,0,1.0,1.007,0.226,15,9,84.79,11.66,5,3,2,0,0,0,0,-6.09,-0.8,2.798,0,-3.32,0,0,-19.23
46021,0,0,0,2,39,8,0,0,0,0.0,2.584,0.181,16,10,82.1,7.12,2,0,2,0,0,0,0,1.48,-1.0,2.905,0,-8.32,0,0,-31.7
46023,0,0,0,2,60,29,0,0,0,2.0,37.812,0.344,10,9,85.37,13.34,2,1,1,0,0,0,0,40.21,-4.0,2.765,0,-6.127,0,0,-39.68
46025,0,0,0,5,36,6,0,0,0,1.0,16.521,0.482,22,8,81.24,6.68,5,2,2,0,0,1,0,23.73,1.0,3.85,0,-10.42,0,0,-10.84
46027,0,0,0,1,34,23,0,0,0,0.0,27.315,0.4,14,10,84.06,12.69,3,1,2,0,0,0,0,50.59,-1.0,3.165,0,-6.993,0,0,-42.71
46029,0,0,0,3,38,26,0,0,0,0.0,7.672,0.604,19,7,79.96,5.96,5,3,2,0,0,0,0,26.45,0.8,4.087,0,-11.133,0,0,-0.34
46031,0,0,0,1,73,22,0,0,0,0.0,1.54,0.19,16,12,83.38,7.99,1,0,1,0,0,0,0,4.5,-2.8,2.635,0,-8.033,0,0,-34.28
46033,0,0,0,2,132,13,0,0,0,0.0,1.435,0.147,13,12,81.77,14.55,2,0,1,0,1,0,0,-10.53,-0.2,2.372,0,-3.88,0,0,-38.86
46035,0,0,0,1,38,37,0,0,0,1.0,37.783,-0.288,13,11,84.27,10.01,2,1,1,0,0,0,0,35.0,-3.6,3.392,0,-7.873,0,0,-21.59
46037,0,0,0,7,42,7,0,0,0,0.0,11.934,0.329,13,10,80.25,5.2,6,3,2,0,0,1,0,24.73,-1.2,3.857,0,-11.533,0,0,-15.81
46039,0,0,0,7,27,7,0,0,0,0.0,11.559,0.5,20,8,79.53,7.76,5,2,2,0,0,1,0,24.69,-0.8,4.365,0,-10.72,0,0,2.88
46041,0,0,0,1,58,9,0,0,0,0.0,3.119,0.382,17,12,84.48,9.57,3,1,2,0,0,0,0,5.38,-1.0,2.412,0,-7.033,0,0,-41.06
46043,0,0,0,1,25,9,0,0,0,0.0,30.15,0.153,13,9,84.69,11.76,2,1,1,0,0,0,0,36.25,-0.2,3.07,0,-6.807,0,0,-27.8
46045,0,0,0,3,56,11,0,0,0,0.0,15.01,0.35,16,9,82.14,7.0,2,1,1,0,0,0,0,6.91,-1.4,3.663,0,-9.54,0,0,-28.07
46047,0,0,0,1,98,7,0,0,0,0.0,1.014,-0.047,15,13,86.05,13.83,5,2,2,0,1,0,0,0.68,-0.4,2.287,0,-3.807,0,0,-43.15
46049,0,0,0,3,32,7,0,0,0,0.0,23.231,0.288,14,9,82.51,8.0,3,1,2,0,0,0,0,10.21,-1.2,3.478,0,-9.247,0,0,-22.47
46051,0,0,0,3,29,13,0,0,0,0.0,9.996,0.571,18,7,81.15,7.01,4,2,2,0,0,0,0,38.25,-0.8,4.318,0,-11.653,0,0,1.74
46053,0,0,0,2,43,5,0,0,0,0.0,15.454,0.42,14,12,85.11,14.09,4,2,2,0,0,0,0,25.65,0.2,2.695,0,-5.967,0,0,-44.87
46055,0,0,0,2,82,13,0,0,0,0.0,0.101,0.052,11,18,86.06,11.73,4,3,1,0,0,0,0,7.26,-1.4,2.192,0,-4.133,0,0,-44.63
46057,0,0,0,3,32,26,0,0,0,0.0,11.062,0.578,17,8,80.46,6.78,5,2,2,0,0,1,0,24.88,1.4,4.03,0,-10.32,0,0,-6.53
46059,0,0,0,7,57,13,0,0,0,1.0,36.84,0.292,14,9,83.02,9.17,2,0,2,0,0,0,0,24.63,0.4,2.763,0,-8.627,0,0,-23.66
46061,0,0,0,0,23,29,0,0,0,0.0,30.956,-0.266,12,11,83.87,9.67,5,2,3,0,0,0,0,33.51,-2.4,3.502,0,-8.267,0,0,-14.3
46063,0,0,0,2,91,7,0,0,0,0.0,0.423,0.798,20,11,84.1,10.46,1,1,0,0,0,0,0,-14.06,-0.6,2.78,0,-4.133,0,0,-7.7
46065,0,0,0,0,60,12,0,0,0,0.0,2.955,0.355,14,10,85.4,10.39,2,1,1,0,0,0,0,23.61,-1.8,1.987,0,-6.8,0,0,-29.05
46067,0,0,0,2,41,45,0,0,0,0.0,65.365,0.208,12,10,84.13,11.62,3,2,1,0,0,0,0,44.24,-4.6,3.085,0,-7.3,0,0,-27.16
46069,0,0,0,4,45,7,0,0,0,0.0,7.718,0.359,14,10,83.11,8.88,1,0,1,0,0,0,0,26.1,-1.0,2.498,0,-7.887,0,0,-26.06
46071,0,0,0,0,112,17,0,0,0,0.0,0.476,0.111,13,14,86.47,13.65,6,3,2,0,0,1,0,2.83,-0.4,2.443,0,-4.407,0,0,-43.99
46073,0,0,0,1,25,3,0,0,0,0.0,15.574,-0.177,11,12,83.14,9.94,3,1,2,0,0,0,0,35.03,-0.6,3.015,0,-7.587,0,0,-36.2
46075,0,0,0,1,54,11,0,0,0,0.0,2.934,0.213,11,13,86.13,12.54,6,3,2,0,0,1,0,12.83,-1.0,1.98,0,-5.107,0,0,-31.0
46077,0,0,0,3,31,7,0,0,0,0.0,33.345,0.399,16,10,81.39,7.94,5,3,1,0,0,1,0,25.53,-0.2,3.8,0,-9.407,0,0,-18.62
46079,0,0,0,2,31,7,0,0,0,0.0,29.284,0.407,15,7,81.12,9.07,3,2,1,0,0,0,0,22.83,1.0,3.992,0,-9.367,0,0,6.2
46081,0,0,0,4,102,6,0,0,0,1.0,2.512,-0.001,14,11,78.69,12.89,1,1,0,0,0,0,0,-6.4,-0.8,2.283,0,-2.56,0,0,-13.38
46083,0,0,0,4,36,42,0,0,0,0.0,46.024,0.439,13,10,83.34,11.78,3,1,2,0,0,0,0,49.08,-2.0,3.378,0,-8.04,0,0,18.97
46085,0,0,0,2,81,13,0,0,0,0.0,5.035,0.329,12,10,86.02,12.05,3,1,2,0,0,0,0,21.22,1.4,2.108,0,-6.053,0,0,-30.24
46087,0,0,0,1,35,7,0,0,0,0.0,42.817,0.359,17,10,82.86,10.43,4,3,1,0,0,0,0,36.13,0.8,3.472,0,-8.307,0,0,1.91
46089,0,0,0,3,52,9,0,0,0,0.0,5.033,0.165,16,9,80.67,6.1,3,2,1,0,0,0,0,1.13,-1.6,3.425,0,-9.367,0,0,-29.07
46091,0,0,0,6,28,7,0,0,0,0.0,18.679,0.028,12,14,79.9,5.39,3,1,2,0,0,0,0,18.69,-1.2,3.892,0,-11.873,0,0,-23.71
46093,0,0,0,4,152,17,0,0,0,0.0,4.621,0.223,15,14,84.84,12.14,3,2,1,0,0,0,0,-7.29,-1.4,2.44,0,-4.047,0,0,-38.66
46095,0,0,0,0,40,4,0,0,0,0.0,0.0,0.313,11,13,86.35,13.91,3,0,2,0,0,1,0,10.45,0.2,2.007,0,-4.693,0,0,-27.04
46097,0,0,0,4,21,3,0,0,0,0.0,19.85,0.091,16,9,82.41,8.94,3,2,1,0,0,0,0,25.55,0.4,3.812,0,-8.933,0,0,-12.46
46099,0,0,0,6,57,73,0,0,0,2.0,45.445,0.824,18,5,82.5,10.88,4,2,2,0,0,0,0,32.22,-6.0,3.532,0,-9.047,0,0,32.83
46101,0,0,0,0,29,42,0,0,0,0.0,17.726,0.489,16,7,81.06,9.12,3,2,1,0,0,0,0,18.89,-3.4,4.222,0,-9.8,0,0,36.98
46102,0,0,0,2,105,17,0,0,0,0.0,0.985,0.158,16,14,85.79,14.84,0,0,0,0,0,0,0,3.73,-2.2,1.978,0,-3.113,0,0,-47.03
46103,0,0,0,3,199,34,0,0,0,0.0,7.672,0.224,14,13,83.19,13.2,5,1,2,0,2,0,0,-4.56,-3.2,2.508,0,-4.033,0,0,-41.71
46105,0,0,0,3,85,10,0,0,0,0.0,0.38,0.341,15,12,83.76,8.97,3,1,2,0,0,0,0,-1.3,0.4,2.735,0,-5.62,0,0,-28.16
46107,0,0,0,0,40,7,0,0,0,0.0,12.12,0.476,13,7,82.83,8.8,3,0,2,0,0,1,0,8.26,-1.0,2.818,0,-7.893,0,0,-32.95
46109,0,0,0,6,41,15,0,0,0,0.0,12.811,0.575,17,8,80.97,6.5,5,2,2,0,0,1,0,32.97,-2.2,4.038,0,-12.067,0,0,-11.38
46111,0,0,0,1,20,34,0,0,0,2.0,20.255,-0.18,12,11,83.84,8.89,3,1,2,0,0,0,0,27.0,-3.2,3.417,0,-8.32,0,0,-21.39
46113,0,0,0,0,0,0,0,0,0,0,0,,,,,,3,1,1,0,0,1,0,,0,,0,,0,0,
46115,0,0,0,4,53,35,0,0,0,1.0,45.532,0.503,16,6,83.39,7.43,2,1,1,0,0,0,0,19.52,-5.6,3.593,0,-9.82,0,0,-19.65
46117,0,0,0,1,70,8,0,0,0,0.0,2.89,0.157,12,13,86.13,11.1,3,2,0,0,0,1,0,11.06,-1.2,1.762,0,-5.167,0,0,-36.53
46119,0,0,0,1,31,4,0,0,0,0.0,7.511,0.461,16,9,84.31,9.53,2,1,1,0,0,0,0,15.26,-0.8,2.213,0,-7.3,0,0,-32.84
46121,0,0,0,1,73,5,0,0,0,0.0,0.619,0.329,10,14,84.98,14.05,3,0,2,0,0,1,0,11.05,-0.8,1.845,0,-4.44,0,0,-27.1
46123,0,0,0,3,70,14,0,0,0,0.0,0.046,0.499,12,12,86.2,13.78,4,1,2,0,0,1,0,21.93,-0.8,2.158,0,-5.44,0,0,-33.11
46125,0,0,0,2,37,25,0,0,0,0.0,45.241,0.552,13,7,83.47,11.94,5,2,3,0,0,0,0,51.78,-2.0,3.225,0,-7.707,0,0,-15.29
46127,0,0,0,1,38,55,0,0,0,0.0,17.86,0.374,15,11,83.99,12.65,4,1,3,0,0,0,0,52.37,-2.6,3.21,0,-7.033,0,0,-35.27
46129,0,0,0,1,48,7,0,0,0,0.0,6.462,0.412,17,9,82.52,8.51,2,0,2,0,0,0,0,6.86,-0.8,3.065,0,-7.853,0,0,-31.84
46135,0,0,0,1,38,30,0,0,0,0.0,58.325,0.538,11,8,83.98,13.21,2,1,1,0,0,0,0,46.58,-0.8,2.838,0,-6.74,0,0,-44.66
46137,0,0,0,1,63,15,0,0,0,0.0,1.357,0.349,17,13,85.13,10.23,5,1,3,0,0,1,0,4.77,-1.6,2.313,0,-5.76,0,0,-43.45
47001,0,0,0,0,34,8,0,0,0,0.0,0.612,0.808,21,10,85.13,31.47,3,1,1,0,0,1,0,-21.66,-1.2,0.527,0,1.827,0,0,27.13
47003,0,0,0,6,50,12,0,0,0,0.0,1.608,0.785,15,10,87.57,32.31,3,0,1,0,0,2,0,-20.45,-1.8,1.182,0,2.2,0,0,40.22
47005,0,0,0,5,35,9,0,0,0,1.0,2.822,0.688,13,10,87.72,32.01,4,3,0,0,0,0,1,-20.67,0.0,1.018,0,0.72,0,0,34.69
47007,0,0,0,0,40,12,0,0,0,0.0,0.908,1.022,19,8,84.02,31.94,6,3,1,0,1,1,0,-23.64,0.0,0.873,0,2.713,0,0,31.27
47009,0,0,0,1,59,10,0,0,0,0.0,2.776,0.666,17,8,85.45,32.36,4,1,1,0,1,1,0,-14.8,0.8,0.88,0,2.013,0,0,22.89
47011,0,0,0,2,49,7,0,0,0,0.0,0.16,0.896,17,8,87.5,33.53,1,1,0,0,0,0,0,-23.13,0.2,1.072,0,2.567,0,0,35.42
47013,0,0,0,1,45,6,0,0,0,0.0,6.788,0.541,13,10,82.79,29.85,5,2,1,0,0,1,1,-21.08,-1.0,0.918,0,1.893,0,0,20.47
47015,0,0,0,3,32,8,0,0,0,0.0,4.03,0.777,16,10,86.52,31.93,3,1,0,0,0,1,1,-16.02,-0.2,0.363,0,1.98,0,0,30.14
47017,0,0,0,6,38,10,0,0,0,0.0,2.212,0.504,12,10,87.64,31.92,5,3,0,0,0,1,1,-22.32,-0.4,1.173,0,0.187,0,0,43.55
47019,0,0,0,0,18,9,0,0,0,2.0,2.047,0.792,18,10,81.49,28.54,1,0,1,0,0,0,0,-13.75,-1.4,0.867,0,1.893,0,0,17.95
47021,0,0,0,3,43,13,0,0,0,2.0,3.595,0.913,17,10,88.4,31.67,7,2,1,0,0,1,3,-20.59,-1.4,0.655,0,-0.153,0,0,20.72
47023,0,0,0,0,22,6,0,0,0,0.0,0.15,0.538,16,11,88.64,32.53,0,0,0,0,0,0,0,-22.85,-0.2,1.44,0,1.1,0,0,37.6
47025,0,0,0,3,45,7,0,0,0,0.0,1.246,0.255,11,12,83.5,29.07,4,1,1,0,0,1,1,-14.07,0.2,1.74,0,1.927,0,0,21.45
47027,0,0,0,3,35,7,0,0,0,0.0,1.701,0.812,14,9,86.92,31.12,4,1,1,0,0,1,1,-23.04,0.6,1.325,0,1.54,0,0,22.61
47029,0,0,0,0,38,3,0,0,0,0.0,0.018,0.876,17,9,85.22,31.51,3,0,1,0,0,2,0,-7.58,-0.4,0.767,0,1.96,0,0,17.46
47031,0,0,0,5,52,13,0,0,0,0.0,2.514,0.724,17,8,85.94,31.99,5,1,1,0,0,3,0,-19.73,-1.4,1.008,0,1.853,0,0,35.42
47033,0,0,0,1,16,12,0,0,0,0.0,0.277,0.538,16,11,88.69,32.56,2,2,0,0,0,0,0,-22.22,0.2,1.547,0,0.407,0,0,42.58
47035,0,0,0,4,36,13,0,0,0,1.0,5.626,0.722,17,8,82.29,30.55,3,2,0,0,0,1,0,-27.14,-1.2,0.878,0,1.987,0,0,36.21
47037,0,0,0,9,130,43,0,0,0,10.0,1138.92,1.011,20,9,88.61,32.52,9,3,0,0,0,2,3,-23.06,-1.2,0.902,0,0.567,0,0,23.63
47039,0,0,0,4,23,4,0,0,0,0.0,3.763,0.822,17,8,88.4,32.96,8,4,1,0,0,0,3,-28.38,-0.4,1.13,0,1.167,0,0,35.57
47041,0,0,0,3,31,5,0,0,0,0.0,0.537,0.805,15,9,86.85,31.71,3,0,1,0,0,2,0,-16.53,-0.4,0.71,0,2.353,0,0,26.34
47043,0,0,0,5,62,15,0,0,0,0.0,8.741,0.809,15,8,87.31,31.09,8,3,2,0,0,1,2,-23.76,-2.0,0.607,0,0.113,0,0,26.34
47045,0,0,0,3,27,7,0,0,0,0.0,1.183,0.579,16,11,88.35,32.25,4,1,1,0,0,0,2,-15.55,0.8,2.09,0,0.08,0,0,16.1
47047,0,0,0,3,29,7,0,0,0,1.0,0.605,0.506,16,12,89.14,33.75,5,4,0,0,0,1,0,-17.44,-0.4,0.85,0,0.833,0,0,32.51
47049,0,0,0,4,31,12,0,0,0,0.0,1.315,1.199,23,6,83.33,30.2,5,1,1,0,0,2,1,-25.33,-1.2,0.462,0,1.84,0,0,27.94
47051,0,0,0,7,35,6,0,0,0,0.0,0.056,0.874,15,7,86.15,32.87,0,0,0,0,0,0,0,-23.0,-0.6,0.978,0,1.84,0,0,32.08
47053,0,0,0,6,30,17,0,0,0,0.0,5.566,0.433,15,11,88.06,32.02,6,3,1,0,0,0,2,-16.23,0.2,1.602,0,-0.167,0,0,39.05
47055,0,0,0,2,38,11,0,0,0,1.0,0.788,0.363,15,13,87.04,32.22,5,3,1,0,0,1,0,-22.14,-1.2,1.733,0,1.0,0,0,45.68
47057,0,0,0,0,29,4,0,0,0,0.0,0.712,0.578,16,10,85.39,30.52,3,0,1,0,0,1,1,-13.35,0.4,1.265,0,2.053,0,0,20.65
47059,0,0,0,0,52,15,0,0,0,0.0,0.812,0.712,16,11,85.49,31.2,3,0,1,0,0,2,0,-5.22,0.6,0.715,0,2.027,0,0,16.75
47061,0,0,0,2,29,7,0,0,0,0.0,1.439,0.752,16,8,82.87,31.48,2,1,0,0,0,1,0,-20.98,0.0,0.937,0,2.373,0,0,33.29
47063,0,0,0,0,34,6,0,0,0,0.0,1.25,0.742,19,9,86.02,31.4,2,0,1,0,0,1,0,-13.97,-1.0,0.977,0,2.22,0,0,22.29
47065,0,0,0,2,76,22,0,0,0,4.0,7.258,0.898,17,8,87.09,33.84,5,2,1,0,2,0,0,-25.12,-1.4,1.115,0,2.553,0,0,32.59
47067,0,0,0,0,22,4,0,0,0,0.0,0.023,0.582,18,11,84.28,30.0,2,0,1,0,0,1,0,-15.45,-0.4,1.675,0,2.127,0,0,22.33
47069,0,0,0,2,28,8,0,0,0,0.0,0.79,0.533,16,13,88.88,33.13,3,1,0,0,0,1,1,-14.7,-0.4,1.037,0,1.24,0,0,34.29
47071,0,0,0,4,36,8,0,0,0,1.0,7.032,0.694,17,7,88.51,33.25,6,4,1,0,0,1,0,-26.52,-1.0,1.118,0,1.113,0,0,40.7
47073,0,0,0,0,51,10,0,0,0,2.0,24.163,0.809,18,10,85.46,31.11,2,0,1,0,0,1,0,-15.7,-1.8,1.215,0,2.267,0,0,23.89
47075,0,0,0,5,17,10,0,0,0,0.0,0.414,0.514,16,12,89.01,33.08,5,4,0,0,0,1,0,-20.69,-0.8,1.232,0,0.86,0,0,36.99
47077,0,0,0,3,40,9,0,0,0,0.0,5.239,0.609,14,9,88.15,32.39,6,3,0,0,0,1,2,-26.49,-0.4,1.232,0,0.76,0,0,37.26
47079,0,0,0,3,32,7,0,0,0,1.0,5.314,0.497,13,11,87.31,31.25,5,4,0,0,0,0,1,-5.51,1.4,1.193,0,-0.173,0,0,16.73
47081,0,0,0,5,50,11,0,0,0,1.0,3.164,0.778,17,8,87.23,31.6,7,3,2,0,0,1,1,-31.57,-0.8,1.097,0,0.94,0,0,42.93
47083,0,0,0,1,21,3,0,0,0,0.0,1.29,0.72,15,8,87.28,31.38,7,4,2,0,0,1,0,-10.35,0.6,0.878,0,0.4,0,0,19.33
47085,0,0,0,3,29,5,0,0,0,20.0,103.24,0.745,15,8,87.41,31.67,5,3,2,0,0,0,0,-23.44,-0.8,0.893,0,0.9,0,0,34.82
47087,0,0,0,1,39,10,0,0,0,0.0,1.087,0.742,15,7,87.12,31.44,5,2,1,0,0,1,1,-22.66,-1.2,1.378,0,1.78,0,0,28.35
47089,0,0,0,1,46,4,0,0,0,0.0,0.055,0.861,17,8,86.8,31.83,4,2,1,0,0,1,0,-13.12,1.6,0.8,0,2.107,0,0,19.2
47091,0,0,0,1,14,5,0,0,0,0.0,0.9,0.757,16,10,79.9,27.3,2,1,1,0,0,0,0,-9.61,-1.0,0.922,0,1.967,0,0,21.73
47093,0,0,0,1,104,29,0,0,0,2.0,36.296,0.797,22,8,86.8,32.31,5,2,1,0,0,2,0,-16.86,1.6,0.668,0,1.74,0,0,22.16
47095,0,0,0,3,14,2,0,0,0,3.0,5.143,0.485,16,11,88.02,31.58,5,2,1,0,0,0,2,-9.65,-0.4,2.393,0,-0.507,0,0,-0.55
47097,0,0,0,2,22,6,0,0,0,0.0,0.124,0.519,16,11,88.7,33.32,3,2,1,0,0,0,0,-15.18,0,1.643,0,0.58,0,0,26.96
47099,0,0,0,8,81,31,0,0,0,1.0,4.609,0.742,17,8,87.01,32.33,5,3,1,0,0,1,0,-30.42,-3.2,1.257,0,0.473,0,0,48.93
47101,0,0,0,5,26,3,0,0,0,0.0,1.442,0.883,17,10,86.84,32.19,5,4,1,0,0,0,0,-33.78,-0.2,1.243,0,0.887,0,0,48.77
47103,0,0,0,5,38,6,0,0,0,3.0,0.292,0.546,15,8,87.42,32.81,1,0,1,0,0,0,0,-21.78,-0.8,1.405,0,2.013,0,0,37.24
47105,0,0,0,0,48,3,0,0,0,0.0,0.609,0.761,19,8,87.01,32.86,4,2,1,0,0,1,0,-20.52,0,0.762,0,2.287,0,0,23.46
47107,0,0,0,2,59,13,0,0,0,0.0,0.066,1.014,18,8,87.47,33.08,1,0,0,0,0,1,0,-21.52,0.0,0.783,0,2.667,0,0,33.29
47109,0,0,0,3,24,7,0,0,0,10.0,26.688,0.442,17,12,88.73,32.57,6,3,1,0,0,1,1,-23.85,-0.4,1.41,0,1.24,0,0,39.66
47111,0,0,0,3,31,11,0,0,0,0.0,2.527,0.489,14,10,87.03,30.73,2,2,0,0,0,0,0,-12.98,0.2,1.387,0,1.267,0,0,24.73
47113,0,0,0,3,46,24,0,0,0,0.0,2.385,0.548,15,11,88.67,32.66,5,3,0,0,0,1,1,-21.19,0.4,1.495,0,0.62,0,0,40.97
47115,0,0,0,2,54,9,0,0,0,5.0,3.867,0.764,14,9,84.94,33.3,5,3,1,0,0,0,1,-23.97,-1.2,1.05,0,2.32,0,0,33.83
47117,0,0,0,4,33,13,0,0,0,0.0,1.787,0.655,17,9,87.74,32.06,2,0,1,0,0,1,0,-23.38,-0.4,1.512,0,2.227,0,0,48.23
47119,0,0,0,3,58,28,0,0,0,5.0,1.986,0.683,16,8,87.76,31.73,4,2,0,0,0,1,1,-24.54,-3.2,1.635,0,1.2,0,0,48.82
47121,0,0,0,2,21,7,0,0,0,0.0,0.022,0.964,18,8,87.39,33.09,3,2,0,0,0,1,0,-20.03,0.6,0.913,0,2.92,0,0,31.45
47123,0,0,0,2,57,9,0,0,0,0.0,10.135,0.769,18,10,85.59,31.96,3,2,0,0,0,1,0,-24.21,2.2,0.763,0,2.467,0,0,28.82
47125,0,0,0,4,61,11,0,0,0,4.0,34.473,0.986,14,7,87.85,31.73,3,3,0,0,0,0,0,-10.28,1.2,1.038,0,-0.14,0,0,4.42
47127,0,0,0,4,32,5,0,0,0,0.0,0.063,0.772,16,8,86.92,32.58,6,2,1,0,0,2,1,-23.27,-0.8,1.167,0,1.96,0,0,35.82
47129,0,0,0,2,31,7,0,0,0,0.0,0.125,0.97,23,7,83.94,30.68,4,2,1,0,0,1,0,-24.89,1.2,0.457,0,2.027,0,0,33.06
47131,0,0,0,8,31,13,0,0,0,1.0,10.951,0.282,12,11,87.24,31.09,6,2,1,0,0,1,2,-1.25,2.8,2.357,0,-0.7,0,0,2.1
47133,0,0,0,2,48,9,0,0,0,0.0,0.911,1.028,18,8,85.0,31.35,4,0,1,0,0,2,1,-27.89,-0.2,1.075,0,1.58,0,0,31.0
47135,0,0,0,5,31,10,0,0,0,2.0,2.661,0.955,16,8,87.86,32.71,6,4,1,0,0,1,0,-32.55,-1.0,1.097,0,1.253,0,0,40.62
47137,0,0,0,2,15,2,0,0,0,0.0,0.204,1.244,23,6,85.28,30.92,3,1,0,0,0,2,0,-23.08,-0.4,0.672,0,1.693,0,0,23.3
47139,0,0,0,2,34,4,0,0,0,2.0,0.041,0.833,17,8,86.0,32.37,2,2,0,0,0,0,0,-22.82,-0.2,0.895,0,2.56,0,0,34.29
47141,0,0,0,5,52,21,0,0,0,19.0,108.503,0.872,18,8,85.21,31.47,5,1,0,0,0,3,1,-24.08,0.4,1.157,0,1.907,0,0,32.36
47143,0,0,0,0,44,7,0,0,0,1.0,0.325,0.925,19,8,85.58,32.51,5,3,1,0,0,1,0,-21.43,-0.8,0.91,0,2.8,0,0,29.35
47145,0,0,0,2,53,11,0,0,0,1.0,10.623,0.881,19,8,86.78,32.56,5,3,1,0,0,1,0,-22.54,1.4,0.673,0,2.507,0,0,26.99
47147,0,0,0,3,72,10,0,0,0,1.0,12.238,0.747,15,10,87.6,31.49,3,2,1,0,0,0,0,-12.66,2.4,0.96,0,0.173,0,0,6.32
47149,0,0,0,6,81,27,0,0,0,2.0,7.571,0.827,20,9,87.96,32.4,1,1,0,0,0,0,0,-19.52,-2.0,0.98,0,1.787,0,0,28.85
47151,0,0,0,2,37,11,0,0,0,0.0,1.76,0.879,19,6,83.15,29.44,5,1,1,0,0,2,1,-21.35,1.6,0.747,0,1.72,0,0,21.38
47153,0,0,0,1,38,8,0,0,0,0.0,0.175,0.895,15,8,83.74,32.1,3,1,1,0,1,0,0,-24.53,0.0,0.953,0,2.613,0,0,32.78
47155,0,0,0,0,53,18,0,0,0,0.0,3.911,0.584,13,8,83.24,31.14,5,1,1,0,2,1,0,-14.1,0.4,0.635,0,2.193,0,0,20.24
47157,0,0,0,2,86,44,0,0,0,6.0,73.451,0.409,16,12,89.78,34.54,7,4,0,0,0,3,0,-27.26,-0.8,1.398,0,0.213,0,0,30.72
47159,0,0,0,6,51,11,0,0,0,0.0,7.954,0.563,16,10,87.5,31.6,5,1,1,0,0,1,2,-16.64,-0.8,1.203,0,2.013,0,0,27.81
47161,0,0,0,2,37,11,0,0,0,1.0,6.277,0.683,16,9,87.29,31.25,4,2,0,0,0,0,2,-4.94,3.0,1.147,0,0.2,0,0,3.3
47163,0,0,0,1,47,8,0,0,0,1.0,0.031,0.913,20,9,85.12,30.09,0,0,0,0,0,0,0,-16.84,-1.2,1.065,0,2.38,0,0,18.31
47165,0,0,0,3,85,23,0,0,0,1.0,21.205,0.74,15,10,87.53,31.6,3,2,0,0,0,0,1,-11.83,0.2,1.09,0,0.893,0,0,20.5
47167,0,0,0,4,36,20,0,0,0,1.0,81.074,0.351,16,11,88.89,33.66,8,6,1,0,0,1,0,-17.4,-1.8,1.332,0,0.607,0,0,26.14
47169,0,0,0,5,19,5,0,0,0,0.0,2.45,0.631,16,9,87.77,31.61,0,0,0,0,0,0,0,-10.13,-0.4,1.252,0,1.573,0,0,25.77
47171,0,0,0,0,14,2,0,0,0,1.0,0.355,0.52,16,11,80.48,28.34,2,1,1,0,0,0,0,-4.75,-0.4,0.688,0,1.92,0,0,19.81
47173,0,0,0,0,36,5,0,0,0,0.0,0.033,0.507,15,9,84.97,30.52,1,0,1,0,0,0,0,-16.27,-0.6,1.04,0,1.827,0,0,25.29
47175,0,0,0,0,13,3,0,0,0,1.0,0.626,0.934,18,8,83.78,31.78,3,1,1,0,0,1,0,-21.92,0.8,0.792,0,2.967,0,0,31.35
47177,0,0,0,3,32,3,0,0,0,0.0,1.467,0.809,15,8,85.82,31.98,2,0,1,0,0,1,0,-20.12,-0.6,0.697,0,2.673,0,0,34.29
47179,0,0,0,1,34,9,0,0,0,1.0,0.354,0.743,19,11,85.49,30.46,2,1,0,0,0,1,0,-10.14,-1.4,0.837,0,2.207,0,0,17.82
47181,0,0,0,4,35,5,0,0,0,0.0,3.972,1.043,16,7,87.63,33.06,6,3,1,0,0,1,1,-29.57,-0.6,1.023,0,1.133,0,0,44.53
47183,0,0,0,4,27,12,0,0,0,2.0,7.907,0.345,14,11,87.44,31.32,6,4,0,0,0,0,2,-4.1,0.4,1.728,0,-0.76,0,0,15.41
47185,0,0,0,5,48,11,0,0,0,0.0,4.945,0.835,17,8,85.16,31.73,2,1,0,0,0,1,0,-21.39,1.4,0.928,0,2.667,0,0,29.96
47187,0,0,0,6,96,32,0,0,0,2.0,11.309,0.844,19,8,87.95,31.66,1,0,0,0,0,0,1,-22.84,-1.8,1.248,0,0.867,0,0,33.75
47189,0,0,0,9,91,30,0,0,0,3.0,417.448,0.764,19,9,87.77,32.3,3,0,0,0,0,0,3,-16.34,-1.0,1.065,0,1.667,0,0,25.7
48001,0,0,0,0,42,11,0,0,0,10.0,2.59,0.522,20,9,93.3,39.1,5,0,1,1,0,3,0,29.52,1.4,0.917,0,0.18,0,0,-6.48
48003,0,0,0,1,30,10,0,0,0,0.0,0.64,0.657,20,12,95.11,31.33,2,0,0,0,0,2,0,-11.38,-0.8,1.707,0,-2.807,0,0,22.56
48005,0,0,0,3,47,25,0,0,0,2.0,0.445,0.636,14,8,93.25,40.83,5,1,1,1,0,2,0,38.39,2.0,1.22,0,1.053,0,0,15.64
48007,0,0,0,1,13,20,0,0,0,0.0,1.474,0.883,27,9,91.49,50.14,5,0,0,3,0,2,0,-10.79,-1.4,0.973,0,-0.587,0,0,11.84
48009,0,0,0,4,45,9,0,0,0,0.0,0.086,0.593,19,11,95.9,33.12,4,1,1,0,0,2,0,9.07,-1.0,2.628,0,-1.987,0,0,-2.85
48011,0,0,0,7,60,7,0,0,0,0.0,0.06,0.781,19,10,92.6,27.09,2,0,0,0,0,2,0,-9.96,-0.6,1.963,0,-2.813,0,0,-35.88
48013,0,0,0,0,23,6,0,0,0,0.0,0.025,0.667,17,9,96.8,44.53,3,1,0,0,0,2,0,7.06,-0.4,0.783,0,-0.447,0,0,14.83
48015,0,0,0,0,12,9,0,0,0,2.0,3.479,0.954,18,9,94.4,45.08,6,1,2,1,0,2,0,26.57,2.6,1.315,0,-0.967,0,0,8.22
48017,0,0,0,4,28,9,0,0,0,0.0,2.983,0.305,16,16,91.66,25.13,3,1,0,0,0,2,0,1.42,-0.6,1.527,0,-2.593,0,0,14.76
48019,0,0,0,0,25,16,0,0,0,0.0,0.052,0.866,24,8,94.46,39.89,3,0,1,0,0,2,0,-1.44,0.2,1.178,0,-0.787,0,0,41.4
48021,0,0,0,7,40,20,0,0,0,0.0,5.977,0.923,19,8,96.04,42.28,9,2,2,1,1,3,0,13.01,-0.8,1.377,0,-0.827,0,0,14.18
48023,0,0,0,2,39,2,0,0,0,0.0,0.015,0.645,20,9,96.1,33.19,4,1,1,0,0,2,0,10.63,1.0,2.8,0,-2.373,0,0,-13.57
48025,0,0,0,1,19,11,0,0,0,0.0,8.505,0.251,17,11,95.41,46.61,4,0,0,2,0,2,0,-2.66,-1.2,1.135,0,-0.48,0,0,7.12
48027,0,0,0,4,50,18,0,0,0,4.0,5.533,0.73,21,9,95.51,39.32,2,0,0,0,0,2,0,41.26,3.6,0.872,0,-1.62,0,0,14.84
48029,0,0,0,4,76,64,0,0,0,9.0,1368.95,0.786,20,7,96.02,42.98,5,0,0,3,0,2,0,-2.25,-4.0,1.17,0,-0.627,0,0,45.82
48031,0,0,0,3,26,10,0,0,0,3.0,21.019,0.695,22,9,94.64,39.73,4,1,0,0,0,3,0,4.51,0.4,1.228,0,-1.293,0,0,33.39
48033,0,0,0,2,30,5,0,0,0,0.0,0.15,0.246,16,14,94.65,32.36,3,1,0,0,0,2,0,-1.38,0,2.003,0,-2.053,0,0,-35.11
48035,0,0,0,3,33,10,0,0,0,3.0,1.755,0.507,20,14,94.64,37.48,7,2,2,0,1,2,0,47.36,2.8,1.095,0,-1.28,0,0,-14.89
48037,0,0,0,5,55,18,0,0,0,0.0,40.126,0.758,15,10,91.39,37.05,4,1,0,1,0,2,0,10.21,0.6,1.442,0,0.107,0,0,-12.76
48039,0,0,0,10,29,12,0,0,0,0.0,2006.911,0.963,23,7,91.98,48.36,8,2,1,3,0,2,0,25.5,-0.4,0.15,0,0.38,0,0,9.55
48041,0,0,0,5,42,9,0,0,0,0.0,7.928,0.631,16,9,94.36,41.66,3,0,1,0,0,2,0,18.72,2.6,1.683,0,-0.173,0,0,19.96
48043,0,0,0,5,54,8,0,0,0,0.0,0.108,0.697,18,7,95.62,35.7,2,0,0,0,0,2,0,-19.05,0.0,1.735,0,-1.073,0,0,37.44
48045,0,0,0,3,42,4,0,0,0,0.0,0.172,0.529,17,15,93.55,28.25,2,0,0,0,0,2,0,6.2,-0.4,1.603,0,-2.7,0,0,-61.67
48047,0,0,0,0,9,4,0,0,0,0.0,0.293,0.619,16,7,97.87,49.6,3,0,0,1,0,2,0,18.41,0,0.308,0,-0.793,0,0,-5.5
48049,0,0,0,3,49,8,0,0,0,2.0,2.415,0.851,21,11,95.26,36.24,6,1,2,0,1,2,0,19.84,0.2,1.458,0,-1.827,0,0,-16.86
48051,0,0,0,2,22,3,0,0,0,0.0,0.391,0.828,18,9,94.66,42.18,6,1,1,1,0,3,0,15.63,-0.2,1.692,0,-0.22,0,0,13.46
48053,0,0,0,3,42,13,0,0,0,0.0,30.402,0.661,22,10,95.27,38.84,5,0,1,0,1,3,0,24.94,-0.8,1.262,0,-1.427,0,0,24.05
48055,0,0,0,4,29,21,0,0,0,3.0,14.264,1.035,24,11,96.87,42.42,6,2,1,1,0,2,0,10.49,-1.0,1.697,0,-1.16,0,0,5.48
48057,0,0,0,2,9,7,0,0,0,1.0,7.212,0.984,24,5,91.92,49.3,5,0,0,3,0,2,0,12.26,0.4,0.557,0,-0.113,0,0,14.75
48059,0,0,0,0,44,5,0,0,0,0.0,1.26,0.547,20,14,94.06,34.76,6,1,3,0,0,2,0,-3.01,0.6,2.035,0,-2.093,0,0,-19.74
48061,0,0,0,5,33,26,0,0,0,1.0,148.836,0.603,18,10,94.87,53.69,7,1,2,2,0,2,0,-2.01,-2.6,0.923,0,-0.213,0,0,13.62
48063,0,0,0,2,29,3,0,0,0,0.0,0.601,0.581,19,12,92.47,37.67,3,0,0,1,0,2,0,10.22,0,1.782,0,-0.833,0,0,-13.95
48065,0,0,0,8,92,10,0,0,0,0.0,0.045,1.052,24,8,91.66,25.98,3,0,0,0,1,2,0,-12.03,-1.2,2.203,0,-3.427,0,0,-22.58
48067,0,0,0,11,47,6,0,0,0,0.0,4.206,0.372,13,12,91.36,38.12,7,2,2,1,0,2,0,7.5,1.4,1.445,0,0.44,0,0,-12.01
48069,0,0,0,5,48,7,0,0,0,0.0,3.792,0.491,15,13,90.89,25.07,3,1,0,0,0,2,0,-7.02,-0.6,2.005,0,-3.16,0,0,-44.67
48071,0,0,0,3,4,11,0,0,0,0.0,80.239,0.957,23,8,91.2,47.45,5,0,1,2,0,2,0,16.44,1.6,0.78,0,0.607,0,0,27.73
48073,0,0,0,9,53,27,0,0,0,1.0,12.513,0.469,18,10,92.65,39.8,5,1,1,1,0,2,0,25.37,-1.0,0.918,0,0.767,0,0,11.61
48075,0,0,0,1,69,6,0,0,0,0.0,4.386,0.619,21,14,96.16,29.55,3,1,0,0,0,2,0,-1.8,0,1.635,0,-2.98,0,0,-23.79
48077,0,0,0,5,30,2,0,0,0,0.0,0.052,0.566,19,13,95.17,33.08,3,1,0,0,0,2,0,7.04,0,2.482,0,-1.727,0,0,12.12
48079,0,0,0,2,39,4,0,0,0,3.0,0.907,0.176,16,17,92.54,26.32,3,1,0,0,0,2,0,10.69,-0.6,1.32,0,-2.327,0,0,-46.81
48081,0,0,0,1,33,2,0,0,0,0.0,0.0,0.723,20,11,95.43,34.63,2,0,0,0,0,2,0,6.11,-0.4,1.888,0,-2.22,0,0,-23.52
48083,0,0,0,5,53,9,0,0,0,0.0,0.5,0.683,20,12,95.28,35.6,3,0,1,0,0,2,0,9.92,0.4,1.637,0,-1.653,0,0,-19.57
48085,0,0,0,7,83,17,0,0,0,4.0,2193.416,0.831,19,9,93.21,37.2,2,0,0,0,0,2,0,8.5,3.8,2.173,0,-1.513,0,0,3.17
48087,0,0,0,5,46,4,0,0,0,0.0,0.065,0.458,22,16,94.55,27.76,4,2,0,0,0,2,0,-1.47,-0.6,1.865,0,-3.227,0,0,-37.95
48089,0,0,0,2,16,9,0,0,0,0.0,2.759,1.179,21,9,95.34,45.61,5,1,1,1,0,2,0,11.46,0.2,0.763,0,-1.047,0,0,10.27
48091,0,0,0,4,38,28,0,0,0,1.0,1.032,0.68,19,9,95.27,41.73,6,2,0,1,0,3,0,2.07,-1.8,1.322,0,-0.987,0,0,39.34
48093,0,0,0,1,27,4,0,0,0,0.0,1.806,1.04,21,12,95.3,36.29,5,1,2,0,0,2,0,27.61,-0.2,1.4,0,-1.827,0,0,-11.85
48095,0,0,0,1,24,1,0,0,0,0.0,0.0,0.81,20,7,95.37,35.54,2,0,0,0,0,2,0,1.75,0.8,2.5,0,-0.547,0,0,-17.19
48097,0,0,0,4,43,17,0,0,0,1.0,3.228,0.442,17,14,93.28,34.82,3,1,0,0,0,2,0,5.03,2.6,2.42,0,-1.407,0,0,9.45
48099,0,0,0,5,41,9,0,0,0,12.0,2.063,0.643,21,13,95.48,37.6,5,1,2,0,0,2,0,35.26,1.8,0.812,0,-1.993,0,0,1.83
48101,0,0,0,4,50,2,0,0,0,0.0,0.11,0.537,20,11,95.99,30.83,3,1,0,0,0,2,0,20.65,0,1.422,0,-2.753,0,0,-41.24
48103,0,0,0,0,18,1,0,0,0,0.0,0.123,0.785,18,7,98.05,34.69,2,0,0,0,0,2,0,-11.76,0,2.043,0,-2.9,0,0,45.42
48105,0,0,0,3,35,8,0,0,0,0.0,0.001,0.826,19,6,94.92,35.82,2,0,0,0,0,2,0,-17.52,-1.0,2.26,0,-1.66,0,0,1.48
48107,0,0,0,3,50,7,0,0,0,0.0,8.7,0.378,14,13,92.93,29.55,3,1,0,0,0,2,0,19.54,0.6,1.612,0,-1.953,0,0,-54.06
48109,0,0,0,0,36,5,0,0,0,0.0,0.131,0.796,19,5,93.9,32.63,2,0,0,0,0,2,0,-35.82,-0.4,1.475,0,-1.507,0,0,57.59
48111,0,0,0,3,58,3,0,0,0,0.0,0.001,0.589,13,12,90.45,21.89,2,0,0,0,0,2,0,-10.28,-0.6,1.57,0,-3.133,0,0,-44.1
48113,0,0,0,10,106,37,0,0,0,22.0,3392.896,0.731,22,9,94.6,38.46,6,2,0,2,0,2,0,22.06,6.8,1.592,0,-1.1,0,0,1.32
48115,0,0,0,1,32,6,0,0,0,0.0,30.416,0.34,18,17,94.24,30.7,2,0,0,0,0,2,0,15.43,-0.6,1.68,0,-2.067,0,0,-34.14
48117,0,0,0,2,80,8,0,0,0,0.0,0.001,0.785,17,12,91.44,24.36,3,1,0,0,0,2,0,-8.32,-1.2,1.742,0,-3.207,0,0,-8.96
48119,0,0,0,1,8,3,0,0,0,0.0,0.241,0.749,21,12,93.24,36.37,4,2,0,0,0,2,0,0.65,0,1.645,0,-0.447,0,0,-9.33
48121,0,0,0,8,98,33,0,0,0,3.0,925.09,0.616,20,11,94.2,36.67,3,1,0,0,0,2,0,14.07,1.6,2.062,0,-1.233,0,0,7.53
48123,0,0,0,0,15,9,0,0,0,0.0,3.123,1.021,25,10,96.54,44.93,4,1,0,1,0,2,0,3.51,-0.6,1.338,0,-0.92,0,0,6.63
48125,0,0,0,6,41,2,0,0,0,0.0,0.866,0.641,20,10,94.49,30.97,4,2,0,0,0,2,0,27.56,0,1.577,0,-2.36,0,0,-53.23
48127,0,0,0,0,8,6,0,0,0,0.0,0.75,0.666,18,8,99.03,44.19,4,0,1,1,0,2,0,-12.5,-0.2,1.0,0,-0.747,0,0,-37.41
48129,0,0,0,6,51,6,0,0,0,0.0,0.343,0.489,19,13,93.22,27.31,3,1,0,0,0,2,0,-6.7,-0.6,1.88,0,-3.233,0,0,-52.1
48131,0,0,0,1,16,10,0,0,0,0.0,0.658,0.446,17,10,97.29,47.75,4,1,0,1,0,2,0,36.86,-0.6,0.562,0,-1.413,0,0,-28.35
48133,0,0,0,2,30,5,0,0,0,1.0,2.462,0.63,22,12,94.36,34.84,6,1,1,0,2,2,0,6.61,0.8,1.813,0,-1.84,0,0,-13.56
48135,0,0,0,3,64,29,0,0,0,0.0,210.028,0.818,18,6,96.13,33.49,2,0,0,0,0,2,0,-18.41,2.0,1.828,0,-2.66,0,0,45.07
48137,0,0,0,0,23,14,0,0,0,0.0,0.022,0.882,24,10,93.62,38.16,4,1,1,0,0,2,0,-14.47,0.6,1.885,0,-2.187,0,0,28.94
48139,0,0,0,8,55,16,0,0,0,0.0,43.285,0.553,23,13,94.43,38.7,5,2,0,1,0,2,0,28.48,2.6,1.505,0,-1.067,0,0,-5.01
48141,0,0,0,1,33,34,0,0,0,5.0,301.155,1.3,24,3,96.71,32.97,2,0,0,0,0,2,0,-24.77,-0.4,1.885,0,-2.667,0,0,79.48
48143,0,0,0,4,30,6,0,0,0,3.0,2.127,1.093,23,11,94.84,36.52,5,1,2,0,0,2,0,36.01,0.6,1.335,0,-1.393,0,0,-13.87
48145,0,0,0,2,16,4,0,0,0,1.0,1.007,0.536,20,11,94.94,38.82,4,0,1,0,0,3,0,24.76,1.6,1.198,0,-1.04,0,0,-6.87
48147,0,0,0,5,47,10,0,0,0,0.0,1.95,0.954,20,9,93.13,35.88,4,1,1,0,0,2,0,-0.9,1.6,1.987,0,-1.36,0,0,-3.08
48149,0,0,0,3,23,11,0,0,0,1.0,54.344,1.142,20,8,95.6,43.99,6,1,2,1,0,2,0,14.97,0.2,1.245,0,-1.147,0,0,0.22
48151,0,0,0,6,34,8,0,0,0,0.0,0.0,0.759,26,13,95.94,33.45,4,1,1,0,0,2,0,0.36,-0.6,1.755,0,-2.287,0,0,-40.66
48153,0,0,0,3,45,5,0,0,0,0.0,1.448,0.301,13,13,91.57,28.06,3,1,0,0,0,2,0,18.85,-0.2,1.59,0,-2.3,0,0,-57.71
48155,0,0,0,2,32,3,0,0,0,0.0,0.01,0.57,20,12,96.1,31.75,3,1,0,0,0,2,0,22.51,0,1.893,0,-2.613,0,0,-17.79
48157,0,0,0,5,31,19,0,0,0,4.0,8008.449,1.088,22,5,94.13,46.81,8,1,2,3,0,2,0,24.98,-1.4,0.9,0,0.313,0,0,19.66
48159,0,0,0,4,31,6,0,0,0,0.0,2.425,0.62,20,15,92.86,36.97,6,1,1,1,0,3,0,14.15,0.8,1.425,0,-0.947,0,0,-9.45
48161,0,0,0,2,14,9,0,0,0,0.0,0.828,0.559,18,13,93.7,39.12,2,0,0,0,0,2,0,25.35,2.8,1.697,0,-0.607,0,0,-7.85
48163,0,0,0,2,12,4,0,0,0,0.0,0.15,0.982,21,8,97.94,43.66,3,1,0,0,0,2,0,4.82,0,0.958,0,-1.527,0,0,2.93
48165,0,0,0,4,39,21,0,0,0,0.0,1.071,0.422,17,15,94.06,29.4,3,1,0,0,0,2,0,14.57,-0.4,1.523,0,-2.207,0,0,-25.66
48167,0,0,0,13,30,34,0,0,0,6.0,10004.449,1.07,24,7,90.73,49.29,7,1,0,4,0,2,0,19.07,0.2,0.218,0,0.54,0,0,16.25
48169,0,0,0,1,47,8,0,0,0,0.0,50.81,0.388,18,15,95.22,31.39,3,1,0,0,0,2,0,11.76,-1.2,1.923,0,-2.287,0,0,-44.46
48171,0,0,0,2,27,13,0,0,0,1.0,0.133,0.575,23,11,93.46,37.86,4,1,0,0,0,3,0,16.06,-0.4,1.257,0,-0.467,0,0,42.18
48173,0,0,0,5,30,2,0,0,0,0.0,0.6,0.806,26,11,95.14,33.63,2,0,0,0,0,2,0,-9.04,-0.2,1.053,0,-2.807,0,0,-15.85
48175,0,0,0,0,16,1,0,0,0,0.0,1.301,0.616,20,9,95.78,46.12,4,0,0,2,0,2,0,1.0,0,1.137,0,-0.473,0,0,8.47
48177,0,0,0,0,12,9,0,0,0,0.0,0.257,1.025,25,10,96.77,43.48,4,1,0,1,0,2,0,2.27,2.6,1.877,0,-1.08,0,0,0.01
48179,0,0,0,10,99,9,0,0,0,0.0,0.207,0.885,22,10,91.73,26.27,3,0,0,0,1,2,0,-0.21,-0.8,2.607,0,-3.887,0,0,-46.74
48181,0,0,0,5,79,27,0,0,0,1.0,2.586,0.687,18,13,92.78,35.71,3,1,0,0,0,2,0,-0.48,7.6,2.227,0,-1.653,0,0,-0.89
48183,0,0,0,5,46,21,0,0,0,2.0,2.086,0.174,19,15,92.33,38.47,4,0,1,1,0,2,0,24.23,-0.4,1.753,0,0.6,0,0,-1.76
48185,0,0,0,2,17,10,0,0,0,0.0,2.082,0.642,17,9,94.06,42.39,8,1,3,2,0,2,0,34.12,2.6,1.367,0,-0.427,0,0,16.4
48187,0,0,0,4,36,11,0,0,0,1.0,0.211,0.822,21,9,96.53,42.67,5,2,0,1,0,2,0,5.67,-0.2,1.642,0,-0.987,0,0,18.93
48189,0,0,0,4,68,9,0,0,0,0.0,307.388,0.317,15,16,91.69,26.75,2,0,0,0,0,2,0,3.85,-0.8,1.772,0,-2.213,0,0,-55.69
48191,0,0,0,7,73,7,0,0,0,0.0,9.919,0.512,19,13,95.61,29.25,5,2,1,0,0,2,0,6.21,0.8,1.567,0,-2.813,0,0,-53.11
48193,0,0,0,2,30,5,0,0,0,0.0,0.548,0.872,22,12,95.27,36.67,2,0,0,0,0,2,0,46.17,3.0,1.048,0,-1.847,0,0,-5.4
48195,0,0,0,6,58,3,0,0,0,0.0,0.111,0.706,20,11,92.18,24.07,2,0,0,0,0,2,0,7.21,-0.2,2.5,0,-4.367,0,0,-35.38
48197,0,0,0,3,35,1,0,0,0,0.0,0.006,0.666,20,11,96.16,30.66,4,1,0,0,1,2,0,-0.06,0,1.838,0,-2.747,0,0,-21.01
48199,0,0,0,2,22,23,0,0,0,1.0,614.064,0.716,17,11,92.63,43.39,7,2,1,2,0,2,0,12.76,6.8,1.377,0,1.267,0,0,40.73
48201,0,0,0,19,94,66,0,0,0,64.0,10292.323,1.006,22,8,93.82,46.25,10,2,3,3,0,2,0,23.02,-1.0,0.923,0,0.227,0,0,18.38
48203,0,0,0,16,63,17,0,0,0,0.0,2.888,0.171,17,14,92.07,38.92,7,2,2,1,0,2,0,20.93,2.2,1.485,0,1.127,0,0,9.42
48205,0,0,0,2,68,3,0,0,0,0.0,0.001,0.621,13,12,91.15,23.06,3,1,0,0,0,2,0,-20.97,-0.2,1.632,0,-3.2,0,0,-31.15
48207,0,0,0,6,54,10,0,0,0,0.0,2.4,0.654,24,12,96.34,33.09,4,1,1,0,0,2,0,3.69,-0.8,2.43,0,-2.887,0,0,-40.6
48209,0,0,0,3,36,32,0,0,0,11.0,211.898,0.573,22,10,95.31,41.21,5,2,0,0,0,3,0,4.45,-0.2,1.223,0,-1.073,0,0,32.6
48211,0,0,0,9,51,4,0,0,0,2.0,0.09,0.688,20,13,92.48,25.11,2,0,0,0,0,2,0,-9.74,-0.2,3.188,0,-4.36,0,0,-35.81
48213,0,0,0,5,38,9,0,0,0,1.0,5.173,0.51,22,11,93.44,38.25,6,2,1,0,0,3,0,23.11,-0.6,1.357,0,-0.287,0,0,-14.08
48215,0,0,0,1,40,30,0,0,0,0.0,232.69,0.411,17,11,97.73,51.5,8,2,3,1,0,2,0,-10.11,-3.0,0.953,0,-0.473,0,0,8.6
48217,0,0,0,7,34,10,0,0,0,0.0,1.649,0.454,22,14,94.23,38.48,5,2,1,0,0,2,0,37.16,3.0,1.393,0,-1.16,0,0,-11.23
48219,0,0,0,6,63,19,0,0,0,0.0,19.256,0.168,16,20,92.71,27.21,3,1,0,0,0,2,0,12.13,-1.6,1.483,0,-2.14,0,0,-51.58
48221,0,0,0,3,40,8,0,0,0,0.0,3.579,0.653,19,11,94.77,36.91,7,1,2,0,2,2,0,29.18,1.6,1.757,0,-1.193,0,0,-3.6
48223,0,0,0,6,28,8,0,0,0,0.0,31.816,0.699,21,11,92.88,37.05,6,2,1,0,0,3,0,13.14,0.8,1.568,0,-0.393,0,0,-9.23
48225,0,0,0,4,37,8,0,0,0,2.0,7.124,0.345,11,9,93.34,40.29,6,1,2,1,0,2,0,34.45,-0.2,0.67,0,-0.107,0,0,14.92
48227,0,0,0,4,55,18,0,0,0,0.0,0.749,0.402,20,13,94.89,33.34,2,0,0,0,0,2,0,-11.73,1.2,1.63,0,-2.82,0,0,-19.86
48229,0,0,0,1,14,6,0,0,0,0.0,2.037,1.027,21,5,94.18,31.09,2,0,0,0,0,2,0,-29.58,-0.4,1.555,0,-1.327,0,0,69.16
48231,0,0,0,2,50,16,0,0,0,3.0,3.058,0.783,18,10,93.17,37.18,2,0,0,0,0,2,0,19.47,0.4,1.828,0,-0.947,0,0,-5.02
48233,0,0,0,4,90,8,0,0,0,1.0,0.14,1.009,24,9,93.33,25.89,4,0,0,0,2,2,0,-14.7,-0.6,2.082,0,-4.013,0,0,-39.27
48235,0,0,0,0,33,4,0,0,0,0.0,0.0,0.948,22,9,95.32,34.53,2,0,0,0,0,2,0,-8.96,-0.8,1.702,0,-1.68,0,0,-11.69
48237,0,0,0,3,40,7,0,0,0,0.0,0.764,0.402,19,14,94.95,33.97,3,1,0,0,0,2,0,0.45,-0.6,2.277,0,-1.58,0,0,5.04
48239,0,0,0,1,9,7,0,0,0,0.0,1.131,1.044,22,9,94.15,46.99,5,0,0,3,0,2,0,18.18,-1.0,0.758,0,-0.24,0,0,12.88
48241,0,0,0,14,38,17,0,0,0,2.0,109.188,0.745,19,10,92.51,41.96,9,2,2,3,0,2,0,17.27,6.2,1.553,0,2.507,0,0,40.85
48243,0,0,0,1,24,4,0,0,0,0.0,1.304,0.838,19,4,90.85,33.45,3,0,0,0,1,2,0,-30.7,-0.4,1.723,0,-1.413,0,0,61.75
48245,0,0,0,7,36,41,0,0,0,9.0,3308.289,0.895,21,9,91.58,46.51,6,0,1,3,0,2,0,7.99,6.8,1.335,0,1.247,0,0,34.88
48247,0,0,0,0,6,2,0,0,0,0.0,0.125,0.617,17,8,98.23,49.19,3,0,0,1,0,2,0,22.37,0,0.655,0,-1.16,0,0,-17.95
48249,0,0,0,4,24,18,0,0,0,0.0,7.733,0.52,20,8,96.9,48.43,6,1,1,2,0,2,0,31.46,0.4,0.183,0,-0.827,0,0,-20.91
48251,0,0,0,5,58,23,0,0,0,2.0,8.211,0.412,20,12,93.78,38.14,3,1,0,0,0,2,0,30.79,2.0,1.728,0,-1.02,0,0,-1.22
48253,0,0,0,5,60,8,0,0,0,2.0,6.25,0.436,22,13,95.46,33.57,7,2,2,0,1,2,0,-0.35,-1.2,2.27,0,-2.5,0,0,-42.6
48255,0,0,0,0,10,10,0,0,0,0.0,0.022,0.541,22,10,96.24,44.61,3,0,0,1,0,2,0,2.32,-0.8,1.235,0,-0.407,0,0,9.21
48257,0,0,0,4,46,15,0,0,0,0.0,3.225,0.608,22,13,93.82,38.1,4,2,0,0,0,2,0,39.77,4.0,1.275,0,-0.853,0,0,-8.0
48259,0,0,0,0,22,8,0,0,0,1.0,1.033,0.718,21,8,93.87,39.98,4,1,0,0,0,3,0,-2.65,-0.4,1.287,0,-0.507,0,0,45.45
48261,0,0,0,0,1,0,0,0,0,0.0,0.0,0.704,22,8,95.34,51.43,4,0,0,2,0,2,0,15.63,0,0.827,0,-0.58,0,0,-2.69
48263,0,0,0,2,32,1,0,0,0,0.0,0.33,0.831,23,12,96.3,31.89,3,1,0,0,0,2,0,12.38,0,1.707,0,-2.28,0,0,-40.39
48265,0,0,0,0,38,6,0,0,0,0.0,1.117,0.63,23,9,93.24,37.45,3,0,0,0,0,3,0,10.45,0.6,1.315,0,-0.873,0,0,43.08
48267,0,0,0,2,29,10,0,0,0,5.0,19.1,0.873,26,9,94.52,36.11,4,0,1,0,0,3,0,39.08,3.0,1.535,0,-1.433,0,0,-0.9
48269,0,0,0,3,24,0,0,0,0,0.0,0.05,0.88,20,11,96.42,31.96,3,1,0,0,0,2,0,40.58,0,1.603,0,-2.713,0,0,-49.69
48271,0,0,0,0,23,12,0,0,0,0.0,0.202,0.765,24,8,96.78,41.35,3,0,1,0,0,2,0,-40.58,-0.4,2.255,0,-1.967,0,0,24.97
48273,0,0,0,1,14,9,0,0,0,0.0,6.69,0.909,23,6,94.82,50.87,6,0,1,3,0,2,0,32.62,0.6,0.348,0,-0.36,0,0,-1.19
48275,0,0,0,2,34,3,0,0,0,0.0,0.091,0.655,21,12,96.38,32.59,4,1,1,0,0,2,0,31.35,1.6,2.12,0,-2.787,0,0,-30.84
48277,0,0,0,3,38,7,0,0,0,0.0,5.727,0.755,18,12,92.79,35.29,4,1,1,0,0,2,0,-9.39,0.8,1.76,0,-0.347,0,0,-6.96
48279,0,0,0,4,54,6,0,0,0,0.0,30.778,0.209,14,16,91.57,25.61,3,1,0,0,0,2,0,-7.15,-0.8,1.66,0,-2.38,0,0,-49.14
48281,0,0,0,2,31,3,0,0,0,0.0,0.742,0.705,23,9,95.32,37.55,2,0,0,0,0,2,0,25.14,0.6,1.12,0,-1.653,0,0,15.9
48283,0,0,0,2,20,11,0,0,0,0.0,0.677,0.506,17,8,98.27,45.24,3,0,0,1,0,2,0,9.48,-0.8,1.975,0,-1.507,0,0,-2.16
48285,0,0,0,2,13,4,0,0,0,0.0,0.342,1.318,26,8,96.05,45.14,3,0,0,1,0,2,0,10.23,0.4,1.073,0,-0.9,0,0,6.95
48287,0,0,0,2,18,9,0,0,0,1.0,0.277,0.866,17,7,95.03,42.35,6,1,1,1,0,3,0,17.88,-0.2,1.478,0,-0.507,0,0,12.27
48289,0,0,0,1,25,9,0,0,0,0.0,1.556,0.229,13,13,93.3,39.41,7,2,1,1,0,3,0,30.79,2.4,1.562,0,0.333,0,0,14.38
48291,0,0,0,6,19,14,0,0,0,0.0,96.763,0.774,20,11,93.12,44.69,9,2,3,2,0,2,0,20.72,0.4,0.958,0,0.253,0,0,22.28
48293,0,0,0,4,43,19,0,0,0,0.0,1.533,0.479,21,13,93.81,38.91,4,0,1,0,0,3,0,19.8,5.6,1.678,0,-0.787,0,0,-10.92
48295,0,0,0,7,61,4,0,0,0,0.0,0.006,0.577,16,12,92.0,23.91,2,0,0,0,0,2,0,-6.75,0.6,3.048,0,-4.273,0,0,-16.21
48297,0,0,0,4,17,15,0,0,0,0.0,0.448,0.274,19,10,96.23,46.5,3,0,0,1,0,2,0,8.35,-1.4,0.793,0,-1.153,0,0,0.73
48299,0,0,0,0,30,9,0,0,0,1.0,71.285,0.861,25,12,96.1,38.36,3,0,1,0,0,2,0,35.06,0.6,1.442,0,-1.333,0,0,21.13
48301,0,0,0,1,12,3,0,0,0,0.0,0.484,0.715,19,9,98.59,32.33,2,0,0,0,0,2,0,-35.61,0,1.868,0,-1.7,0,0,56.39
48303,0,0,0,2,107,28,0,0,0,2.0,632.482,0.441,18,15,93.06,28.43,4,2,0,0,0,2,0,19.42,2.2,1.76,0,-2.013,0,0,-48.95
48305,0,0,0,1,48,8,0,0,0,0.0,256.18,0.299,19,18,93.73,29.91,3,1,0,0,0,2,0,18.92,0.4,1.725,0,-2.04,0,0,-49.31
48307,0,0,0,5,34,5,0,0,0,0.0,0.156,0.877,20,9,94.81,37.04,3,0,1,0,0,2,0,12.26,-0.6,2.355,0,-0.227,0,0,-17.6
48309,0,0,0,3,50,16,0,0,0,3.0,8.834,0.5,22,14,94.89,38.37,3,1,0,0,0,2,0,35.41,6.8,1.038,0,-1.307,0,0,-16.18
48311,0,0,0,0,10,8,0,0,0,0.0,0.07,0.393,19,7,97.07,45.8,3,0,0,1,0,2,0,9.85,-0.8,1.377,0,-1.5,0,0,-15.34
48313,0,0,0,2,16,6,0,0,0,0.0,1.175,0.246,12,10,93.68,40.4,8,1,3,2,0,2,0,37.41,2.4,1.423,0,-0.28,0,0,19.48
48315,0,0,0,4,34,0,0,0,0,1.0,1.825,0.107,15,15,91.86,38.56,4,0,1,1,0,2,0,13.63,1.0,1.408,0,1.067,0,0,-2.22
48317,0,0,0,1,35,7,0,0,0,0.0,0.062,0.608,20,13,95.19,32.61,2,0,0,0,0,2,0,3.14,-0.6,1.353,0,-2.933,0,0,-9.78
48319,0,0,0,1,28,7,0,0,0,0.0,8.5,0.816,24,9,95.34,37.04,3,0,1,0,0,2,0,24.69,-1.0,2.103,0,-1.027,0,0,6.01
48321,0,0,0,3,8,7,0,0,0,0.0,1.416,0.839,23,9,92.19,48.11,5,0,0,3,0,2,0,25.17,-0.8,0.688,0,0.107,0,0,13.32
48323,0,0,0,0,25,13,0,0,0,2.0,2.112,0.605,21,10,98.67,43.05,2,0,0,0,0,2,0,-30.62,-0.4,1.383,0,-1.113,0,0,-22.0
48325,0,0,0,2,35,7,0,0,0,1.0,2.322,0.979,23,8,96.85,42.02,2,0,0,0,0,2,0,-14.46,-0.6,0.98,0,-0.947,0,0,37.56
48327,0,0,0,0,30,6,0,0,0,0.0,7.13,0.874,21,6,94.31,35.74,3,0,1,0,0,2,0,19.55,-0.8,2.318,0,-0.56,0,0,-15.54
48329,0,0,0,1,69,41,0,0,0,1.0,2.288,0.909,24,8,95.93,34.06,2,0,0,0,0,2,0,-2.45,-0.4,1.237,0,-2.607,0,0,36.99
48331,0,0,0,4,21,6,0,0,0,1.0,1.108,0.79,16,9,95.15,40.48,6,1,1,1,0,3,0,20.07,1.0,1.322,0,-0.453,0,0,8.7
48333,0,0,0,0,10,3,0,0,0,0.0,0.188,0.856,24,13,95.07,36.99,2,0,0,0,0,2,0,30.41,2.0,1.322,0,-1.84,0,0,-6.38
48335,0,0,0,3,37,16,0,0,0,0.0,10.531,0.789,21,12,95.85,33.59,2,0,0,0,0,2,0,-12.71,1.8,1.72,0,-2.513,0,0,-18.93
48337,0,0,0,2,46,11,0,0,0,0.0,7.543,0.543,18,11,93.85,34.0,3,1,0,0,0,2,0,12.11,-0.6,2.518,0,-1.547,0,0,18.81
48339,0,0,0,7,45,14,0,0,0,6.0,7194.191,0.921,20,7,94.15,44.36,8,1,3,2,0,2,0,31.78,3.0,1.1,0,-0.2,0,0,13.0
48341,0,0,0,5,72,2,0,0,0,0.0,0.005,0.855,20,11,92.37,24.61,2,0,0,0,0,2,0,-25.04,-0.4,1.692,0,-3.44,0,0,-31.75
48343,0,0,0,2,23,2,0,0,0,1.0,5.03,0.505,14,12,91.85,37.89,3,0,0,1,0,2,0,6.74,1.0,1.802,0,-0.713,0,0,-15.18
48345,0,0,0,3,56,2,0,0,0,4.0,0.349,0.348,18,12,94.39,30.08,3,1,0,0,0,2,0,20.81,-0.2,1.492,0,-2.573,0,0,-57.87
48347,0,0,0,7,51,22,0,0,0,2.0,1.94,0.494,14,8,92.54,40.13,4,1,0,1,0,2,0,33.4,0.0,1.058,0,1.08,0,0,21.01
48349,0,0,0,5,47,20,0,0,0,1.0,1003.225,0.604,22,13,94.25,38.96,6,3,1,0,0,2,0,17.75,0.0,1.708,0,-1.153,0,0,-11.12
48351,0,0,0,10,24,12,0,0,0,2.0,135.622,0.87,22,10,92.3,42.17,8,2,1,3,0,2,0,13.26,1.2,1.817,0,2.54,0,0,44.68
48353,0,0,0,2,58,8,0,0,0,1.0,3.1,0.774,23,10,94.46,34.46,4,1,1,0,0,2,0,-3.39,-0.2,1.958,0,-2.4,0,0,-28.5
48355,0,0,0,6,31,55,0,0,0,0.0,15.309,0.67,25,9,94.8,49.82,6,1,0,3,0,2,0,17.97,-1.0,0.713,0,-0.48,0,0,-16.62
48357,0,0,0,7,70,8,0,0,0,3.0,1.266,0.654,14,12,91.97,24.19,2,0,0,0,0,2,0,5.41,-0.2,3.002,0,-4.587,0,0,-27.1
48359,0,0,0,5,56,3,0,0,0,0.0,0.039,0.5,14,12,92.09,24.11,2,0,0,0,0,2,0,-23.55,-0.4,1.667,0,-3.26,0,0,1.55
48361,0,0,0,3,22,25,0,0,0,10.0,1563.879,0.886,19,10,91.95,44.96,8,1,2,3,0,2,0,3.86,5.4,1.737,0,1.867,0,0,38.71
48363,0,0,0,7,34,11,0,0,0,1.0,1.088,0.628,20,14,95.68,34.86,4,1,1,0,0,2,0,9.83,-0.2,2.047,0,-1.687,0,0,-1.05
48365,0,0,0,12,42,8,0,0,0,1.0,3.375,0.311,18,12,92.36,39.27,3,0,0,1,0,2,0,19.69,0.0,1.33,0,0.707,0,0,24.01
48367,0,0,0,5,55,8,0,0,0,1.0,3.402,0.586,20,11,94.57,36.03,6,1,3,0,0,2,0,13.08,-0.4,2.038,0,-1.327,0,0,3.18
48369,0,0,0,2,50,5,0,0,0,0.0,2.578,0.72,18,12,91.34,25.0,3,1,0,0,0,2,0,-7.58,-0.4,1.758,0,-2.933,0,0,-5.98
48371,0,0,0,12,83,16,0,0,0,0.0,1.237,0.817,19,4,95.62,35.17,2,0,0,0,0,2,0,-24.09,-0.6,1.93,0,-2.62,0,0,30.1
48373,0,0,0,2,21,4,0,0,0,3.0,306.07,0.529,15,10,92.99,42.26,7,1,2,2,0,2,0,37.62,6.0,1.248,0,0.407,0,0,14.74
48375,0,0,0,6,114,32,0,0,0,0.0,18.195,0.832,19,11,92.51,25.36,2,0,0,0,0,2,0,-21.37,-3.4,1.955,0,-3.093,0,0,-12.65
48377,0,0,0,0,14,1,0,0,0,1.0,0.02,0.756,19,8,94.76,35.3,2,0,0,0,0,2,0,-18.03,-0.2,1.537,0,-1.133,0,0,46.52
48379,0,0,0,3,14,4,0,0,0,0.0,1.0,0.662,20,11,92.82,37.5,3,1,0,0,0,2,0,27.94,-0.2,1.603,0,-0.22,0,0,-9.78
48381,0,0,0,4,95,31,0,0,0,0.0,6.11,0.747,17,10,91.62,25.63,2,0,0,0,0,2,0,-5.47,-2.6,1.967,0,-2.84,0,0,-24.27
48383,0,0,0,1,33,2,0,0,0,0.0,0.005,0.961,23,8,95.27,34.48,2,0,0,0,0,2,0,-11.73,-0.2,1.52,0,-2.053,0,0,-10.18
48385,0,0,0,0,24,12,0,0,0,0.0,0.014,0.951,26,9,93.6,39.15,4,1,1,0,0,2,0,-6.31,0.0,1.572,0,-1.727,0,0,41.97
48387,0,0,0,6,49,19,0,0,0,0.0,7.465,0.868,20,11,92.29,35.69,7,2,1,1,0,3,0,-1.05,0.6,1.595,0,-0.14,0,0,-8.28
48389,0,0,0,3,39,10,0,0,0,0.0,2.11,0.765,22,6,98.04,33.56,2,0,0,0,0,2,0,-39.04,-0.2,1.783,0,-1.693,0,0,63.42
48391,0,0,0,4,14,10,0,0,0,0.0,7.86,0.632,21,11,93.65,48.04,6,1,0,3,0,2,0,-9.35,-1.0,1.028,0,-0.367,0,0,10.53
48393,0,0,0,5,51,1,0,0,0,0.0,0.0,0.919,19,12,92.67,25.68,2,0,0,0,0,2,0,-2.92,0,2.885,0,-4.32,0,0,-41.31
48395,0,0,0,3,25,2,0,0,0,0.0,0.37,0.452,15,10,94.04,39.96,4,1,0,0,0,3,0,18.28,0,1.737,0,0.06,0,0,9.57
48397,0,0,0,4,23,1,0,0,0,1.0,77.098,0.732,19,10,93.44,37.86,3,1,0,0,0,2,0,24.91,0,1.715,0,-1.2,0,0,-7.1
48399,0,0,0,3,44,4,0,0,0,0.0,6.07,0.476,23,15,95.62,34.36,2,0,0,0,0,2,0,6.06,0.6,2.173,0,-2.273,0,0,-21.07
48401,0,0,0,10,86,20,0,0,0,0.0,2.836,0.296,19,12,92.2,39.25,4,1,0,1,0,2,0,24.69,1.2,1.263,0,0.78,0,0,20.21
48403,0,0,0,2,24,10,0,0,0,1.0,0.065,0.922,24,9,92.85,40.7,6,1,1,2,0,2,0,21.89,-0.8,1.49,0,2.78,0,0,39.37
48405,0,0,0,3,16,10,0,0,0,0.0,5.276,0.737,20,9,92.81,40.56,6,1,1,2,0,2,0,26.81,1.0,1.257,0,2.42,0,0,34.59
48407,0,0,0,0,15,7,0,0,0,3.0,350.087,0.508,15,8,93.25,43.21,8,1,3,2,0,2,0,40.46,2.8,1.018,0,-0.26,0,0,7.81
48409,0,0,0,5,18,28,0,0,0,0.0,35.487,0.366,19,10,93.82,48.89,5,0,0,3,0,2,0,-0.94,-2.6,1.072,0,-0.487,0,0,-2.17
48411,0,0,0,0,31,4,0,0,0,0.0,0.0,0.948,23,9,95.28,37.86,3,0,1,0,0,2,0,21.84,0.6,1.527,0,-1.34,0,0,6.58
48413,0,0,0,1,13,3,0,0,0,0.0,0.5,0.865,21,8,94.41,34.91,3,0,1,0,0,2,0,5.06,-0.6,2.007,0,-1.173,0,0,-1.98
48415,0,0,0,6,63,16,0,0,0,0.0,2.543,0.62,18,12,94.97,33.04,3,1,0,0,0,2,0,-15.59,0.6,1.703,0,-2.133,0,0,-26.02
48417,0,0,0,2,33,1,0,0,0,0.0,0.001,0.606,20,12,95.06,34.59,3,1,0,0,0,2,0,-3.52,-0.2,2.445,0,-2.4,0,0,-30.39
48419,0,0,0,5,36,11,0,0,0,0.0,0.915,0.48,17,10,92.19,39.64,5,1,1,1,0,2,0,22.71,3.8,1.333,0,1.227,0,0,32.09
48421,0,0,0,5,46,1,0,0,0,0.0,0.0,0.835,18,10,91.95,23.45,2,0,0,0,0,2,0,4.91,1.0,1.945,0,-3.64,0,0,-37.11
48423,0,0,0,9,96,26,0,0,0,1.0,1.638,0.436,19,11,92.81,38.16,6,2,1,1,0,2,0,18.24,2.4,1.232,0,0.72,0,0,-7.21
48425,0,0,0,1,11,3,0,0,0,0.0,0.263,0.617,20,11,94.44,37.41,5,1,1,0,1,2,0,40.82,0,1.47,0,-1.053,0,0,-6.17
48427,0,0,0,0,18,15,0,0,0,0.0,3.249,0.581,15,10,99.0,50.08,4,1,0,1,0,2,0,3.91,-0.2,0.772,0,-0.947,0,0,-8.95
48429,0,0,0,1,28,6,0,0,0,1.0,0.932,0.409,18,14,95.28,33.97,3,0,1,0,0,2,0,-2.64,-0.2,2.127,0,-2.013,0,0,-7.37
48431,0,0,0,3,22,2,0,0,0,0.0,0.0,0.878,24,11,95.04,34.09,2,0,0,0,0,2,0,-7.53,0,1.442,0,-2.313,0,0,-25.0
48433,0,0,0,3,24,1,0,0,0,0.0,0.056,0.772,24,12,96.54,32.48,3,1,0,0,0,2,0,18.52,0.8,1.943,0,-2.553,0,0,-41.06
48435,0,0,0,0,11,5,0,0,0,0.0,8.0,0.909,23,7,94.18,35.94,3,0,1,0,0,2,0,12.28,0.4,1.748,0,-1.66,0,0,-7.28
48437,0,0,0,4,56,6,0,0,0,0.0,15.108,0.392,14,14,91.3,26.07,2,0,0,0,0,2,0,2.02,-0.8,1.955,0,-2.807,0,0,-59.45
48439,0,0,0,11,120,37,0,0,0,13.0,1441.312,0.579,20,11,94.72,37.96,5,1,0,2,0,2,0,15.16,2.6,1.93,0,-1.133,0,0,-1.43
48441,0,0,0,3,76,27,0,0,0,0.0,415.214,0.502,20,14,94.44,34.14,3,0,0,0,1,2,0,-2.45,1.0,2.238,0,-2.52,0,0,-26.67
48443,0,0,0,1,27,3,0,0,0,0.0,0.018,0.656,20,5,96.52,36.37,2,0,0,0,0,2,0,-16.05,0.8,2.442,0,-2.1,0,0,6.88
48445,0,0,0,4,19,8,0,0,0,0.0,0.338,0.255,18,19,93.65,28.69,3,1,0,0,0,2,0,23.98,-0.6,1.575,0,-2.093,0,0,-51.78
48447,0,0,0,5,40,4,0,0,0,0.0,0.91,0.598,21,10,95.91,33.7,5,1,2,0,0,2,0,1.97,-0.6,2.665,0,-2.607,0,0,-26.11
48449,0,0,0,2,34,4,0,0,0,0.0,0.17,0.789,20,10,92.65,37.31,4,1,0,1,0,2,0,8.25,0.6,1.717,0,-1.38,0,0,-12.38
48451,0,0,0,3,89,31,0,0,0,1.0,15.778,0.8,21,8,95.78,34.96,3,1,0,0,0,2,0,-3.45,-2.2,2.088,0,-1.44,0,0,-18.13
48453,0,0,0,4,66,49,0,0,0,10.0,334.906,0.695,19,8,95.87,40.85,9,2,2,2,0,3,0,9.16,-2.2,1.053,0,-0.927,0,0,26.06
48455,0,0,0,0,12,4,0,0,0,0.0,0.145,0.399,13,9,93.39,41.09,6,2,1,1,0,2,0,45.23,4.0,0.802,0,-0.193,0,0,13.69
48457,0,0,0,5,24,8,0,0,0,1.0,75.346,0.597,18,11,92.63,41.88,7,1,2,2,0,2,0,23.98,5.6,1.535,0,1.753,0,0,36.57
48459,0,0,0,6,43,6,0,0,0,1.0,3.45,0.301,16,13,92.09,38.04,4,0,1,1,0,2,0,18.95,-1.0,1.81,0,0.193,0,0,-10.19
48461,0,0,0,4,15,2,0,0,0,0.0,0.051,0.79,19,6,96.04,35.5,2,0,0,0,0,2,0,-7.95,0,1.91,0,-2.74,0,0,2.51
48463,0,0,0,0,31,26,0,0,0,2.0,0.232,0.912,26,9,96.58,41.28,4,1,1,0,0,2,0,-19.76,-1.6,1.338,0,-1.44,0,0,23.47
48465,0,0,0,3,56,14,0,0,0,0.0,10.222,0.668,24,7,96.49,38.86,3,0,1,0,0,2,0,-32.44,-0.2,2.383,0,-1.24,0,0,16.35
48467,0,0,0,7,39,6,0,0,0,6.0,44.213,0.54,20,10,92.86,37.95,5,2,1,0,0,2,0,35.87,2.8,1.368,0,-0.32,0,0,-11.51
48469,0,0,0,1,17,12,0,0,0,1.0,30.518,0.978,23,7,95.07,46.66,6,1,0,3,0,2,0,17.89,0.6,0.72,0,-0.5,0,0,9.5
48471,0,0,0,2,29,11,0,0,0,1.0,600.753,0.362,13,7,93.5,42.24,10,3,3,2,0,2,0,54.24,6.6,1.002,0,-0.493,0,0,14.19
48473,0,0,0,3,14,7,0,0,0,1.0,7.462,1.031,21,8,94.49,44.72,7,1,2,2,0,2,0,28.18,-0.4,1.347,0,-0.433,0,0,14.2
48475,0,0,0,1,27,2,0,0,0,0.0,0.28,0.847,19,8,99.17,33.56,2,0,0,0,0,2,0,-34.08,-0.2,1.955,0,-2.513,0,0,57.9
48477,0,0,0,1,19,9,0,0,0,5.0,10.239,0.84,17,9,94.21,43.55,6,1,2,1,0,2,0,26.34,0.8,1.583,0,-0.76,0,0,9.84
48479,0,0,0,1,26,23,0,0,0,1.0,23.442,0.415,17,10,98.64,46.83,3,0,0,1,0,2,0,10.58,1.6,1.458,0,-1.233,0,0,-15.9
48481,0,0,0,4,17,5,0,0,0,0.0,0.418,1.042,20,7,94.64,46.43,7,1,1,3,0,2,0,20.89,-0.4,1.027,0,-0.36,0,0,16.9
48483,0,0,0,6,45,5,0,0,0,0.0,0.115,0.704,22,14,93.05,26.48,3,1,0,0,0,2,0,-2.28,1.6,2.55,0,-3.687,0,0,-38.83
48485,0,0,0,6,79,9,0,0,0,0.0,1.077,0.58,18,10,95.83,32.12,4,1,0,0,1,2,0,7.15,-0.6,2.578,0,-1.993,0,0,0.79
48487,0,0,0,8,47,4,0,0,0,0.0,0.302,0.631,20,8,96.09,31.8,3,1,0,0,0,2,0,-3.25,0,2.552,0,-2.227,0,0,-7.0
48489,0,0,0,3,15,13,0,0,0,0.0,70.381,0.529,17,9,95.19,52.52,6,1,1,2,0,2,0,-2.28,-1.6,1.083,0,-0.58,0,0,-2.39
48491,0,0,0,12,53,25,0,0,0,2.0,309.549,0.703,19,8,95.39,40.36,4,1,0,0,0,3,0,22.49,-1.4,1.035,0,-1.02,0,0,26.84
48493,0,0,0,4,25,10,0,0,0,0.0,2.726,0.593,20,10,96.24,43.57,4,2,0,0,0,2,0,3.29,-0.6,1.227,0,-0.247,0,0,18.28
48495,0,0,0,0,26,5,0,0,0,0.0,0.15,0.789,18,6,97.71,32.45,2,0,0,0,0,2,0,-38.82,-0.2,2.047,0,-2.447,0,0,46.17
48497,0,0,0,7,62,20,0,0,0,0.0,6.625,0.544,19,12,94.34,35.26,3,1,0,0,0,2,0,14.83,2.6,2.16,0,-1.293,0,0,11.72
48499,2,0,0,3,54,17,0,0,0,0.0,0.701,0.611,20,11,92.63,37.64,4,0,1,1,0,2,0,27.23,0.6,1.675,-0.4,-0.007,0,0,-12.62
48501,0,0,0,1,32,4,0,0,0,0.0,0.0,0.317,19,19,93.35,27.6,2,0,0,0,0,2,0,5.72,-0.4,1.335,0,-2.3,0,0,-48.41
48503,0,0,0,2,30,8,0,0,0,0.0,0.399,0.421,20,13,95.72,33.55,3,1,0,0,0,2,0,0.48,-0.2,2.38,0,-1.933,0,0,-11.69
48505,0,0,0,0,16,11,0,0,0,0.0,0.792,0.719,20,7,99.73,49.03,3,0,0,1,0,2,0,14.1,0.2,0.945,0,-1.2,0,0,-23.3
48507,0,0,0,1,13,6,0,0,0,0.0,0.021,0.811,20,9,98.45,43.06,3,1,0,0,0,2,0,-14.85,0,0.888,0,-1.153,0,0,-27.46
49001,0,0,0,0,22,4,0,0,0,0.0,0.072,0.769,17,8,87.04,19.67,0,0,0,0,0,0,0,-0.73,-0.6,1.217,0,-3.467,0,0,-75.09
49003,0,0,0,1,73,3,0,0,0,0.0,8.148,0.827,15,7,86.17,19.93,1,0,1,0,0,0,0,36.37,0.8,0.883,0,-5.587,0,0,-68.92
49005,0,0,0,0,19,3,0,0,0,0.0,4.114,0.761,19,8,78.88,17.7,1,0,1,0,0,0,0,23.33,0,1.282,0,-4.327,0,0,-67.84
49007,0,0,0,0,8,10,0,0,0,0.0,7.859,0.784,16,5,81.54,15.26,0,0,0,0,0,0,0,-2.81,0.4,0.848,0,-4.153,0,0,-81.09
49009,0,0,0,0,3,2,0,0,0,1.0,0.1,0.232,16,11,77.55,12.06,0,0,0,0,0,0,0,-16.63,0,1.132,0,-4.147,0,0,-64.67
49011,0,0,0,1,25,5,0,0,0,1.0,2.314,1.067,24,4,85.23,23.34,4,1,0,0,2,0,0,15.07,0.6,0.443,0,-2.967,0,0,-69.84
49013,0,0,0,1,22,6,0,0,0,0.0,0.263,1.021,23,6,77.34,13.35,1,0,0,0,1,0,0,-4.76,1.4,0.867,0,-4.34,0,0,-69.53
49015,0,0,0,1,8,15,0,0,0,3.0,1.094,0.576,17,11,88.73,19.3,0,0,0,0,0,0,0,-2.93,1.4,1.457,0,-4.54,0,0,-82.59
49017,0,0,0,3,14,52,0,0,0,1.0,0.515,0.703,20,9,84.25,20.18,1,0,0,0,1,0,0,-0.45,2.0,1.352,0,-4.08,0,0,-81.38
49019,0,0,0,0,21,30,0,0,0,1.0,40.218,0.886,19,6,89.53,20.74,0,0,0,0,0,0,0,-14.19,1.8,1.828,0,-3.633,0,0,-39.1
49021,0,0,0,0,10,21,0,0,0,0.0,12.354,0.817,15,7,85.71,20.5,2,0,1,0,1,0,0,-4.12,1.0,0.838,0,-3.513,0,0,-73.21
49023,0,0,0,1,20,2,0,0,0,0.0,0.032,0.765,19,5,88.99,20.67,0,0,0,0,0,0,0,0.59,0,0.928,0,-3.4,0,0,-74.89
49025,0,0,0,0,10,64,0,0,0,6.0,0.847,0.777,19,10,89.0,23.52,0,0,0,0,0,0,0,-9.9,3.6,1.085,0,-3.26,0,0,-80.33
49027,0,0,0,0,16,4,0,0,0,0.0,1.068,0.747,19,10,90.4,20.41,1,0,0,0,1,0,0,10.85,-0.4,1.028,0,-3.587,0,0,-76.35
49029,0,0,0,0,5,1,0,0,0,0.0,0.006,1.019,20,6,78.84,18.38,2,1,1,0,0,0,0,12.04,-0.2,0.403,0,-2.847,0,0,-70.02
49031,0,0,0,0,0,4,0,0,0,0.0,0.076,0.934,20,7,78.55,16.67,0,0,0,0,0,0,0,1.5,-0.4,1.313,0,-4.027,0,0,-81.15
49033,0,0,0,0,6,3,0,0,0,0.0,0.332,0.684,20,12,77.05,12.21,0,0,0,0,0,0,0,12.64,-0.4,1.607,0,-4.54,0,0,-68.74
49035,0,0,0,0,80,11,0,0,0,0.0,28.075,1.159,22,2,84.78,23.29,3,1,0,0,1,0,0,9.2,3.4,0.727,0,-3.14,0,0,-69.99
49037,0,0,0,1,4,16,0,0,0,0.0,0.118,0.547,16,7,89.85,23.11,1,0,0,0,1,0,0,-6.52,0.8,1.48,0,-3.493,0,0,-57.61
49039,0,0,0,0,2,3,0,0,0,0.0,0.1,0.995,24,4,79.96,16.65,2,0,1,0,1,0,0,1.88,0,0.74,0,-3.733,0,0,-79.57
49041,0,0,0,0,13,3,0,0,0,0.0,1.003,0.76,22,7,79.65,18.0,0,0,0,0,0,0,0,2.58,-0.2,0.95,0,-3.067,0,0,-77.86
49043,0,0,0,0,15,2,0,0,0,1.0,0.126,0.763,19,3,72.44,12.88,1,0,0,0,1,0,0,3.46,-0.2,0.62,0,-2.947,0,0,-68.58
49045,0,0,0,0,127,8,0,0,0,0.0,1.224,0.626,17,7,89.75,21.04,1,0,0,0,1,0,0,-2.63,1.0,0.407,0,-2.787,0,0,-70.32
49047,0,0,0,1,9,4,0,0,0,0.0,0.17,0.754,20,8,85.18,13.89,0,0,0,0,0,0,0,-15.73,-0.2,1.873,0,-6.247,0,0,-52.87
49049,0,0,0,0,37,17,0,0,0,1.0,0.841,0.924,16,4,83.87,19.22,4,0,1,0,3,0,0,2.92,-0.2,0.665,0,-3.447,0,0,-71.47
49051,0,0,0,1,18,1,0,0,0,0.0,0.007,0.87,20,4,75.79,15.12,2,0,1,0,1,0,0,7.01,-0.2,0.578,0,-3.187,0,0,-69.43
49053,0,0,0,1,24,86,0,0,0,22.0,9.444,0.565,16,9,90.5,29.04,2,0,0,0,2,0,0,-10.6,3.0,0.768,0,-2.973,0,0,-70.97
49055,0,0,0,0,3,64,0,0,0,0.0,3.196,0.56,17,9,88.03,21.07,0,0,0,0,0,0,0,-1.48,0.0,1.748,0,-5.267,0,0,-81.88
49057,0,0,0,2,38,4,0,0,0,1.0,2.236,1.084,23,5,81.96,19.73,2,1,0,0,1,0,0,16.56,-0.4,0.61,0,-3.493,0,0,-70.19
50001,0,0,0,2,34,14,0,0,0,0.0,3.869,0.492,17,10,77.87,13.46,9,5,3,1,0,0,0,16.65,0.6,1.623,0,-6.413,0,0,-7.69
50003,0,0,0,0,32,9,0,0,0,0.0,1.308,1.047,26,8,76.04,14.48,6,1,4,1,0,0,0,7.44,-0.2,1.602,0,-5.74,0,0,-6.25
50005,0,0,0,0,26,13,0,0,0,0.0,1.473,0.424,16,12,75.19,10.43,6,1,3,1,0,1,0,24.8,1.6,2.095,0,-7.52,0,0,-18.84
50007,0,0,0,0,33,13,0,0,0,2.0,4.482,1.183,25,8,77.95,14.27,10,6,2,1,0,1,0,20.76,2.4,1.533,0,-6.92,0,0,-8.74
50009,0,0,0,0,20,5,0,0,0,0.0,0.617,0.55,19,14,74.51,9.7,10,4,4,1,0,1,0,24.15,2.4,1.562,0,-7.033,0,0,-18.24
50011,0,0,0,0,21,8,0,0,0,0.0,2.009,0.98,21,9,76.99,13.11,9,4,3,1,0,1,0,19.3,0.6,1.678,0,-7.213,0,0,-16.38
50013,0,0,0,0,13,0,0,0,0,0.0,1.865,0.826,23,8,78.8,14.26,7,3,2,1,0,1,0,10.34,0,1.848,0,-7.313,0,0,-8.86
50015,0,0,0,0,16,9,0,0,0,0.0,1.821,0.957,24,12,74.85,11.63,10,5,3,1,0,1,0,20.76,3.6,1.497,0,-7.2,0,0,-23.33
50017,0,0,0,0,23,5,0,0,0,0.0,2.825,0.855,24,10,76.92,12.27,11,6,4,1,0,0,0,9.88,1.8,1.822,0,-6.22,0,0,-19.07
50019,0,0,0,0,20,10,0,0,0,0.0,2.178,0.664,18,13,74.83,10.64,10,5,3,1,0,1,0,22.9,2.0,1.407,0,-7.12,0,0,-26.52
50021,0,0,0,1,39,11,0,0,0,1.0,5.604,0.587,16,12,76.96,13.55,6,2,3,1,0,0,0,2.17,2.0,1.703,0,-6.353,0,0,-10.08
50023,0,0,0,0,33,17,0,0,0,1.0,117.356,0.678,22,11,75.49,11.49,10,5,4,1,0,0,0,14.35,1.2,1.853,0,-6.76,0,0,-15.35
50025,0,0,0,1,28,19,0,0,0,0.0,6.436,0.815,22,7,77.63,15.06,5,1,3,1,0,0,0,-0.75,-1.6,1.647,0,-5.527,0,0,-12.91
50027,0,0,0,0,39,11,0,0,0,1.0,32.083,0.827,22,8,77.72,13.49,6,2,3,1,0,0,0,1.38,2.2,1.77,0,-6.18,0,0,-19.8
51001,0,0,0,1,33,3,0,0,0,1.0,0.592,0.976,22,5,85.19,32.57,1,0,0,1,0,0,0,1.31,2.0,0.345,0,-1.007,0,0,20.44
51003,0,0,0,2,103,47,0,0,0,2.0,1.401,0.944,19,7,85.47,29.2,3,1,0,1,0,1,0,-16.59,-3.6,2.147,0,-1.04,0,0,36.83
51005,0,0,0,0,29,11,0,0,0,0.0,6.217,0.323,11,10,81.25,26.71,1,0,0,1,0,0,0,-23.57,-0.8,1.587,0,-0.013,0,0,31.65
51007,0,0,0,2,28,5,0,0,0,0.0,0.393,0.803,16,6,86.52,29.87,4,1,0,2,0,1,0,7.17,0.4,0.843,0,0.093,0,0,5.84
51009,0,0,0,1,54,6,0,0,0,1.0,5.02,0.809,15,7,83.74,29.21,1,0,0,1,0,0,0,-26.62,0.4,1.447,0,0.2,0,0,37.46
51011,0,0,0,1,45,9,0,0,0,1.0,11.5,0.978,15,6,85.08,30.33,4,1,0,2,0,1,0,-10.87,-1.6,2.112,0,-0.287,0,0,25.93
51013,0,0,0,2,42,17,0,0,0,0.0,11.04,0.864,17,5,86.12,29.77,2,0,0,1,0,1,0,-13.19,-1.0,1.338,0,-1.293,0,0,3.12
51015,0,0,0,2,64,35,0,0,0,1.0,1.028,0.805,18,9,82.09,26.5,1,0,0,1,0,0,0,-22.26,-4.4,2.672,0,-1.1,0,0,42.23
51017,0,0,0,0,19,9,0,0,0,1.0,0.181,0.42,12,10,80.83,25.58,1,0,0,1,0,0,0,-24.2,-1.0,1.74,0,-0.033,0,0,39.7
51019,0,0,0,5,88,12,0,0,0,1.0,2.444,0.789,16,8,84.67,29.38,2,0,0,1,0,1,0,-24.04,-1.8,1.195,0,0.68,0,0,31.72
51021,0,0,0,0,14,6,0,0,0,0.0,0.17,0.472,9,11,79.64,26.42,1,0,0,1,0,0,0,-23.85,-0.4,1.355,0,0.953,0,0,19.66
51023,0,0,0,1,52,12,0,0,0,0.0,0.728,0.302,9,10,83.36,28.46,2,0,0,2,0,0,0,-26.67,-1.8,1.565,0,0.06,0,0,36.32
51025,0,0,0,2,33,4,0,0,0,0.0,0.098,0.932,19,6,87.26,31.24,3,0,0,2,0,1,0,1.5,1.6,0.768,0,0.22,0,0,1.49
51027,0,0,0,0,24,20,0,0,0,2.0,4.685,0.802,20,11,82.63,28.3,3,1,1,1,0,0,0,-23.25,0.4,1.748,0,1.493,0,0,3.54
51029,0,0,0,0,66,6,0,0,0,0.0,0.347,0.934,15,6,85.81,29.93,2,1,0,1,0,0,0,1.77,0.2,1.995,0,-0.553,0,0,15.94
51031,0,0,0,3,82,21,0,0,0,0.0,7.811,1.116,18,6,85.07,29.76,3,0,0,2,0,1,0,-16.27,-0.8,1.477,0,1.047,0,0,26.38
51033,0,0,0,2,44,8,0,0,0,0.0,0.5,0.699,12,8,86.75,29.1,4,1,0,1,0,2,0,-6.33,1.0,0.937,0,-0.427,0,0,4.69
51035,0,0,0,1,50,16,0,0,0,0.0,1.941,0.741,11,8,80.19,27.75,1,0,0,1,0,0,0,-18.3,-1.2,1.52,0,0.953,0,0,22.53
51036,0,0,0,1,15,6,0,0,0,0.0,0.172,0.661,15,7,87.22,32.38,2,0,0,2,0,0,0,5.19,0.4,0.62,0,-0.02,0,0,0.39
51037,0,0,0,1,59,11,0,0,0,2.0,1.481,1.017,18,6,85.5,30.56,4,1,0,2,0,1,0,-2.51,0.0,1.598,0,0.86,0,0,16.77
51041,0,0,0,1,60,24,0,0,0,1.0,1.427,0.6,15,7,87.01,30.29,4,0,0,3,0,1,0,6.42,-1.0,0.927,0,-0.053,0,0,1.41
51043,0,0,0,1,39,13,0,0,0,0.0,0.208,0.658,17,8,84.57,26.39,2,0,0,1,0,1,0,-14.9,-1.0,1.608,0,-1.12,0,0,46.25
51045,0,0,0,1,13,8,0,0,0,0.0,0.415,0.495,12,9,81.32,26.76,2,0,0,2,0,0,0,-25.91,-0.8,1.603,0,-0.253,0,0,23.17
51047,0,0,0,0,62,37,0,0,0,0.0,0.624,0.86,17,5,85.98,28.13,3,1,0,1,0,1,0,-22.23,-4.0,1.507,0,-0.367,0,0,25.99
51049,0,0,0,0,28,4,0,0,0,0.0,0.22,0.895,16,6,86.47,29.37,4,1,0,2,0,1,0,6.61,-0.6,1.527,0,-0.007,0,0,12.59
51051,0,0,0,0,22,16,0,0,0,1.0,0.404,0.739,18,11,82.19,28.18,1,0,0,1,0,0,0,-20.09,-1.2,1.233,0,1.507,0,0,16.58
51053,0,0,0,2,32,6,0,0,0,0.0,0.661,0.803,18,8,87.1,30.65,3,0,0,2,0,1,0,3.9,1.6,0.482,0,0.107,0,0,1.97
51057,0,0,0,1,22,5,0,0,0,0.0,5.321,0.428,13,7,86.46,30.07,4,1,0,2,0,1,0,4.23,-0.4,0.603,0,-0.64,0,0,5.73
51059,0,0,0,5,144,93,0,0,0,0.0,3.362,0.939,17,5,86.0,29.42,2,0,0,1,0,1,0,-11.54,-7.6,1.335,0,-1.267,0,0,4.71
51061,0,0,0,2,96,35,0,0,0,0.0,1.889,0.858,16,5,84.97,27.95,3,1,0,1,0,1,0,-16.89,-2.8,1.43,0,-0.787,0,0,30.93
51063,0,0,0,0,42,11,0,0,0,0.0,3.408,0.633,12,8,78.79,26.66,4,0,0,3,0,1,0,-23.56,-1.6,1.565,0,-0.027,0,0,23.33
51065,0,0,0,2,32,5,0,0,0,0.0,0.708,0.931,18,7,86.39,29.13,3,1,0,2,0,0,0,-4.8,-0.6,2.215,0,-0.667,0,0,13.84
51067,0,0,0,1,78,28,0,0,0,0.0,3.91,0.686,14,9,84.86,29.42,4,0,0,3,0,1,0,-25.22,-2.8,1.275,0,0.607,0,0,24.02
51069,0,0,0,0,69,27,0,0,0,1.0,0.671,0.666,18,11,84.43,25.49,2,0,0,1,0,1,0,-13.06,-2.4,1.618,0,-1.313,0,0,37.99
51071,0,0,0,0,36,15,0,0,0,0.0,1.351,0.698,14,11,81.04,26.41,1,0,0,1,0,0,0,-25.39,-0.2,1.667,0,0.207,0,0,15.69
51073,0,0,0,3,21,2,0,0,0,0.0,0.29,0.786,18,5,86.57,32.46,1,0,0,1,0,0,0,4.16,0.6,0.35,0,-0.48,0,0,7.56
51075,0,0,0,1,39,4,0,0,0,0.0,0.371,0.729,18,6,86.61,28.55,3,1,0,1,0,1,0,7.99,-0.6,1.753,0,-0.267,0,0,9.69
51077,0,0,0,2,21,18,0,0,0,0.0,0.572,0.869,12,7,77.82,26.72,3,0,0,3,0,0,0,-16.84,-1.2,1.497,0,1.14,0,0,21.95
51079,0,0,0,0,40,27,0,0,0,0.0,5.159,1.036,20,5,84.1,27.95,3,1,0,1,0,1,0,-20.65,-1.2,1.963,0,-0.6,0,0,44.81
51081,0,0,0,1,12,3,0,0,0,0.0,0.522,0.874,17,7,87.75,31.85,2,0,0,1,0,1,0,0.94,0.8,0.633,0,0.46,0,0,0.78
51083,0,0,0,2,96,33,0,0,0,0.0,5.523,0.961,20,8,86.28,30.23,4,0,0,3,0,1,0,-4.12,0.2,1.597,0,0.773,0,0,17.65
51085,0,0,0,3,42,14,0,0,0,0.0,0.309,0.611,17,8,86.84,29.12,3,1,0,1,0,1,0,5.55,2.2,1.183,0,-0.567,0,0,3.93
51087,0,0,0,0,41,17,0,0,0,1.0,0.182,0.556,15,7,87.18,30.34,2,0,0,1,0,1,0,8.23,1.8,1.103,0,-0.347,0,0,1.84
51089,0,0,0,0,94,17,0,0,0,0.0,12.736,0.6,10,9,85.85,30.21,2,0,0,2,0,0,0,-22.82,-0.8,1.215,0,0.747,0,0,18.57
51091,0,0,0,0,12,3,0,0,0,0.0,0.189,0.547,17,10,78.41,22.78,2,0,0,1,0,1,0,-23.49,-0.6,2.178,0,-0.187,0,0,43.59
51093,0,0,0,6,45,13,0,0,0,0.0,3.126,0.863,21,7,87.41,33.23,3,0,0,3,0,0,0,4.97,0.4,0.537,0,0.007,0,0,-0.04
51095,0,0,0,2,23,9,0,0,0,0.0,0.441,0.839,17,6,87.08,32.74,2,0,0,2,0,0,0,4.06,-0.4,0.513,0,-0.213,0,0,-0.76
51097,0,0,0,3,23,6,0,0,0,0.0,0.579,0.485,12,6,86.54,30.32,4,0,0,3,0,1,0,3.12,-0.4,0.41,0,-0.627,0,0,6.8
51099,0,0,0,1,53,9,0,0,0,0.0,0.165,0.987,16,8,86.93,30.41,3,1,0,1,0,1,0,-13.78,-1.6,0.818,0,-0.247,0,0,0.1
51101,0,0,0,1,29,8,0,0,0,0.0,0.205,0.52,13,7,86.85,30.07,5,1,0,3,0,1,0,3.94,0.6,0.64,0,-0.553,0,0,3.25
51103,0,0,0,6,24,6,0,0,0,0.0,3.688,0.483,13,9,85.84,31.02,4,0,0,3,0,1,0,3.19,0.0,0.213,0,-0.853,0,0,10.07
51105,0,0,0,1,33,4,0,0,0,0.0,0.056,0.533,14,12,83.17,29.06,1,0,0,1,0,0,0,-14.81,0.6,2.018,0,1.94,0,0,23.92
51107,0,0,0,3,114,36,0,0,0,0.0,7.541,0.869,14,6,85.02,27.87,2,0,0,1,0,1,0,-10.37,-1.8,1.583,0,-1.6,0,0,37.73
51109,0,0,0,3,50,8,0,0,0,1.0,0.658,0.725,18,8,86.17,28.27,4,1,0,1,0,2,0,-7.16,-1.0,1.813,0,-0.64,0,0,13.17
51111,0,0,0,1,26,4,0,0,0,1.0,0.102,0.901,16,6,85.93,30.95,4,0,0,3,0,1,0,5.14,-0.6,0.942,0,0.407,0,0,10.24
51113,0,0,0,0,49,34,0,0,0,1.0,0.359,0.939,20,6,84.03,27.56,3,1,0,1,0,1,0,-21.6,-3.6,1.81,0,-0.5,0,0,41.6
51115,0,0,0,0,15,5,0,0,0,0.0,0.035,0.785,19,6,86.21,32.54,2,0,0,2,0,0,0,4.31,-1.0,0.248,0,-0.547,0,0,9.91
51117,0,0,0,4,48,12,0,0,0,0.0,0.756,0.887,17,7,86.88,31.33,4,0,0,3,0,1,0,0.85,1.4,1.257,0,0.367,0,0,9.04
51119,0,0,0,2,20,2,0,0,0,0.0,0.979,0.544,11,7,86.03,31.46,3,0,0,2,0,1,0,2.67,-0.2,0.212,0,-0.727,0,0,10.32
51121,0,0,0,2,50,18,0,0,0,0.0,2.149,0.767,13,8,82.19,27.54,2,0,0,2,0,0,0,-27.25,-1.4,1.715,0,-0.367,0,0,23.31
51125,0,0,0,1,62,23,0,0,0,0.0,0.724,0.817,15,6,83.65,28.84,3,1,0,2,0,0,0,-18.36,-2.0,2.198,0,-0.947,0,0,37.13
51127,0,0,0,1,22,7,0,0,0,0.0,0.26,0.575,13,6,87.02,30.98,3,0,0,2,0,1,0,4.18,0.4,0.548,0,-0.413,0,0,0.57
51131,0,0,0,1,13,6,0,0,0,3.0,2.829,0.846,21,8,85.38,33.54,2,0,0,2,0,0,0,5.35,1.4,0.238,0,-0.58,0,0,16.83
51133,0,0,0,3,27,6,0,0,0,0.0,1.225,0.554,14,9,86.08,30.45,4,0,0,3,0,1,0,3.37,2.2,0.645,0,-1.0,0,0,7.96
51135,0,0,0,1,23,7,0,0,0,1.0,0.214,0.913,15,6,86.27,30.33,4,0,0,3,0,1,0,6.15,0.8,0.668,0,0.093,0,0,5.12
51137,0,0,0,2,73,22,0,0,0,0.0,0.308,0.833,18,6,86.08,28.3,2,1,0,1,0,0,0,-14.55,-2.8,1.677,0,-0.407,0,0,18.82
51139,0,0,0,0,35,19,0,0,0,0.0,0.141,0.892,20,8,82.8,26.41,2,0,0,1,0,1,0,-20.92,-2.0,1.928,0,-0.66,0,0,48.94
51141,0,0,0,1,57,19,0,0,0,0.0,6.967,0.518,10,10,83.17,29.25,4,0,0,2,0,2,0,-18.45,-0.2,1.378,0,0.62,0,0,21.55
51143,0,0,0,1,114,19,0,0,0,1.0,5.504,0.658,15,10,85.51,29.74,4,0,0,3,0,1,0,-14.13,0.4,1.353,0,1.173,0,0,21.38
51145,0,0,0,3,27,5,0,0,0,0.0,0.223,0.724,16,6,86.63,29.07,4,1,0,2,0,1,0,11.52,0.4,1.377,0,-0.047,0,0,7.36
51147,0,0,0,0,29,7,0,0,0,0.0,0.161,0.991,13,5,85.69,30.57,4,1,0,2,0,1,0,0.86,-0.2,1.368,0,0.22,0,0,12.05
51149,0,0,0,2,37,9,0,0,0,0.0,0.236,0.7,16,8,87.53,31.94,2,0,0,1,0,1,0,3.95,-0.2,0.528,0,0.28,0,0,2.32
51153,0,0,0,1,80,58,0,0,0,1.0,6.072,1.147,17,4,86.46,29.33,2,0,0,1,0,1,0,-11.35,-0.4,1.227,0,-0.927,0,0,6.99
51155,0,0,0,2,34,15,0,0,0,0.0,1.46,0.78,13,8,82.15,27.39,2,0,0,2,0,0,0,-27.73,-1.4,1.593,0,0.213,0,0,23.56
51157,0,0,0,0,40,18,0,0,0,0.0,0.249,0.74,17,6,83.33,26.91,4,1,0,2,0,1,0,-28.15,-2.0,1.67,0,-0.487,0,0,48.46
51159,0,0,0,2,38,20,0,0,0,0.0,3.56,0.348,13,9,86.27,30.04,3,0,0,2,0,1,0,7.28,-1.6,0.56,0,-0.907,0,0,8.74
51161,0,0,0,0,57,17,0,0,0,0.0,3.58,0.592,13,8,83.75,28.59,2,0,0,2,0,0,0,-28.87,-0.6,1.493,0,-0.193,0,0,27.11
51163,0,0,0,1,53,9,0,0,0,0.0,0.504,0.495,10,8,82.61,28.09,1,0,0,1,0,0,0,-28.16,-1.0,1.745,0,0.073,0,0,41.04
51165,0,0,0,1,69,33,0,0,0,0.0,0.445,1.028,21,7,82.69,26.34,1,0,0,1,0,0,0,-15.36,-1.8,2.258,0,-0.56,0,0,44.34
51167,0,0,0,0,24,5,0,0,0,0.0,0.719,0.819,20,12,81.66,28.19,2,0,0,2,0,0,0,-20.12,-0.4,1.147,0,1.407,0,0,24.56
51169,0,0,0,1,32,6,0,0,0,0.0,0.055,0.723,16,10,83.46,29.51,1,0,0,1,0,0,0,-16.07,-0.4,1.457,0,2.067,0,0,23.75
51171,0,0,0,0,52,26,0,0,0,1.0,2.915,0.803,20,7,84.07,25.65,2,0,0,1,0,1,0,-16.5,-1.8,1.718,0,-0.893,0,0,47.09
51173,0,0,0,0,42,12,0,0,0,0.0,3.734,0.804,13,9,80.15,27.02,1,0,0,1,0,0,0,-18.4,0.8,1.24,0,1.84,0,0,28.54
51175,0,0,0,6,41,6,0,0,0,0.0,9.748,0.878,19,6,87.78,32.06,2,0,0,2,0,0,0,-1.19,0.4,0.725,0,-0.007,0,0,0.33
51177,0,0,0,0,69,14,0,0,0,0.0,1.64,0.751,13,7,86.33,28.18,3,1,0,1,0,1,0,-16.32,-1.4,1.172,0,-0.273,0,0,9.62
51179,0,0,0,0,52,22,0,0,0,1.0,0.914,1.2,17,6,86.79,29.38,3,1,0,1,0,1,0,-15.09,-0.8,0.827,0,-0.133,0,0,4.36
51181,0,0,0,2,22,7,0,0,0,0.0,0.171,0.891,18,6,87.52,32.79,1,0,0,1,0,0,0,2.25,-1.0,0.507,0,0.133,0,0,1.69
51183,0,0,0,3,27,5,0,0,0,3.0,2.933,0.881,20,6,87.82,31.59,1,0,0,1,0,0,0,0.94,0.2,0.473,0,0.18,0,0,2.13
51185,0,0,0,0,34,23,0,0,0,0.0,6.584,0.641,12,12,79.22,26.64,2,1,0,1,0,0,0,-19.43,-3.0,1.308,0,1.56,0,0,17.82
51187,0,0,0,0,49,18,0,0,0,0.0,0.403,0.593,17,9,83.45,26.27,2,0,0,1,0,1,0,-20.2,-1.2,1.62,0,-0.733,0,0,48.45
51191,0,0,0,0,33,9,0,0,0,1.0,0.04,0.793,15,12,82.79,28.45,1,0,0,1,0,0,0,-18.74,-1.0,1.073,0,1.847,0,0,23.73
51193,0,0,0,3,25,9,0,0,0,0.0,1.153,0.579,13,8,86.4,30.12,3,1,0,2,0,0,0,1.38,-0.4,0.89,0,-0.873,0,0,5.06
51195,0,0,0,0,23,11,0,0,0,0.0,0.284,0.539,16,11,80.13,27.42,1,0,0,1,0,0,0,-16.15,0.0,1.323,0,1.553,0,0,30.71
51197,0,0,0,0,27,13,0,0,0,1.0,0.441,0.744,10,6,80.68,27.25,1,0,0,1,0,0,0,-28.08,-1.6,1.542,0,0.893,0,0,25.76
51199,0,0,0,1,18,9,0,0,0,0.0,0.388,0.932,18,5,86.99,33.53,1,0,0,1,0,0,0,7.19,1.6,0.503,0,-0.16,0,0,1.52
51510,0,0,0,1,15,25,0,0,0,0.0,10.155,0.941,17,5,86.77,30.24,2,0,0,1,0,1,0,-13.26,-1.8,1.265,0,-1.327,0,0,3.08
51515,0,0,0,0,0,0,0,0,0,0,0,,,,,,2,1,0,1,0,0,0,,0,,0,,0,0,
51520,0,0,0,0,6,0,0,0,0,0.0,0.015,0.887,20,9,84.71,29.63,2,0,0,2,0,0,0,-19.7,0,1.037,0,2.147,0,0,19.23
51530,0,0,0,0,8,1,0,0,0,0.0,0.039,0.546,10,5,84.43,28.96,1,0,0,1,0,0,0,-30.19,-0.2,1.453,0,0.4,0,0,41.15
51540,0,0,0,0,6,3,0,0,0,0.0,0.008,0.877,18,6,86.33,29.68,1,0,0,1,0,0,0,-16.49,-0.2,1.972,0,-1.073,0,0,40.75
51550,0,0,0,3,42,21,0,0,0,3.0,26.924,0.942,21,7,86.98,34.15,2,0,0,2,0,0,0,12.47,0.4,0.568,0,0.047,0,0,0.66
51570,0,0,0,0,10,8,0,0,0,0.0,0.042,0.561,17,11,87.61,31.05,1,0,0,1,0,0,0,6.18,0.0,0.657,0,0.273,0,0,2.37
51580,0,0,0,0,4,3,0,0,0,0.0,3.03,0.174,11,10,83.59,27.84,1,0,0,1,0,0,0,-24.93,-0.4,1.63,0,0.04,0,0,38.46
51590,0,0,0,1,35,16,0,0,0,2.0,13.896,0.43,15,11,86.75,30.38,3,0,0,3,0,0,0,-7.92,-1.4,0.947,0,0.827,0,0,21.18
51595,0,0,0,1,4,2,0,0,0,0.0,0.308,0.875,18,7,88.02,31.84,1,0,0,1,0,0,0,1.94,0.8,0.58,0,0.573,0,0,2.24
51600,0,0,0,0,2,3,0,0,0,0.0,0.005,0.88,18,5,85.42,29.19,2,0,0,1,0,1,0,-11.32,-0.2,1.318,0,-1.253,0,0,4.09
51610,0,0,0,0,6,0,0,0,0,0.0,0.048,0.822,16,5,85.37,29.35,2,0,0,1,0,1,0,-12.3,0,1.347,0,-1.227,0,0,3.08
51620,0,0,0,0,12,3,0,0,0,0.0,0.588,0.853,17,6,87.78,32.07,3,0,0,3,0,0,0,-0.63,-0.2,0.717,0,-0.193,0,0,-2.5
51630,0,0,0,0,16,7,0,0,0,0.0,2.094,0.992,16,8,86.86,28.77,3,1,0,1,0,1,0,-16.24,0.2,0.848,0,0.127,0,0,3.87
51640,0,0,0,0,8,7,0,0,0,0.0,2.489,0.828,11,5,80.16,28.22,2,0,0,2,0,0,0,-17.73,1.0,1.587,0,1.167,0,0,16.49
51650,0,0,0,1,18,8,0,0,0,0.0,2.138,0.931,20,6,86.92,34.84,3,0,0,3,0,0,0,12.06,4.2,0.427,0,0.1,0,0,3.86
51660,0,0,0,0,6,10,0,0,0,0.0,0.021,1.061,21,7,84.05,27.47,1,0,0,1,0,0,0,-15.39,-0.2,2.398,0,-0.58,0,0,45.25
51670,0,0,0,0,9,4,0,0,0,0.0,0.027,0.53,15,11,87.34,31.92,1,0,0,1,0,0,0,7.22,-0.6,0.623,0,0.467,0,0,1.04
51678,0,0,0,0,2,1,0,0,0,0.0,0.006,,,,,,1,0,0,1,0,0,0,,-0.2,,0,,0,0,42.69
51680,0,0,0,1,27,10,0,0,0,0.0,29.865,1.08,21,7,85.23,29.6,1,0,0,1,0,0,0,-23.68,-1.8,0.983,0,0.553,0,0,36.48
51683,0,0,0,0,13,5,0,0,0,0.0,0.153,1.057,15,5,86.65,29.08,2,0,0,1,0,1,0,-11.51,-0.8,1.367,0,-1.153,0,0,6.52
51685,0,0,0,0,2,1,0,0,0,0.0,0.0,1.022,16,5,86.43,29.13,2,0,0,1,0,1,0,-11.64,0,1.347,0,-1.233,0,0,5.48
51690,0,0,0,0,18,7,0,0,0,0.0,1.073,0.614,10,8,86.09,30.01,3,0,0,3,0,0,0,-24.42,0.0,1.21,0,0.72,0,0,18.46
51700,0,0,0,1,23,10,0,0,0,0.0,0.355,0.924,20,7,87.13,34.38,3,0,0,3,0,0,0,9.3,-0.2,0.472,0,-0.007,0,0,0.78
51710,0,0,0,1,27,23,0,0,0,0.0,69.13,0.994,21,5,86.71,36.11,2,0,0,2,0,0,0,16.16,0.6,0.473,0,0.06,0,0,3.2
51720,0,0,0,0,4,4,0,0,0,0.0,0.051,0.509,17,12,79.82,27.54,1,0,0,1,0,0,0,-14.74,0,1.295,0,1.513,0,0,47.58
51730,0,0,0,0,4,8,0,0,0,0.0,0.007,0.639,16,11,87.57,31.05,1,0,0,1,0,0,0,5.25,-0.2,0.542,0,0.273,0,0,1.96
51735,0,0,0,0,0,0,0,0,0,0,0,0.96,20,5,86.82,34.64,1,0,0,1,0,0,0,11.34,0,0.42,0,-0.013,0,0,3.85
51740,0,0,0,0,10,13,0,0,0,0.0,3.172,0.907,20,7,86.79,35.99,2,0,0,2,0,0,0,14.31,2.2,0.515,0,0.013,0,0,3.23
51750,0,0,0,0,9,8,0,0,0,0.0,0.145,0.806,13,8,82.92,27.5,1,0,0,1,0,0,0,-26.32,-1.4,1.693,0,-0.187,0,0,23.08
51760,0,0,0,1,6,11,0,0,0,0.0,0.099,0.556,16,8,87.14,30.21,2,0,0,2,0,0,0,7.94,4.4,1.138,0,-0.413,0,0,1.87
51770,0,0,0,0,5,17,0,0,0,1.0,1.145,0.565,13,9,85.86,29.54,2,0,0,2,0,0,0,-29.59,-2.0,1.39,0,-0.16,0,0,32.96
51775,0,0,0,0,10,8,0,0,0,0.0,0.549,0.614,13,8,85.93,29.27,1,0,0,1,0,0,0,-29.41,-1.0,1.46,0,-0.267,0,0,24.02
51790,0,0,0,0,7,4,0,0,0,0.0,1.27,0.912,19,9,83.76,27.27,1,0,0,1,0,0,0,-22.57,-0.4,3.082,0,-1.773,0,0,42.85
51800,0,0,0,5,36,8,0,0,0,0.0,6.425,0.791,18,6,87.35,33.07,2,0,0,2,0,0,0,7.65,1.2,0.648,0,-0.16,0,0,-2.97
51810,0,0,0,4,47,20,0,0,0,0.0,29.944,1.032,21,6,85.81,35.92,2,0,0,2,0,0,0,13.36,3.8,0.578,0,0.12,0,0,1.6
51820,0,0,0,1,8,4,0,0,0,0.0,0.22,0.899,19,7,83.47,28.05,1,0,0,1,0,0,0,-21.83,0,2.638,0,-1.613,0,0,41.95
51830,0,0,0,0,6,1,0,0,0,1.0,0.016,0.971,19,6,87.37,32.67,2,0,0,2,0,0,0,5.32,0.8,0.603,0,-0.133,0,0,-0.38
51840,0,0,0,0,11,2,0,0,0,0.0,0.194,0.668,19,10,84.77,25.8,2,0,0,1,0,1,0,-14.2,-0.2,1.645,0,-1.173,0,0,45.51
53001,0,0,0,0,3,2,0,0,0,1.0,0.262,0.739,20,7,85.71,25.37,2,0,1,0,1,0,0,5.93,0,0.858,0,-3.227,0,0,-11.37
53003,0,0,0,0,8,5,0,0,0,0.0,1.679,0.842,22,8,83.28,25.46,1,0,0,0,1,0,0,-7.44,-0.6,1.01,0,-3.06,0,0,16.35
53005,0,0,0,3,7,3,0,0,0,0.0,0.02,0.649,20,8,87.88,27.88,2,0,1,0,1,0,0,21.53,-0.2,0.145,0,-2.847,0,0,-31.79
53007,0,0,0,0,7,17,0,0,0,0.0,0.562,0.819,20,9,73.88,22.06,16,1,1,0,14,0,0,-13.73,-1.8,0.445,0,-2.513,0,0,32.81
53009,0,0,0,0,0,4,0,0,0,0.0,6.451,0.737,29,8,68.49,33.37,8,5,3,0,0,0,0,-9.83,-0.6,0.698,0,-2.68,0,0,29.79
53011,0,0,0,5,2,5,0,0,0,0.0,2.18,0.673,23,10,79.02,35.0,2,0,1,0,1,0,0,16.6,-0.2,0.81,0,-1.88,0,0,-14.82
53013,0,0,0,0,2,2,0,0,0,0.0,0.0,0.712,20,8,80.94,26.36,3,1,2,0,0,0,0,-7.33,-0.4,0.35,0,-1.667,0,0,6.01
53015,0,0,0,1,2,13,0,0,0,1.0,256.302,0.799,26,9,75.79,33.72,3,1,2,0,0,0,0,13.59,-0.2,0.75,0,-2.253,0,0,-4.7
53017,0,0,0,1,7,7,0,0,0,0.0,1.083,0.554,16,13,83.82,21.87,7,0,0,0,7,0,0,7.87,-0.8,1.033,0,-4.52,0,0,-31.04
53019,0,0,0,0,12,17,0,0,0,0.0,6.782,0.559,16,11,77.8,18.59,8,0,1,0,7,0,0,1.6,-0.6,0.335,0,-4.107,0,0,-19.36
53021,0,0,0,0,5,2,0,0,0,1.0,3.012,0.719,22,8,87.32,27.46,3,0,2,0,1,0,0,15.64,-0.2,0.297,0,-2.727,0,0,-17.32
53023,0,0,0,0,6,1,0,0,0,0.0,0.015,0.812,21,9,81.99,26.53,2,1,1,0,0,0,0,-6.81,-0.2,0.737,0,-2.62,0,0,11.02
53025,0,0,0,1,3,4,0,0,0,0.0,0.157,0.782,19,10,86.95,24.96,4,0,1,0,3,0,0,11.05,-0.4,0.777,0,-4.1,0,0,-40.43
53027,0,0,0,1,0,3,0,0,0,2.0,3.809,0.598,24,12,72.89,34.53,6,3,3,0,0,0,0,0.51,-0.6,0.808,0,-2.493,0,0,10.15
53029,0,0,0,0,0,0,0,0,0,0.0,0.25,0.668,25,9,72.76,35.56,7,5,2,0,0,0,0,-0.97,0,0.877,0,-2.713,0,0,12.61
53031,0,0,0,0,0,4,0,0,0,0.0,1.254,0.704,24,9,68.21,30.96,8,5,3,0,0,0,0,-8.56,-0.2,0.532,0,-2.673,0,0,15.08
53033,0,0,0,0,0,1,0,0,0,1.0,35.467,0.895,22,8,72.02,31.95,3,0,2,0,1,0,0,-4.75,-0.2,0.692,0,-1.693,0,0,30.21
53035,0,0,0,1,0,0,0,0,0,0.0,1.18,0.906,24,7,75.86,35.75,0,0,0,0,0,0,0,-6.16,0,0.577,0,-2.233,0,0,-5.87
53037,0,0,0,0,1,2,0,0,0,0.0,0.0,0.833,19,11,76.93,23.99,7,1,0,0,6,0,0,-8.92,0,0.237,0,-2.38,0,0,6.66
53039,0,0,0,0,6,1,0,0,0,0.0,0.0,0.756,18,11,82.6,26.91,6,1,1,0,4,0,0,15.34,0,-0.105,0,-1.56,0,0,-22.59
53041,0,0,0,0,0,5,0,0,0,0.0,3.726,0.583,20,8,74.1,30.91,8,3,5,0,0,0,0,6.91,-0.6,1.005,0,-2.073,0,0,12.47
53043,0,0,0,1,7,5,0,0,0,0.0,2.525,0.38,18,13,83.6,22.19,6,1,1,0,4,0,0,7.09,-0.2,1.015,0,-3.78,0,0,-21.3
53045,0,0,0,1,0,2,0,0,0,0.0,0.164,0.913,30,9,74.58,33.05,7,3,3,0,1,0,0,-2.04,-0.4,0.5,0,-2.447,0,0,-4.72
53047,0,0,0,0,16,28,0,0,0,0.0,21.241,0.715,16,11,75.61,19.06,19,2,1,0,16,0,0,-8.28,-1.8,0.652,0,-3.447,0,0,-13.42
53049,0,0,0,1,3,5,0,0,0,0.0,0.99,0.653,25,10,72.03,35.37,5,2,3,0,0,0,0,9.03,0.6,0.905,0,-3.107,0,0,13.93
53051,0,0,0,0,11,7,0,0,0,0.0,9.614,0.817,19,9,76.29,20.06,6,2,1,0,3,0,0,14.35,-0.4,0.5,0,-3.127,0,0,51.21
53053,0,0,0,2,0,1,0,0,0,0.0,0.08,0.807,22,7,72.03,31.1,1,0,0,0,1,0,0,-2.56,0,0.742,0,-1.82,0,0,19.56
53055,0,0,0,0,0,1,0,0,0,0.0,0.485,0.486,24,10,72.59,35.71,2,0,2,0,0,0,0,8.34,-0.2,1.192,0,-2.153,0,0,15.45
53057,0,0,0,0,0,2,0,0,0,1.0,15.04,0.593,20,10,70.72,29.69,6,2,3,0,1,0,0,-11.93,-0.4,1.022,0,-2.813,0,0,43.7
53059,0,0,0,0,2,0,0,0,0,0.0,0.628,0.882,24,5,72.52,29.32,10,3,3,0,4,0,0,13.65,0,0.103,0,-1.473,0,0,-3.79
53061,0,0,0,0,0,5,0,0,0,43.0,63.001,0.63,23,8,70.69,30.56,9,5,1,0,1,0,0,-6.4,0.6,1.04,0,-2.607,0,0,33.36
53063,0,0,0,3,23,15,0,0,0,0.0,25.069,1.077,22,8,82.19,24.42,12,2,1,0,9,0,0,3.52,-1.0,0.738,0,-2.673,0,0,16.58
53065,0,0,0,0,20,7,0,0,0,0.0,3.881,0.561,18,11,80.59,21.18,7,1,0,0,6,0,0,11.26,-0.6,0.588,0,-3.447,0,0,0.97
53067,0,0,0,1,1,2,0,0,0,0.0,0.826,0.485,25,12,77.1,33.97,3,0,2,0,1,0,0,6.75,-0.4,1.488,0,-3.047,0,0,5.57
53069,0,0,0,0,1,27,0,0,0,0.0,0.349,0.769,25,10,72.57,35.34,7,3,4,0,0,0,0,14.01,-0.4,0.905,0,-2.533,0,0,10.33
53071,0,0,0,0,6,8,0,0,0,0.0,8.933,0.505,18,9,87.23,28.76,3,0,2,0,1,0,0,1.6,-0.6,-0.075,0,-1.847,0,0,-0.69
53073,0,0,0,0,0,2,0,0,0,1.0,42.575,0.719,24,10,70.01,27.4,7,2,3,0,2,0,0,-9.95,-0.4,0.903,0,-2.753,0,0,50.2
53075,0,0,0,0,10,10,0,0,0,0.0,2.641,0.767,21,9,84.36,26.56,3,1,0,0,2,0,0,-0.28,-0.8,0.942,0,-2.82,0,0,15.04
53077,0,0,0,0,3,10,0,0,0,0.0,0.32,0.929,19,10,79.66,24.9,8,0,0,0,8,0,0,-1.89,-0.2,0.208,0,-2.227,0,0,-26.22
54001,0,0,0,1,24,16,0,0,0,0.0,0.376,1.176,28,8,81.82,25.47,1,1,0,0,0,0,0,-8.65,0.8,1.258,0,-1.367,0,0,4.28
54003,0,0,0,2,54,35,0,0,0,0.0,0.31,0.725,17,8,85.38,25.65,0,0,0,0,0,0,0,-6.91,-0.8,1.417,0,-1.38,0,0,18.91
54005,0,0,0,0,36,20,0,0,0,0.0,0.783,0.716,18,9,83.54,28.32,4,2,1,0,0,0,0,-21.18,-0.4,1.53,0,-0.54,0,0,3.98
54007,0,0,0,0,18,20,0,0,0,0.0,1.167,0.73,18,7,83.56,27.1,4,2,2,0,0,0,0,-18.52,-2.6,1.405,0,-0.933,0,0,9.03
54009,0,0,0,0,22,10,0,0,0,0.0,1.413,0.507,21,10,82.19,24.39,2,0,1,0,0,0,0,-11.87,1.4,1.935,0,-3.32,0,0,2.54
54011,0,0,0,1,36,43,0,0,0,2.0,3.979,0.653,15,10,85.37,27.91,7,2,2,0,0,1,0,-24.43,-3.6,1.985,0,-0.76,0,0,17.18
54013,0,0,0,0,17,15,0,0,0,0.0,0.632,0.574,19,9,83.43,26.19,2,0,1,0,0,0,0,-21.16,-0.6,2.252,0,-1.873,0,0,8.46
54015,0,0,0,0,22,24,0,0,0,0.0,17.686,0.678,19,9,83.51,27.33,3,1,1,0,0,0,0,-17.26,0.0,1.327,0,-1.34,0,0,5.42
54017,0,0,0,0,21,23,0,0,0,0.0,1.738,0.845,21,8,83.85,25.49,4,2,1,0,0,0,0,-10.45,0.4,1.417,0,-2.54,0,0,3.45
54019,0,0,0,0,25,22,0,0,0,2.0,13.292,0.612,18,11,80.54,26.18,3,2,1,0,0,0,0,-14.4,-3.0,0.755,0,-0.947,0,0,2.39
54021,0,0,0,0,23,14,0,0,0,0.0,0.362,0.744,20,9,84.1,26.3,3,1,2,0,0,0,0,-17.84,0.6,1.698,0,-1.787,0,0,8.82
54023,0,0,0,0,32,11,0,0,0,1.0,0.092,0.839,20,10,81.79,23.59,2,1,1,0,0,0,0,-9.18,-0.6,1.727,0,-2.093,0,0,36.39
54025,0,0,0,1,46,24,0,0,0,17.0,41.734,0.686,19,10,78.72,24.31,2,0,2,0,0,0,0,-17.13,-0.8,1.025,0,-0.033,0,0,8.58
54027,0,0,0,1,47,15,0,0,0,0.0,1.125,0.578,16,13,84.22,24.75,1,1,0,0,0,0,0,-6.96,-1.6,1.732,0,-2.373,0,0,19.42
54029,0,0,0,0,28,6,0,0,0,0.0,0.198,0.139,16,10,81.33,23.84,1,0,0,0,0,0,0,-9.56,1.2,1.925,0,-3.52,0,0,0.49
54031,0,0,0,0,45,6,0,0,0,0.0,1.056,0.796,21,12,82.81,23.94,1,1,0,0,0,0,0,-7.62,-0.6,1.667,0,-1.967,0,0,35.37
54033,0,0,0,2,51,35,0,0,0,0.0,3.146,1.071,22,8,83.63,25.82,3,2,0,0,0,0,0,-5.34,1.0,1.187,0,-1.673,0,0,1.35
54035,0,0,0,2,29,21,0,0,0,6.0,2.642,0.557,20,12,84.2,26.3,6,2,3,0,0,0,0,-24.61,-1.0,2.107,0,-1.287,0,0,7.62
54037,0,0,0,2,61,28,0,0,0,0.0,0.468,0.717,14,6,85.17,26.41,1,1,0,0,0,0,0,-11.7,-3.2,1.475,0,-1.34,0,0,39.84
54039,0,0,0,2,79,63,0,0,0,6.0,73.613,0.639,18,9,84.27,28.03,4,1,2,0,0,0,0,-15.13,3.4,1.572,0,-0.96,0,0,1.61
54041,0,0,0,0,26,19,0,0,0,0.0,0.347,0.981,22,9,83.88,26.31,3,1,2,0,0,0,0,-14.54,-1.4,1.423,0,-1.313,0,0,6.26
54043,0,0,0,1,35,35,0,0,0,1.0,3.981,0.779,19,9,85.66,28.63,8,3,2,0,0,1,0,-22.56,-2.2,1.668,0,-0.727,0,0,7.63
54045,0,0,0,0,16,18,0,0,0,0.0,0.775,0.801,18,11,84.25,28.93,6,3,1,0,0,0,0,-25.95,-0.4,1.733,0,-0.407,0,0,4.06
54047,0,0,0,0,33,27,0,0,0,0.0,2.78,0.563,14,14,82.55,27.5,2,1,1,0,0,0,0,-23.43,-1.2,1.535,0,1.167,0,0,5.16
54049,0,0,0,2,30,16,0,0,0,0.0,0.388,0.867,20,7,82.37,25.55,1,1,0,0,0,0,0,3.09,1.6,1.272,0,-2.073,0,0,-0.05
54051,0,0,0,1,25,18,0,0,0,0.0,3.93,0.369,20,10,82.23,24.16,4,2,1,0,0,0,0,-6.7,1.4,1.533,0,-2.98,0,0,4.56
54053,0,0,0,0,45,26,0,0,0,1.0,0.39,0.159,18,15,84.19,26.13,2,0,0,0,0,1,0,-26.37,-0.6,1.733,0,-0.853,0,0,12.96
54055,0,0,0,1,29,23,0,0,0,0.0,2.167,0.29,11,14,79.88,26.15,1,1,0,0,0,0,0,-23.3,-0.8,1.208,0,0.487,0,0,10.03
54057,0,0,0,0,36,14,0,0,0,0.0,0.115,0.486,18,9,84.66,24.82,1,1,0,0,0,0,0,-5.29,-1.8,1.793,0,-2.74,0,0,25.72
54059,0,0,0,0,26,23,0,0,0,0.0,2.058,0.836,18,11,85.26,29.07,3,2,1,0,0,0,0,-26.0,-1.4,1.52,0,0.013,0,0,0.83
54061,0,0,0,4,40,17,0,0,0,0.0,0.754,0.777,19,8,81.56,24.95,3,2,0,0,0,0,0,3.52,3.0,1.528,0,-2.507,0,0,-1.73
54063,0,0,0,0,29,14,0,0,0,0.0,0.93,0.699,16,11,81.28,26.27,1,0,1,0,0,0,0,-22.27,-0.4,1.417,0,0.013,0,0,13.06
54065,0,0,0,0,41,21,0,0,0,0.0,0.204,0.64,18,12,85.01,25.19,1,1,0,0,0,0,0,-5.18,0.0,1.702,0,-1.527,0,0,9.06
54067,0,0,0,1,19,11,0,0,0,0.0,26.551,0.717,20,11,80.36,25.28,2,1,1,0,0,0,0,-17.5,-1.0,0.572,0,-1.22,0,0,4.55
54069,0,0,0,0,30,15,0,0,0,0.0,0.716,0.562,21,8,82.12,24.18,3,1,1,0,0,0,0,-9.47,0.8,1.813,0,-3.153,0,0,2.08
54071,0,0,0,0,23,11,0,0,0,0.0,0.103,0.915,22,10,79.9,23.47,2,1,1,0,0,0,0,-17.69,0.0,2.087,0,-0.707,0,0,33.18
54073,0,0,0,1,13,8,0,0,0,0.0,0.109,0.861,21,8,83.68,25.57,3,0,2,0,0,0,0,-9.34,-0.6,1.793,0,-2.88,0,0,7.51
54075,0,0,0,0,16,14,0,0,0,0.0,0.676,0.546,15,10,75.32,21.97,1,0,1,0,0,0,0,-18.89,0.2,1.597,0,-0.213,0,0,15.7
54077,0,0,0,0,43,9,0,0,0,1.0,0.79,0.816,24,9,79.21,23.05,3,1,1,0,0,0,0,-3.46,0.0,1.71,0,-2.24,0,0,4.34
54079,0,0,0,0,51,29,0,0,0,0.0,7.712,0.654,18,10,85.24,27.52,3,1,0,0,0,1,0,-19.05,2.2,1.705,0,-0.873,0,0,5.0
54081,0,0,0,1,37,23,0,0,0,0.0,0.904,0.644,19,12,79.92,26.13,1,1,0,0,0,0,0,-18.87,-0.8,1.042,0,-0.227,0,0,7.1
54083,0,0,0,0,21,22,0,0,0,0.0,1.367,0.929,21,8,76.83,22.32,3,1,2,0,0,0,0,-16.46,0.8,1.607,0,-1.013,0,0,8.79
54085,0,0,0,1,38,26,0,0,0,1.0,0.821,0.782,20,8,83.83,25.6,3,1,1,0,0,0,0,-13.49,-0.4,1.84,0,-2.94,0,0,8.45
54087,0,0,0,0,28,29,0,0,0,2.0,3.386,0.562,19,10,83.48,26.51,5,2,2,0,0,0,0,-22.46,-1.8,2.432,0,-1.6,0,0,6.02
54089,0,0,0,0,21,8,0,0,0,0.0,1.646,0.616,19,12,81.62,26.63,3,1,2,0,0,0,0,-21.69,0.2,1.11,0,-0.16,0,0,7.61
54091,0,0,0,1,27,10,0,0,0,0.0,4.757,0.924,23,6,82.22,25.91,2,1,0,0,0,0,0,1.23,2.4,1.275,0,-1.867,0,0,2.06
54093,0,0,0,0,16,9,0,0,0,0.0,0.168,1.137,25,8,77.63,22.33,3,2,1,0,0,0,0,-13.65,-0.6,1.503,0,-1.347,0,0,11.67
54095,0,0,0,0,22,26,0,0,0,0.0,1.377,0.694,19,8,83.42,25.38,4,2,1,0,0,0,0,-6.61,0.2,1.577,0,-2.74,0,0,6.22
54097,0,0,0,1,30,20,0,0,0,0.0,0.665,1.019,24,8,81.34,25.62,2,1,1,0,0,0,0,-14.96,-0.8,1.378,0,-1.073,0,0,7.09
54099,0,0,0,2,31,27,0,0,0,1.0,1.452,0.838,15,9,85.56,28.41,6,2,2,0,0,1,0,-25.86,-1.2,1.863,0,-0.707,0,0,25.47
54101,0,0,0,0,22,17,0,0,0,0.0,9.809,0.378,17,10,78.09,24.46,3,2,1,0,0,0,0,-19.77,1.6,1.128,0,-0.793,0,0,6.16
54103,0,0,0,0,21,8,0,0,0,1.0,0.279,0.525,20,9,82.61,24.75,4,2,1,0,0,0,0,-3.38,2.2,1.468,0,-2.473,0,0,3.36
54105,0,0,0,0,14,7,0,0,0,0.0,0.172,0.654,19,9,83.67,25.94,3,1,1,0,0,0,0,-21.87,-0.2,2.37,0,-2.16,0,0,8.76
54107,0,0,0,1,43,25,0,0,0,3.0,1.798,0.828,18,11,84.14,26.43,3,2,0,0,0,0,0,-17.03,3.6,2.07,0,-2.507,0,0,9.18
54109,0,0,0,0,27,11,0,0,0,0.0,0.771,0.606,15,14,82.03,27.32,1,1,0,0,0,0,0,-25.25,-0.6,1.47,0,0.413,0,0,6.51
55001,0,0,0,0,29,11,0,0,0,0.0,9.63,0.487,10,9,80.38,11.97,2,0,2,0,0,0,0,4.72,1.0,3.63,0,-9.833,0,0,55.38
55003,0,0,0,2,24,9,0,0,0,2.0,0.004,-0.092,7,10,75.86,6.51,2,1,1,0,0,0,0,-0.64,-0.6,3.445,0,-11.547,0,0,61.44
55005,0,0,0,5,31,1,0,0,0,2.0,12.953,0.174,10,9,78.68,6.9,1,0,1,0,0,0,0,3.9,0,3.697,0,-13.167,0,0,21.34
55007,0,0,0,0,36,10,0,0,0,2.0,2.24,0.191,9,8,76.43,7.05,2,1,1,0,0,0,0,8.39,1.0,3.817,0,-12.22,0,0,39.83
55009,0,0,0,4,40,12,0,0,0,0.0,2.012,0.655,13,7,78.28,14.75,0,0,0,0,0,0,0,-7.75,-1.0,3.11,0,-8.72,0,0,6.26
55011,0,0,0,1,36,12,0,0,0,0.0,13.88,0.484,10,9,81.0,10.46,1,1,0,0,0,0,0,5.24,-1.2,3.818,0,-11.06,0,0,18.55
55013,0,0,0,2,37,5,0,0,0,0.0,0.067,0.078,10,8,78.9,6.48,2,1,1,0,0,0,0,14.99,-0.8,3.743,0,-13.627,0,0,24.26
55015,0,0,0,2,26,5,0,0,0,0.0,0.534,0.672,11,7,79.32,14.43,0,0,0,0,0,0,0,0.49,1.2,2.977,0,-8.66,0,0,14.33
55017,0,0,0,5,38,11,0,0,0,0.0,4.298,0.241,9,9,78.82,8.27,1,0,1,0,0,0,0,2.06,-0.8,3.763,0,-12.473,0,0,23.85
55019,0,0,0,3,49,14,0,0,0,0.0,4.797,0.581,10,7,78.72,8.92,3,0,3,0,0,0,0,6.0,-0.6,3.578,0,-11.6,0,0,20.23
55021,0,0,0,2,46,31,0,0,0,0.0,2.386,0.58,10,6,80.45,14.35,0,0,0,0,0,0,0,10.31,1.2,3.465,0,-8.547,0,0,35.38
55023,0,0,0,1,21,36,0,0,0,1.0,19.335,0.371,11,9,80.79,13.54,3,1,2,0,0,0,0,-5.46,-0.8,3.553,0,-8.847,0,0,65.99
55025,0,0,0,8,66,18,0,0,0,1.0,59.965,0.537,12,10,80.9,14.85,1,0,1,0,0,0,0,20.63,1.6,3.27,0,-8.267,0,0,6.86
55027,0,0,0,1,51,8,0,0,0,0.0,0.707,0.21,10,10,79.68,14.22,0,0,0,0,0,0,0,16.07,2.8,3.185,0,-8.733,0,0,4.81
55029,0,0,0,0,33,1,0,0,0,0.0,3.896,-0.026,10,9,75.57,14.99,0,0,0,0,0,0,0,-2.72,1.0,2.662,0,-8.46,0,0,49.3
55031,0,0,0,2,37,8,0,0,0,0.0,0.27,0.136,10,7,76.87,6.27,2,1,1,0,0,0,0,9.09,-0.8,3.698,0,-13.12,0,0,29.17
55033,0,0,0,6,37,5,0,0,0,1.0,1.885,0.365,10,9,80.23,8.8,0,0,0,0,0,0,0,6.31,-0.4,3.632,0,-12.207,0,0,7.29
55035,0,0,0,1,28,7,0,0,0,0.0,1.567,0.478,9,7,79.95,9.53,0,0,0,0,0,0,0,1.17,-0.6,3.783,0,-11.547,0,0,20.24
55037,0,0,0,2,12,0,0,0,0,0.0,0.002,0.159,9,9,76.93,6.77,1,1,0,0,0,0,0,-11.31,0,3.082,0,-10.367,0,0,47.1
55039,0,0,0,3,39,6,0,0,0,1.0,8.252,0.593,11,9,79.42,14.2,1,0,1,0,0,0,0,3.71,0.0,3.262,0,-8.867,0,0,3.33
55041,0,0,0,1,18,0,0,0,0,0.0,0.003,-0.175,6,11,75.57,6.63,1,0,1,0,0,0,0,-9.6,0,3.157,0,-10.613,0,0,53.68
55043,0,0,0,7,50,26,0,0,0,0.0,35.35,0.227,12,13,81.06,13.88,1,1,0,0,0,0,0,-1.47,-1.0,3.507,0,-9.007,0,0,37.87
55045,0,0,0,7,30,14,0,0,0,0.0,3.308,0.284,14,11,81.42,15.18,0,0,0,0,0,0,0,7.89,0.6,3.382,0,-8.107,0,0,2.45
55047,0,0,0,1,21,6,0,0,0,0.0,0.428,0.465,8,8,80.05,13.42,1,0,1,0,0,0,0,-0.28,-1.2,3.547,0,-9.413,0,0,49.99
55049,0,0,0,5,34,5,0,0,0,0.0,5.785,0.402,12,11,80.79,13.72,1,1,0,0,0,0,0,9.45,0.2,3.322,0,-8.213,0,0,20.7
55051,0,0,0,2,19,3,0,0,0,1.0,0.016,-0.275,7,10,74.91,5.81,3,1,2,0,0,0,0,-6.2,0,3.135,0,-11.173,0,0,70.08
55053,0,0,0,2,33,31,0,0,0,1.0,4.146,0.561,10,8,80.04,10.24,2,1,1,0,0,0,0,3.3,0.4,3.7,0,-11.393,0,0,17.69
55055,0,0,0,5,46,20,0,0,0,0.0,2.046,0.369,12,11,80.94,15.65,0,0,0,0,0,0,0,21.65,1.6,2.835,0,-8.207,0,0,3.62
55057,0,0,0,1,36,27,0,0,0,0.0,30.782,0.394,10,8,80.4,11.01,2,0,2,0,0,0,0,-0.56,-0.4,3.66,0,-10.14,0,0,50.42
55059,0,0,0,1,36,18,0,0,0,0.0,4.995,0.465,12,10,80.53,18.34,1,0,1,0,0,0,0,20.57,0.8,2.69,0,-6.913,0,0,-21.56
55061,0,0,0,1,16,15,0,0,0,0.0,0.146,0.404,10,9,76.8,14.93,0,0,0,0,0,0,0,-3.82,-3.0,2.89,0,-8.533,0,0,11.4
55063,0,0,0,2,50,40,0,0,0,0.0,61.285,0.38,11,8,80.79,11.88,4,1,3,0,0,0,0,-5.52,-1.0,3.62,0,-10.133,0,0,44.97
55065,0,0,0,3,38,14,0,0,0,0.0,4.356,0.187,13,13,81.15,14.03,1,1,0,0,0,0,0,5.21,0.2,3.06,0,-7.773,0,0,-4.03
55067,0,0,0,0,29,2,0,0,0,0.0,0.824,0.028,8,11,76.51,7.63,1,0,1,0,0,0,0,-0.72,-0.2,3.318,0,-10.753,0,0,48.81
55069,0,0,0,2,28,2,0,0,0,0.0,0.029,-0.024,9,10,77.16,7.22,0,0,0,0,0,0,0,-1.54,-0.2,3.387,0,-11.3,0,0,51.97
55071,0,0,0,1,34,4,0,0,0,0.0,1.05,0.572,13,8,77.69,15.43,0,0,0,0,0,0,0,-0.61,-0.4,2.815,0,-8.06,0,0,8.37
55073,0,0,0,5,53,3,0,0,0,0.0,0.719,0.514,10,8,78.51,9.09,0,0,0,0,0,0,0,4.71,0.8,3.657,0,-10.787,0,0,25.89
55075,0,0,0,1,30,3,0,0,0,1.0,4.282,0.102,7,8,77.98,10.25,1,0,1,0,0,0,0,-7.88,-0.4,3.102,0,-9.407,0,0,16.76
55077,0,0,0,1,23,4,0,0,0,0.0,4.633,0.484,10,9,80.53,13.14,1,0,1,0,0,0,0,0.04,-0.6,3.585,0,-9.58,0,0,69.66
55078,0,0,0,0,7,2,0,0,0,1.0,0.04,0.371,8,9,77.86,10.04,1,0,1,0,0,0,0,-5.13,-0.2,3.247,0,-10.027,0,0,13.85
55079,0,0,0,1,54,20,0,0,0,3.0,1.083,0.632,15,10,79.67,18.41,1,0,1,0,0,0,0,19.96,-1.0,2.445,0,-7.98,0,0,-9.05
55081,0,0,0,4,45,12,0,0,0,0.0,38.027,0.055,10,9,79.82,10.33,4,1,3,0,0,0,0,-4.48,0.8,3.832,0,-10.62,0,0,45.39
55083,0,0,0,1,33,15,0,0,0,2.0,1.701,0.225,8,9,77.68,11.4,1,0,1,0,0,0,0,-8.74,-3.0,3.053,0,-9.633,0,0,6.38
55085,0,0,0,2,33,1,0,0,0,1.0,0.966,-0.408,8,14,75.34,6.17,1,0,1,0,0,0,0,-7.83,0,3.242,0,-11.113,0,0,58.07
55087,0,0,0,5,43,3,0,0,0,0.0,0.657,0.642,10,9,79.72,13.7,1,0,1,0,0,0,0,-0.96,1.6,3.43,0,-9.38,0,0,14.28
55089,0,0,0,1,19,12,0,0,0,1.0,1.089,0.434,14,10,78.78,16.97,1,0,1,0,0,0,0,19.3,-2.2,2.572,0,-8.467,0,0,-0.69
55091,0,0,0,2,13,2,0,0,0,0.0,1.355,0.374,12,10,81.05,9.86,0,0,0,0,0,0,0,6.45,-0.2,3.867,0,-11.34,0,0,10.48
55093,0,0,0,5,30,2,0,0,0,0.0,0.586,0.081,11,12,79.78,8.89,0,0,0,0,0,0,0,16.32,-0.2,3.995,0,-11.993,0,0,-0.55
55095,0,0,0,6,25,2,0,0,0,0.0,0.85,0.104,9,10,79.14,7.49,1,0,1,0,0,0,0,12.74,-0.2,3.773,0,-13.213,0,0,8.69
55097,0,0,0,1,39,3,0,0,0,0.0,0.631,0.624,11,7,79.76,11.03,1,0,1,0,0,0,0,12.61,-0.4,3.765,0,-10.24,0,0,23.92
55099,0,0,0,2,36,5,0,0,0,0.0,0.273,-0.09,8,12,75.67,6.14,0,0,0,0,0,0,0,-1.92,1.2,3.33,0,-11.747,0,0,56.34
55101,0,0,0,2,31,12,0,0,0,0.0,24.212,0.418,10,10,80.28,17.83,1,0,1,0,0,0,0,19.64,-1.8,2.725,0,-7.173,0,0,-21.55
55103,0,0,0,2,19,12,0,0,0,0.0,8.737,0.424,11,9,80.86,13.22,3,1,2,0,0,0,0,0.21,-0.8,3.768,0,-8.66,0,0,70.94
55105,0,0,0,6,51,25,0,0,0,1.0,1.989,0.254,14,10,81.47,15.91,0,0,0,0,0,0,0,19.77,1.2,3.172,0,-7.993,0,0,-0.38
55107,0,0,0,3,17,1,0,0,0,0.0,1.116,0.103,9,13,77.36,6.57,1,0,1,0,0,0,0,-1.2,0,3.51,0,-12.347,0,0,26.99
55109,0,0,0,1,30,3,0,0,0,1.0,9.402,0.139,10,10,79.72,8.5,0,0,0,0,0,0,0,10.26,-0.4,3.778,0,-12.28,0,0,-2.0
55111,0,0,0,0,45,18,0,0,0,1.0,7.654,0.406,10,9,80.62,13.47,1,0,1,0,0,0,0,1.6,-0.8,3.51,0,-8.673,0,0,67.62
55113,0,0,0,0,47,8,0,0,0,1.0,0.34,0.184,9,11,76.63,5.61,1,1,0,0,0,0,0,-1.08,0.0,3.662,0,-12.38,0,0,62.07
55115,0,0,0,7,31,1,0,0,0,0.0,0.211,0.602,10,8,79.01,11.2,1,0,1,0,0,0,0,-3.58,0,3.362,0,-9.86,0,0,16.52
55117,0,0,0,1,37,5,0,0,0,0.0,1.812,0.57,14,9,78.53,15.94,0,0,0,0,0,0,0,10.02,0.0,2.453,0,-7.947,0,0,-5.51
55119,0,0,0,0,25,2,0,0,0,0.0,0.199,0.184,9,11,77.14,7.09,0,0,0,0,0,0,0,-0.87,-0.2,3.438,0,-12.007,0,0,29.99
55121,0,0,0,5,44,55,0,0,0,4.0,21.781,0.575,11,7,80.73,10.61,1,1,0,0,0,0,0,4.51,2.4,3.652,0,-10.9,0,0,19.84
55123,0,0,0,4,34,34,0,0,0,4.0,60.061,0.216,11,8,79.85,12.07,4,1,3,0,0,0,0,-6.39,0.0,3.637,0,-9.387,0,0,69.01
55125,0,0,0,1,35,1,0,0,0,0.0,0.202,-0.443,6,12,74.62,5.2,0,0,0,0,0,0,0,-13.4,0,3.143,0,-11.073,0,0,39.72
55127,0,0,0,8,49,7,0,0,0,0.0,11.605,0.275,11,12,80.78,16.39,0,0,0,0,0,0,0,20.59,-1.0,2.377,0,-6.86,0,0,-8.11
55129,0,0,0,0,38,3,0,0,0,0.0,0.06,0.064,10,10,77.81,5.86,1,1,0,0,0,0,0,4.27,-0.6,3.783,0,-13.18,0,0,56.13
55131,0,0,0,2,48,3,0,0,0,0.0,1.867,0.256,11,10,79.36,14.64,0,0,0,0,0,0,0,17.69,-0.4,2.9,0,-8.747,0,0,0.06
55133,0,0,0,6,63,11,0,0,0,0.0,3.388,0.411,11,10,80.29,16.17,0,0,0,0,0,0,0,21.3,-0.4,2.695,0,-8.287,0,0,-2.71
55135,0,0,0,4,38,4,0,0,0,0.0,1.673,0.664,9,8,80.11,12.35,1,0,1,0,0,0,0,8.83,0.6,3.618,0,-10.02,0,0,20.58
55137,0,0,0,6,34,3,0,0,0,0.0,1.0,0.559,11,8,80.2,12.78,0,0,0,0,0,0,0,9.77,-0.2,3.717,0,-10.1,0,0,48.47
55139,0,0,0,4,33,2,0,0,0,1.0,0.016,0.602,10,8,80.09,14.04,0,0,0,0,0,0,0,-0.5,-0.2,3.433,0,-9.3,0,0,45.63
55141,0,0,0,0,39,6,0,0,0,0.0,0.942,0.53,10,8,79.76,9.89,1,0,1,0,0,0,0,10.61,-0.4,3.863,0,-10.807,0,0,21.89
56001,0,0,0,7,42,13,0,0,0,0.0,0.091,0.485,14,8,76.72,13.21,3,0,1,0,2,0,0,0.48,-1.8,1.632,0,-2.02,0,0,-37.11
56003,0,0,0,2,37,13,0,0,0,0.0,0.864,0.572,19,11,80.35,11.57,0,0,0,0,0,0,0,2.57,0.6,1.768,0,-3.72,0,0,-14.18
56005,0,0,0,6,141,6,0,0,0,0.0,0.088,0.25,18,10,83.59,12.79,0,0,0,0,0,0,0,-5.38,-0.4,3.237,0,-3.207,0,0,-23.03
56007,0,0,0,3,31,4,0,0,0,0.0,0.0,0.607,18,7,78.49,13.34,2,0,0,0,2,0,0,2.75,0.6,1.24,0,-2.34,0,0,-46.1
56009,0,0,0,5,57,2,0,0,0,0.0,0.01,0.196,16,12,82.37,13.88,0,0,0,0,0,0,0,13.5,-0.2,2.265,0,-2.8,0,0,-47.68
56011,0,0,0,5,99,8,0,0,0,0.0,0.844,0.099,12,13,82.39,11.73,0,0,0,0,0,0,0,-7.4,-0.6,3.105,0,-2.72,0,0,-9.81
56013,0,0,0,3,58,25,0,0,0,2.0,6.452,0.256,15,10,77.87,10.41,2,0,1,0,1,0,0,0.07,-1.8,1.075,0,-3.327,0,0,-33.98
56015,0,0,0,7,98,15,0,0,0,0.0,0.762,0.376,13,12,85.93,15.52,0,0,0,0,0,0,0,-3.73,-0.6,2.622,0,-2.513,0,0,-40.17
56017,0,0,0,1,23,2,0,0,0,0.0,2.545,0.139,15,11,80.16,12.21,0,0,0,0,0,0,0,10.84,-0.2,1.492,0,-3.913,0,0,-37.77
56019,0,0,0,4,61,9,0,0,0,0.0,1.853,0.233,14,11,80.2,13.34,1,0,1,0,0,0,0,9.92,0.6,2.045,0,-3.58,0,0,-14.1
56021,0,0,0,11,138,30,0,0,0,0.0,0.062,0.453,13,10,82.74,16.35,0,0,0,0,0,0,0,-15.67,0.6,1.937,0,-2.687,0,0,-32.13
56023,0,0,0,0,14,7,0,0,0,0.0,0.035,0.755,20,9,76.03,9.05,0,0,0,0,0,0,0,5.22,-0.8,1.492,0,-4.653,0,0,-52.28
56025,0,0,0,5,62,9,0,0,0,0.0,3.307,0.12,12,11,81.74,13.82,2,0,1,0,1,0,0,1.1,-0.6,2.17,0,-3.247,0,0,-32.85
56027,0,0,0,3,73,4,0,0,0,0.0,1.5,0.195,15,11,85.16,12.95,1,0,1,0,0,0,0,6.85,-0.2,3.133,0,-5.353,0,0,-43.51
56029,0,0,0,2,23,11,0,0,0,0.0,25.317,0.556,16,10,73.02,11.58,1,0,1,0,0,0,0,6.72,-0.8,1.298,0,-3.393,0,0,-4.62
56031,0,0,0,7,81,15,0,0,0,0.0,0.0,0.277,12,11,84.47,16.13,1,0,1,0,0,0,0,3.1,-0.2,2.375,0,-2.74,0,0,-42.71
56033,0,0,0,0,55,6,0,0,0,0.0,0.125,0.306,16,10,79.27,12.49,0,0,0,0,0,0,0,5.76,-0.4,2.408,0,-3.147,0,0,-4.46
56035,0,0,0,3,18,3,0,0,0,0.0,0.046,0.512,18,11,73.3,4.62,1,0,0,0,1,0,0,3.23,0,1.608,0,-5.733,0,0,-47.83
56037,0,0,0,5,24,6,0,0,0,0.0,1.054,0.325,16,10,81.0,10.7,0,0,0,0,0,0,0,-0.44,-0.4,1.567,0,-4.673,0,0,-54.14
56039,0,0,0,1,14,3,0,0,0,1.0,0.371,0.552,19,11,69.84,8.02,1,1,0,0,0,0,0,4.88,-0.2,1.015,0,-4.067,0,0,-17.72
56041,0,0,0,0,16,0,0,0,0,0.0,0.005,0.426,19,14,77.0,10.48,1,0,0,0,1,0,0,10.36,0,1.477,0,-5.187,0,0,-67.95
56043,0,0,0,1,21,8,0,0,0,0.0,0.43,0.163,16,10,83.32,11.45,1,0,1,0,0,0,0,13.35,0.4,1.993,0,-4.293,0,0,-21.26
56045,0,0,0,3,83,7,0,0,0,0.0,0.123,0.248,18,14,83.92,11.37,0,0,0,0,0,0,0,-13.38,-0.6,3.422,0,-4.04,0,0,-28.72
60010,0,0,0,0,0,0,0,0,0,0,0,,,,,,3,1,0,2,0,0,0,,0,,0,,0,0,
60020,0,0,0,0,0,0,0,0,0,0,0,,,,,,3,1,0,2,0,0,0,,0,,0,,0,0,
60030,0,0,0,0,0,0,0,0,0,0,0,,,,,,3,1,0,2,0,0,0,,0,,0,,0,0,
60040,0,0,0,0,0,0,0,0,0,0,0,,,,,,3,1,0,2,0,0,0,,0,,0,,0,0,
60050,0,0,0,0,0,0,0,0,0,0,0,,,,,,3,1,0,2,0,0,0,,0,,0,,0,0,
66010,0,0,0,0,0,0,0,0,0,0,0,,,,,,7,1,0,6,0,0,0,,0,,0,,0,0,
69010,0,0,0,0,0,0,0,0,0,0,0,,,,,,2,0,0,2,0,0,0,,0,,0,,0,0,
69085,0,0,0,0,0,0,0,0,0,0,0,,,,,,6,0,0,6,0,0,0,,0,,0,,0,0,
69100,0,0,0,0,0,0,0,0,0,0,0,,,,,,10,0,0,10,0,0,0,,0,,0,,0,0,
69110,0,0,0,0,0,0,0,0,0,0,0,,,,,,10,0,0,10,0,0,0,,0,,0,,0,0,
69120,0,0,0,0,0,0,0,0,0,0,0,,,,,,10,0,0,10,0,0,0,,0,,0,,0,0,
72001,0,0,0,0,0,0,0,0,0,0,0,,,,,,10,1,0,7,0,0,0,,0,,0,,0,0,
72003,0,0,0,0,0,0,0,0,0,0,0,,,,,,10,1,0,7,0,0,0,,0,,0,,0,0,
72005,0,0,0,0,0,0,0,0,0,0,0,,,,,,8,1,0,6,0,0,0,,0,,0,,0,0,
72007,0,0,0,0,0,0,0,0,0,0,0,,,,,,9,1,0,7,0,0,0,,0,,0,,0,0,
72009,0,0,0,0,0,0,0,0,0,0,0,,,,,,8,1,0,6,0,0,0,,0,,0,,0,0,
72011,0,0,0,0,0,0,0,0,0,0,0,,,,,,9,1,0,6,0,0,0,,0,,0,,0,0,
72013,0,0,0,0,0,0,0,0,0,0,0,,,,,,10,1,1,6,0,0,0,,0,,0,,0,0,
72015,0,0,0,0,0,0,0,0,0,0,0,,,,,,8,1,0,6,0,0,0,,0,,0,,0,0,
72017,0,0,0,0,0,0,0,0,0,0,0,,,,,,9,1,0,6,0,0,0,,0,,0,,0,0,
72019,0,0,0,0,0,0,0,0,0,0,0,,,,,,9,1,0,7,0,0,0,,0,,0,,0,0,
72021,0,0,0,0,0,0,0,0,0,0,0,,,,,,9,1,0,7,0,0,0,,0,,0,,0,0,
72023,0,0,0,0,0,0,0,0,0,0,0,,,,,,9,1,0,6,0,0,0,,0,,0,,0,0,
72025,0,0,0,0,0,0,0,0,0,0,0,,,,,,8,1,0,6,0,0,0,,0,,0,,0,0,
72027,0,0,0,0,0,0,0,0,0,0,0,,,,,,9,1,0,7,0,0,0,,0,,0,,0,0,
72029,0,0,0,0,0,0,0,0,0,0,0,,,,,,9,1,0,7,0,0,0,,0,,0,,0,0,
72031,0,0,0,0,0,0,0,0,0,0,0,,,,,,9,1,0,7,0,0,0,,0,,0,,0,0,
72033,0,0,0,0,0,0,0,0,0,0,0,,,,,,10,1,1,7,0,0,0,,0,,0,,0,0,
72035,0,0,0,0,0,0,0,0,0,0,0,,,,,,8,1,0,6,0,0,0,,0,,0,,0,0,
72037,0,0,0,0,0,0,0,0,0,0,0,,,,,,8,1,0,6,0,0,0,,0,,0,,0,0,
72039,0,0,0,0,0,0,0,0,0,0,0,,,,,,10,1,0,7,0,0,0,,0,,0,,0,0,
72041,0,0,0,0,0,0,0,0,0,0,0,,,,,,8,1,0,6,0,0,0,,0,,0,,0,0,
72043,0,0,0,0,0,0,0,0,0,0,0,,,,,,9,1,0,6,0,0,0,,0,,0,,0,0,
72045,0,0,0,0,0,0,0,0,0,0,0,,,,,,9,1,0,7,0,0,0,,0,,0,,0,0,
72047,0,0,0,0,0,0,0,0,0,0,0,,,,,,9,1,0,6,0,0,0,,0,,0,,0,0,
72049,0,0,0,0,0,0,0,0,0,0,0,,,,,,9,1,0,7,0,0,0,,0,,0,,0,0,
72051,0,0,0,0,0,0,0,0,0,0,0,,,,,,10,1,1,7,0,0,0,,0,,0,,0,0,
72053,0,0,0,0,0,0,0,0,0,0,0,,,,,,9,1,0,7,0,0,0,,0,,0,,0,0,
72054,0,0,0,0,0,0,0,0,0,0,0,,,,,,8,1,0,6,0,0,0,,0,,0,,0,0,
72055,0,0,0,0,0,0,0,0,0,0,0,,,,,,9,1,0,6,0,0,0,,0,,0,,0,0,
72057,0,0,0,0,0,0,0,0,0,0,0,,,,,,8,1,0,6,0,0,0,,0,,0,,0,0,
72059,0,0,0,0,0,0,0,0,0,0,0,,,,,,9,1,0,6,0,0,0,,0,,0,,0,0,
72061,0,0,0,0,0,0,0,0,0,0,0,,,,,,9,1,0,7,0,0,0,,0,,0,,0,0,
72063,0,0,0,0,0,0,0,0,0,0,0,,,,,,9,1,0,7,0,0,0,,0,,0,,0,0,
72065,0,0,0,0,0,0,0,0,0,0,0,,,,,,9,1,0,7,0,0,0,,0,,0,,0,0,
72067,0,0,0,0,0,0,0,0,0,0,0,,,,,,10,1,0,7,0,0,0,,0,,0,,0,0,
72069,0,0,0,0,0,0,0,0,0,0,0,,,,,,8,1,0,6,0,0,0,,0,,0,,0,0,
72071,0,0,0,0,0,0,0,0,0,0,0,,,,,,8,1,0,6,0,0,0,,0,,0,,0,0,
72073,0,0,0,0,0,0,0,0,0,0,0,,,,,,10,1,0,7,0,0,0,,0,,0,,0,0,
72075,0,0,0,0,0,0,0,0,0,0,0,,,,,,9,1,0,6,0,0,0,,0,,0,,0,0,
72077,0,0,0,0,0,0,0,0,0,0,0,,,,,,9,1,0,7,0,0,0,,0,,0,,0,0,
72079,0,0,0,0,0,0,0,0,0,0,0,,,,,,9,1,0,6,0,0,0,,0,,0,,0,0,
72081,0,0,0,0,0,0,0,0,0,0,0,,,,,,9,1,0,6,0,0,0,,0,,0,,0,0,
72083,0,0,0,0,0,0,0,0,0,0,0,,,,,,9,1,0,6,0,0,0,,0,,0,,0,0,
72085,0,0,0,0,0,0,0,0,0,0,0,,,,,,9,1,0,7,0,0,0,,0,,0,,0,0,
72087,0,0,0,0,0,0,0,0,0,0,0,,,,,,9,1,0,7,0,0,0,,0,,0,,0,0,
72089,0,0,0,0,0,0,0,0,0,0,0,,,,,,9,1,0,7,0,0,0,,0,,0,,0,0,
72091,0,0,0,0,0,0,0,0,0,0,0,,,,,,8,1,0,6,0,0,0,,0,,0,,0,0,
72093,0,0,0,0,0,0,0,0,0,0,0,,,,,,9,1,0,6,0,0,0,,0,,0,,0,0,
72095,0,0,0,0,0,0,0,0,0,0,0,,,,,,8,1,0,6,0,0,0,,0,,0,,0,0,
72097,0,0,0,0,0,0,0,0,0,0,0,,,,,,10,1,0,7,0,0,0,,0,,0,,0,0,
72099,0,0,0,0,0,0,0,0,0,0,0,,,,,,9,1,0,6,0,0,0,,0,,0,,0,0,
72101,0,0,0,0,0,0,0,0,0,0,0,,,,,,9,1,0,6,0,0,0,,0,,0,,0,0,
72103,0,0,0,0,0,0,0,0,0,0,0,,,,,,9,1,0,7,0,0,0,,0,,0,,0,0,
72105,0,0,0,0,0,0,0,0,0,0,0,,,,,,9,1,0,6,0,0,0,,0,,0,,0,0,
72107,0,0,0,0,0,0,0,0,0,0,0,,,,,,10,1,0,7,0,0,0,,0,,0,,0,0,
72109,0,0,0,0,0,0,0,0,0,0,0,,,,,,9,1,0,7,0,0,0,,0,,0,,0,0,
72111,0,0,0,0,0,0,0,0,0,0,0,,,,,,9,1,0,6,0,0,0,,0,,0,,0,0,
72113,0,0,0,0,0,0,0,0,0,0,0,,,,,,9,1,0,6,0,0,0,,0,,0,,0,0,
72115,0,0,0,0,0,0,0,0,0,0,0,,,,,,9,1,0,7,0,0,0,,0,,0,,0,0,
72117,0,0,0,0,0,0,0,0,0,0,0,,,,,,10,1,0,7,0,0,0,,0,,0,,0,0,
72119,0,0,0,0,0,0,0,0,0,0,0,,,,,,8,1,0,6,0,0,0,,0,,0,,0,0,
72121,0,0,0,0,0,0,0,0,0,0,0,,,,,,9,1,0,6,0,0,0,,0,,0,,0,0,
72123,0,0,0,0,0,0,0,0,0,0,0,,,,,,10,1,0,7,0,0,0,,0,,0,,0,0,
72125,0,0,0,0,0,0,0,0,0,0,0,,,,,,9,1,0,6,0,0,0,,0,,0,,0,0,
72127,0,0,0,0,0,0,0,0,0,0,0,,,,,,9,1,0,7,0,0,0,,0,,0,,0,0,
72129,0,0,0,0,0,0,0,0,0,0,0,,,,,,8,1,0,6,0,0,0,,0,,0,,0,0,
72131,0,0,0,0,0,0,0,0,0,0,0,,,,,,9,1,0,6,0,0,0,,0,,0,,0,0,
72133,0,0,0,0,0,0,0,0,0,0,0,,,,,,9,1,0,6,0,0,0,,0,,0,,0,0,
72135,0,0,0,0,0,0,0,0,0,0,0,,,,,,9,1,0,7,0,0,0,,0,,0,,0,0,
72137,0,0,0,0,0,0,0,0,0,0,0,,,,,,11,1,1,8,0,0,0,,0,,0,,0,0,
72139,0,0,0,0,0,0,0,0,0,0,0,,,,,,9,1,0,7,0,0,0,,0,,0,,0,0,
72141,0,0,0,0,0,0,0,0,0,0,0,,,,,,11,1,0,8,0,0,0,,0,,0,,0,0,
72143,0,0,0,0,0,0,0,0,0,0,0,,,,,,10,1,1,7,0,0,0,,0,,0,,0,0,
72145,0,0,0,0,0,0,0,0,0,0,0,,,,,,11,1,1,8,0,0,0,,0,,0,,0,0,
72147,0,0,0,0,0,0,0,0,0,0,0,,,,,,10,1,0,8,0,0,0,,0,,0,,0,0,
72149,0,0,0,0,0,0,0,0,0,0,0,,,,,,10,1,0,7,0,0,0,,0,,0,,0,0,
72151,0,0,0,0,0,0,0,0,0,0,0,,,,,,9,1,0,7,0,0,0,,0,,0,,0,0,
72153,0,0,0,0,0,0,0,0,0,0,0,,,,,,11,1,0,8,0,0,0,,0,,0,,0,0,
78010,0,0,0,0,0,0,0,0,0,0,0,,,,,,8,0,0,6,0,0,0,,0,,0,,0,0,
78020,0,0,0,0,0,0,0,0,0,0,0,,,,,,6,0,0,6,0,0,0,,0,,0,,0,0,
78030,0,0,0,0,0,0,0,0,0,0,0,,,,,,6,0,0,6,0,0,0,,0,,0,,0,0,
96010,0,0,0,1,1,5,0,0,0,0.0,0.501,,,,,,0,0,0,0,0,0,0,,0.4,,0,,0,0,
96020,0,0,0,0,0,3,0,0,0,0.0,0.0,,,,,,0,0,0,0,0,0,0,,-0.4,,0,,0,0,
96030,0,0,0,0,0,6,0,0,0,0.0,0.0,,,,,,0,0,0,0,0,0,0,,0.6,,0,,0,0,
97002,0,0,0,0,2,44,0,0,0,0.0,15.539,,,,,,0,0,0,0,0,0,0,,-1.6,,0,,0,0,
97003,0,0,0,0,0,2,0,0,0,0.0,0.265,,,,,,0,0,0,0,0,0,0,,-0.4,,0,,0,0,
98002,0,0,0,0,2,0,0,0,0,1.0,0.01,,,,,,0,0,0,0,0,0,0,,0,,0,,0,0,
98006,0,0,0,0,1,7,0,0,0,1.0,0.193,,,,,,0,0,0,0,0,0,0,,1.0,,0,,0,0,
99001,0,0,0,0,4,8,0,0,0,0.0,750.835,,,,,,0,0,0,0,0,0,0,,2.8,,0,,0,0,
99003,0,0,0,1,5,16,0,0,0,2.0,750.013,,,,,,0,0,0,0,0,0,0,,1.8,,0,,0,0,
99005,0,0,0,1,4,11,0,0,0,0.0,750.085,,,,,,0,0,0,0,0,0,0,,-0.4,,0,,0,0,
99007,0,0,0,0,0,3,0,0,0,0.0,750.178,,,,,,0,0,0,0,0,0,0,,0.8,,0,,0,0,
99009,0,0,0,0,0,3,0,0,0,0.0,750.017,,,,,,0,0,0,0,0,0,0,,0.8,,0,,0,0,
99011,0,0,0,0,1,3,0,0,0,4.0,750.0,,,,,,0,0,0,0,0,0,0,,0.6,,0,,0,0,
99013,0,0,0,1,1,9,0,0,0,2.0,750.255,,,,,,0,0,0,0,0,0,0,,1.2,,0,,0,0,
99015,0,0,0,0,1,7,0,0,0,0.0,750.0,,,,,,0,0,0,0,0,0,0,,-0.8,,0,,0,0,
99017,0,0,0,0,0,4,0,0,0,0.0,750.251,,,,,,0,0,0,0,0,0,0,,0.8,,0,,0,0,
99019,0,0,0,0,2,3,0,0,0,0.0,750.301,,,,,,0,0,0,0,0,0,0,,0.8,,0,,0,0,
99021,0,0,0,1,5,18,0,0,0,0.0,750.361,,,,,,0,0,0,0,0,0,0,,-0.8,,0,,0,0,
99023,0,0,0,0,2,6,0,0,0,0.0,751.004,,,,,,0,0,0,0,0,0,0,,2.4,,0,,0,0,
99025,0,0,0,0,2,19,0,0,0,0.0,752.39,,,,,,0,0,0,0,0,0,0,,0.6,,0,,0,0,
99027,0,0,0,0,1,4,0,0,0,0.0,750.255,,,,,,0,0,0,0,0,0,0,,1.8,,0,,0,0,
99029,0,0,0,0,0,6,0,0,0,0.0,750.503,,,,,,0,0,0,0,0,0,0,,2.4,,0,,0,0,
99031,0,0,0,0,3,24,0,0,0,0.0,750.334,,,,,,0,0,0,0,0,0,0,,0.6,,0,,0,0,
99033,0,0,0,0,0,8,0,0,0,0.0,750.25,,,,,,0,0,0,0,0,0,0,,1.6,,0,,0,0,
99035,0,0,0,0,0,3,0,0,0,0.0,750.017,,,,,,0,0,0,0,0,0,0,,1.6,,0,,0,0,
99037,0,0,0,0,0,10,0,0,0,0.0,750.254,,,,,,0,0,0,0,0,0,0,,1.2,,0,,0,0,
99039,0,0,0,0,3,5,0,0,0,0.0,1.015,,,,,,0,0,0,0,0,0,0,,-0.6,,0,,0,0,
99041,0,0,0,0,0,6,0,0,0,0.0,0.515,,,,,,0,0,0,0,0,0,0,,1.6,,0,,0,0,
99043,0,0,0,0,2,9,0,0,0,0.0,0.505,,,,,,0,0,0,0,0,0,0,,2.4,,0,,0,0,
99045,0,0,0,0,0,5,0,0,0,1.0,250.511,,,,,,0,0,0,0,0,0,0,,0.8,,0,,0,0,
99047,0,0,0,0,2,6,0,0,0,0.0,1.004,,,,,,0,0,0,0,0,0,0,,-0.8,,0,,0,0,
99049,0,0,0,0,0,2,0,0,0,0.0,0.516,,,,,,0,0,0,0,0,0,0,,1.0,,0,,0,0,
99051,0,0,0,0,0,8,0,0,0,0.0,1.04,,,,,,0,0,0,0,0,0,0,,3.2,,0,,0,0,
99053,0,0,0,0,0,19,0,0,0,0.0,1.051,,,,,,0,0,0,0,0,0,0,,1.4,,0,,0,0,
99054,0,0,0,0,1,3,0,0,0,0.0,1.003,,,,,,0,0,0,0,0,0,0,,1.0,,0,,0,0,
99055,0,0,0,0,0,4,0,0,0,0.0,0.5,,,,,,0,0,0,0,0,0,0,,0.6,,0,,0,0,
99057,0,0,0,0,1,6,0,0,0,0.0,0.505,,,,,,0,0,0,0,0,0,0,,2.2,,0,,0,0,
99059,0,0,0,0,0,4,0,0,0,0.0,0.5,,,,,,0,0,0,0,0,0,0,,1.0,,0,,0,0,
99061,0,0,0,0,4,29,0,0,0,0.0,1.285,,,,,,0,0,0,0,0,0,0,,3.0,,0,,0,0,
99063,0,0,0,0,0,6,0,0,0,0.0,1.004,,,,,,0,0,0,0,0,0,0,,-0.4,,0,,0,0,
99065,0,0,0,0,1,9,0,0,0,0.0,2.001,,,,,,0,0,0,0,0,0,0,,0.6,,0,,0,0,
99067,0,0,0,0,0,11,0,0,0,0.0,2.507,,,,,,0,0,0,0,0,0,0,,1.2,,0,,0,0,
99069,0,0,0,0,2,12,0,0,0,0.0,1.013,,,,,,0,0,0,0,0,0,0,,-0.8,,0,,0,0,
99071,0,0,0,0,1,9,0,0,0,0.0,0.513,,,,,,0,0,0,0,0,0,0,,0.0,,0,,0,0,
99073,0,0,0,0,1,5,0,0,0,0.0,1.001,,,,,,0,0,0,0,0,0,0,,0.6,,0,,0,0,
99075,0,0,0,0,2,2,0,0,0,1.0,0.513,,,,,,0,0,0,0,0,0,0,,-0.2,,0,,0,0,
99077,0,0,0,0,0,4,0,0,0,1.0,0.015,,,,,,0,0,0,0,0,0,0,,0.4,,0,,0,0,
99079,0,0,0,1,1,5,0,0,0,0.0,0.103,,,,,,0,0,0,0,0,0,0,,1.6,,0,,0,0,
99081,0,0,0,0,4,6,0,0,0,0.0,0.004,,,,,,0,0,0,0,0,0,0,,-0.8,,0,,0,0,
99083,0,0,0,0,2,0,0,0,0,0.0,0.005,,,,,,0,0,0,0,0,0,0,,0,,0,,0,0,
99085,0,0,0,1,0,9,0,0,0,0.0,0.043,,,,,,0,0,0,0,0,0,0,,-0.2,,0,,0,0,
99087,0,0,0,0,1,4,0,0,0,0.0,0.001,,,,,,0,0,0,0,0,0,0,,0.4,,0,,0,0,
99089,0,0,0,0,0,10,0,0,0,0.0,0.014,,,,,,0,0,0,0,0,0,0,,0.4,,0,,0,0,
99091,0,0,0,1,1,6,0,0,0,0.0,0.054,,,,,,0,0,0,0,0,0,0,,4.4,,0,,0,0,
99095,0,0,0,0,1,6,0,0,0,0.0,2.009,,,,,,0,0,0,0,0,0,0,,2.6,,0,,0,0,
99097,0,0,0,0,5,13,0,0,0,0.0,7.005,,,,,,0,0,0,0,0,0,0,,2.2,,0,,0,0,
99099,0,0,0,0,4,7,0,0,0,0.0,0.013,,,,,,0,0,0,0,0,0,0,,-0.8,,0,,0,0,
99101,0,0,0,0,2,4,0,0,0,0.0,0.013,,,,,,0,0,0,0,0,0,0,,1.4,,0,,0,0,
99103,0,0,0,0,1,48,0,0,0,0.0,0.045,,,,,,0,0,0,0,0,0,0,,5.8,,0,,0,0,
99105,0,0,0,0,2,5,0,0,0,0.0,0.072,,,,,,0,0,0,0,0,0,0,,1.0,,0,,0,0,
99107,0,0,0,0,1,1,0,0,0,0.0,0.003,,,,,,0,0,0,0,0,0,0,,0.8,,0,,0,0,
99109,0,0,0,0,1,12,0,0,0,0.0,0.109,,,,,,0,0,0,0,0,0,0,,3.0,,0,,0,0,
99111,0,0,0,0,1,3,0,0,0,0.0,0.004,,,,,,0,0,0,0,0,0,0,,0.6,,0,,0,0,
99113,0,0,0,0,4,19,0,0,0,1.0,501.092,,,,,,0,0,0,0,0,0,0,,0.0,,0,,0,0,
99115,0,0,0,0,1,0,0,0,0,0.0,0.002,,,,,,0,0,0,0,0,0,0,,1.0,,0,,0,0,
99117,0,0,0,0,1,6,0,0,0,1.0,1.018,,,,,,0,0,0,0,0,0,0,,-1.0,,0,,0,0,
99119,0,0,0,0,0,13,0,0,0,0.0,0.018,,,,,,0,0,0,0,0,0,0,,1.8,,0,,0,0,
99121,0,0,0,0,0,1,0,0,0,0.0,0.0,,,,,,0,0,0,0,0,0,0,,3.0,,0,,0,0,
99123,0,0,0,0,0,10,0,0,0,2.0,3.24,,,,,,0,0,0,0,0,0,0,,2.0,,0,,0,0,
99125,0,0,0,0,1,8,0,0,0,0.0,0.006,,,,,,0,0,0,0,0,0,0,,1.6,,0,,0,0,
99127,0,0,0,0,7,70,0,0,0,0.0,0.223,,,,,,0,0,0,0,0,0,0,,7.0,,0,,0,0,
99129,0,0,0,0,0,8,0,0,0,0.0,0.074,,,,,,0,0,0,0,0,0,0,,-0.4,,0,,0,0,
99131,0,0,0,0,7,17,0,0,0,2.0,0.016,,,,,,0,0,0,0,0,0,0,,0.6,,0,,0,0,
99133,0,0,0,0,0,5,0,0,0,0.0,0.0,,,,,,0,0,0,0,0,0,0,,-0.6,,0,,0,0,
99135,0,0,0,0,2,2,0,0,0,0.0,0.012,,,,,,0,0,0,0,0,0,0,,0.8,,0,,0,0,
99137,0,0,0,0,3,10,0,0,0,10.0,2500.102,,,,,,0,0,0,0,0,0,0,,1.4,,0,,0,0,
99139,0,0,0,1,1,8,0,0,0,0.0,0.002,,,,,,0,0,0,0,0,0,0,,1.4,,0,,0,0,
99141,0,0,0,0,6,15,0,0,0,3.0,750.29,,,,,,0,0,0,0,0,0,0,,-0.8,,0,,0,0,
99143,0,0,0,0,2,15,0,0,0,1.0,750.039,,,,,,0,0,0,0,0,0,0,,3.4,,0,,0,0,
99145,0,0,0,0,1,9,0,0,0,0.0,0.104,,,,,,0,0,0,0,0,0,0,,2.0,,0,,0,0,
99147,0,0,0,0,0,1,0,0,0,0.0,0.0,,,,,,0,0,0,0,0,0,0,,-0.2,,0,,0,0,
99149,0,0,0,0,2,1,0,0,0,0.0,0.012,,,,,,0,0,0,0,0,0,0,,0,,0,,0,0,
99151,0,0,0,0,0,7,0,0,0,0.0,0.036,,,,,,0,0,0,0,0,0,0,,1.6,,0,,0,0,
99153,0,0,0,0,1,6,0,0,0,0.0,0.001,,,,,,0,0,0,0,0,0,0,,2.4,,0,,0,0,
